ISO-10303-21;
HEADER;
FILE_DESCRIPTION (( 'STEP AP214' ),
    '1' );
FILE_NAME ('esp32-canboard-case-top.STEP',
    '2026-06-04T12:06:48',
    ( '' ),
    ( '' ),
    'SwSTEP 2.0',
    'SolidWorks 2020',
    '' );
FILE_SCHEMA (( 'AUTOMOTIVE_DESIGN' ));
ENDSEC;

DATA;
#1 = AXIS2_PLACEMENT_3D ( 'NONE', #844, #1478, #3371 ) ;
#2 = AXIS2_PLACEMENT_3D ( 'NONE', #2044, #2079, #3302 ) ;
#3 = VERTEX_POINT ( 'NONE', #3136 ) ;
#4 = ORIENTED_EDGE ( 'NONE', *, *, #2202, .T. ) ;
#5 = AXIS2_PLACEMENT_3D ( 'NONE', #3517, #3245, #59 ) ;
#6 = DIRECTION ( 'NONE',  ( 0.000000000000000000, 1.095474339541231642E-16, -1.000000000000000000 ) ) ;
#7 = ORIENTED_EDGE ( 'NONE', *, *, #1166, .T. ) ;
#8 = CIRCLE ( 'NONE', #1654, 5.535533905932747523 ) ;
#9 = CARTESIAN_POINT ( 'NONE',  ( 75.44999986500000944, -150.6699994899999808, 30.00000000000000355 ) ) ;
#10 = DIRECTION ( 'NONE',  ( -0.000000000000000000, -0.000000000000000000, -1.000000000000000000 ) ) ;
#11 = ORIENTED_EDGE ( 'NONE', *, *, #1759, .F. ) ;
#12 = DIRECTION ( 'NONE',  ( 1.000000000000000000, 0.000000000000000000, 0.000000000000000000 ) ) ;
#13 = EDGE_CURVE ( 'NONE', #917, #2852, #3983, .T. ) ;
#14 = EDGE_CURVE ( 'NONE', #702, #560, #626, .T. ) ;
#15 = DIRECTION ( 'NONE',  ( -0.000000000000000000, -0.000000000000000000, 1.000000000000000000 ) ) ;
#16 = CARTESIAN_POINT ( 'NONE',  ( 62.90000000000001279, -149.3699994899999979, 31.50000000000000000 ) ) ;
#17 = LINE ( 'NONE', #1622, #3992 ) ;
#18 = DIRECTION ( 'NONE',  ( 0.000000000000000000, 1.095474339541231642E-16, -1.000000000000000000 ) ) ;
#19 = ORIENTED_EDGE ( 'NONE', *, *, #2636, .T. ) ;
#20 = ORIENTED_EDGE ( 'NONE', *, *, #2283, .T. ) ;
#21 = PLANE ( 'NONE',  #230 ) ;
#22 = ORIENTED_EDGE ( 'NONE', *, *, #3780, .T. ) ;
#23 = ORIENTED_EDGE ( 'NONE', *, *, #1938, .T. ) ;
#24 = ADVANCED_FACE ( 'NONE', ( #3790 ), #1295, .F. ) ;
#25 = VERTEX_POINT ( 'NONE', #3115 ) ;
#26 = VECTOR ( 'NONE', #3579, 1000.000000000000000 ) ;
#27 = EDGE_CURVE ( 'NONE', #1713, #829, #2554, .T. ) ;
#28 = DIRECTION ( 'NONE',  ( -1.000000000000000000, 0.000000000000000000, 0.000000000000000000 ) ) ;
#29 = DIRECTION ( 'NONE',  ( -0.000000000000000000, -0.000000000000000000, 1.000000000000000000 ) ) ;
#30 = ORIENTED_EDGE ( 'NONE', *, *, #3876, .F. ) ;
#31 = EDGE_CURVE ( 'NONE', #3337, #1279, #3446, .T. ) ;
#32 = LINE ( 'NONE', #4056, #333 ) ;
#33 = CIRCLE ( 'NONE', #2066, 4.500000000000003553 ) ;
#34 = DIRECTION ( 'NONE',  ( 0.000000000000000000, 1.095474339541231642E-16, -1.000000000000000000 ) ) ;
#35 = CARTESIAN_POINT ( 'NONE',  ( 124.6000000000000227, -143.0304958780635900, 31.50000000000000000 ) ) ;
#36 = AXIS2_PLACEMENT_3D ( 'NONE', #1360, #2011, #2350 ) ;
#37 = CARTESIAN_POINT ( 'NONE',  ( 60.89999999999999858, -73.58269832014261169, 33.50000000000000000 ) ) ;
#38 = PLANE ( 'NONE',  #1584 ) ;
#39 = EDGE_LOOP ( 'NONE', ( #2769, #708 ) ) ;
#40 = EDGE_LOOP ( 'NONE', ( #3060, #1285, #355, #2381 ) ) ;
#41 = ORIENTED_EDGE ( 'NONE', *, *, #1115, .F. ) ;
#42 = AXIS2_PLACEMENT_3D ( 'NONE', #2856, #1291, #620 ) ;
#43 = DIRECTION ( 'NONE',  ( 0.000000000000000000, 0.000000000000000000, -1.000000000000000000 ) ) ;
#44 = ORIENTED_EDGE ( 'NONE', *, *, #2321, .F. ) ;
#45 = ORIENTED_EDGE ( 'NONE', *, *, #1920, .F. ) ;
#46 = CIRCLE ( 'NONE', #251, 4.546349178010951064 ) ;
#47 = EDGE_CURVE ( 'NONE', #2819, #2502, #3646, .T. ) ;
#48 = PLANE ( 'NONE',  #3063 ) ;
#49 = CARTESIAN_POINT ( 'NONE',  ( 122.6000000000000085, -143.0304958780635900, 31.50000000000000000 ) ) ;
#50 = VERTEX_POINT ( 'NONE', #907 ) ;
#51 = EDGE_CURVE ( 'NONE', #3285, #546, #312, .T. ) ;
#52 = CIRCLE ( 'NONE', #3941, 0.2000000000000057288 ) ;
#53 = CARTESIAN_POINT ( 'NONE',  ( 75.24999986500000659, -149.3699994899999979, 13.50000000000000178 ) ) ;
#54 = VECTOR ( 'NONE', #2748, 1000.000000000000000 ) ;
#55 = VECTOR ( 'NONE', #3953, 1000.000000000000000 ) ;
#56 = DIRECTION ( 'NONE',  ( 1.000000000000000000, 0.000000000000000000, 0.000000000000000000 ) ) ;
#57 = LINE ( 'NONE', #3185, #3211 ) ;
#58 = CARTESIAN_POINT ( 'NONE',  ( 58.89999999999999147, -127.8647739931597584, 26.53843854569053207 ) ) ;
#59 = DIRECTION ( 'NONE',  ( 1.000000000000000000, 0.000000000000000000, 0.000000000000000000 ) ) ;
#60 = ORIENTED_EDGE ( 'NONE', *, *, #575, .F. ) ;
#61 = ORIENTED_EDGE ( 'NONE', *, *, #268, .T. ) ;
#62 = DIRECTION ( 'NONE',  ( 0.000000000000000000, 0.000000000000000000, -1.000000000000000000 ) ) ;
#63 = VECTOR ( 'NONE', #80, 1000.000000000000000 ) ;
#64 = CARTESIAN_POINT ( 'NONE',  ( 124.5999999999999943, -62.67999999999999972, 33.50000000000000000 ) ) ;
#65 = PLANE ( 'NONE',  #2070 ) ;
#66 = VERTEX_POINT ( 'NONE', #1935 ) ;
#67 = EDGE_CURVE ( 'NONE', #3334, #3081, #3154, .T. ) ;
#68 = CARTESIAN_POINT ( 'NONE',  ( 105.6499998649999981, -151.0699994899999865, 13.50000000000000178 ) ) ;
#69 = CARTESIAN_POINT ( 'NONE',  ( 123.1000000000000085, -149.3699994899999979, 13.50000000000000178 ) ) ;
#70 = EDGE_LOOP ( 'NONE', ( #3945, #2881, #369, #527 ) ) ;
#71 = AXIS2_PLACEMENT_3D ( 'NONE', #309, #18, #2489 ) ;
#72 = DIRECTION ( 'NONE',  ( 0.000000000000000000, 1.000000000000000000, -0.000000000000000000 ) ) ;
#73 = VECTOR ( 'NONE', #3164, 1000.000000000000000 ) ;
#74 = CARTESIAN_POINT ( 'NONE',  ( 116.0999999999999801, -65.18000000000000682, 17.57687709138107479 ) ) ;
#75 = DIRECTION ( 'NONE',  ( 0.000000000000000000, 0.000000000000000000, 1.000000000000000000 ) ) ;
#76 = DIRECTION ( 'NONE',  ( 0.000000000000000000, 0.000000000000000000, 1.000000000000000000 ) ) ;
#77 = CARTESIAN_POINT ( 'NONE',  ( 72.35032790664052982, -149.3699994899999979, 26.50000000000000000 ) ) ;
#78 = EDGE_LOOP ( 'NONE', ( #1971, #2952, #3819, #2114 ) ) ;
#79 = ORIENTED_EDGE ( 'NONE', *, *, #640, .T. ) ;
#80 = DIRECTION ( 'NONE',  ( 0.000000000000000000, 0.000000000000000000, -1.000000000000000000 ) ) ;
#81 = CIRCLE ( 'NONE', #1463, 0.2000000000000057288 ) ;
#82 = ADVANCED_FACE ( 'NONE', ( #2845 ), #21, .T. ) ;
#83 = DIRECTION ( 'NONE',  ( 0.000000000000000000, 0.000000000000000000, 1.000000000000000000 ) ) ;
#84 = DIRECTION ( 'NONE',  ( 0.000000000000000000, 0.000000000000000000, 1.000000000000000000 ) ) ;
#85 = CARTESIAN_POINT ( 'NONE',  ( 122.6000000000000085, -140.1369651163407468, 31.26590779360749650 ) ) ;
#86 = ADVANCED_FACE ( 'NONE', ( #704 ), #3871, .F. ) ;
#87 = ORIENTED_EDGE ( 'NONE', *, *, #3507, .F. ) ;
#88 = ORIENTED_EDGE ( 'NONE', *, *, #1529, .F. ) ;
#89 = CARTESIAN_POINT ( 'NONE',  ( 60.90000000000001279, -143.0304958780635900, 13.50000000000000178 ) ) ;
#90 = LINE ( 'NONE', #2229, #3695 ) ;
#91 = ORIENTED_EDGE ( 'NONE', *, *, #518, .F. ) ;
#92 = AXIS2_PLACEMENT_3D ( 'NONE', #1794, #809, #3033 ) ;
#93 = MANIFOLD_SOLID_BREP ( 'Cut-Extrude9', #949 ) ;
#94 = CARTESIAN_POINT ( 'NONE',  ( 119.0727922061357731, -70.62938629089667586, 17.57687709138106769 ) ) ;
#95 = DIRECTION ( 'NONE',  ( 1.000000000000000000, 0.000000000000000000, 0.000000000000000000 ) ) ;
#96 = CARTESIAN_POINT ( 'NONE',  ( 124.6000000000000227, -129.3813461816501444, 25.23459469112148668 ) ) ;
#97 = FILL_AREA_STYLE_COLOUR ( '', #2668 ) ;
#98 = CYLINDRICAL_SURFACE ( 'NONE', #5, 2.000000000000001776 ) ;
#99 = EDGE_LOOP ( 'NONE', ( #2009, #773, #2227, #2454 ) ) ;
#100 = AXIS2_PLACEMENT_3D ( 'NONE', #3327, #533, #2771 ) ;
#101 = ORIENTED_EDGE ( 'NONE', *, *, #661, .F. ) ;
#102 = FACE_OUTER_BOUND ( 'NONE', #1860, .T. ) ;
#103 = AXIS2_PLACEMENT_3D ( 'NONE', #169, #106, #435 ) ;
#104 = CIRCLE ( 'NONE', #1221, 2.000000000000001776 ) ;
#105 = DIRECTION ( 'NONE',  ( 0.000000000000000000, 0.000000000000000000, 1.000000000000000000 ) ) ;
#106 = DIRECTION ( 'NONE',  ( 0.000000000000000000, -0.000000000000000000, 1.000000000000000000 ) ) ;
#107 = CARTESIAN_POINT ( 'NONE',  ( 63.39999999999999858, -65.18000000000000682, 14.57687709138107479 ) ) ;
#108 = ADVANCED_FACE ( 'NONE', ( #1648 ), #741, .T. ) ;
#109 = VERTEX_POINT ( 'NONE', #2259 ) ;
#110 = AXIS2_PLACEMENT_3D ( 'NONE', #2255, #365, #2171 ) ;
#111 = CARTESIAN_POINT ( 'NONE',  ( 108.1499998649999839, -152.7699994900000036, 30.00000000000000355 ) ) ;
#112 = CARTESIAN_POINT ( 'NONE',  ( 75.44999986500000944, -150.6699994899999808, 30.00000000000000355 ) ) ;
#113 = ORIENTED_EDGE ( 'NONE', *, *, #549, .F. ) ;
#114 = DIRECTION ( 'NONE',  ( 0.000000000000000000, 0.000000000000000000, -1.000000000000000000 ) ) ;
#115 = ADVANCED_FACE ( 'NONE', ( #2947 ), #762, .T. ) ;
#116 = CARTESIAN_POINT ( 'NONE',  ( 118.0999999999999801, -65.18000000000000682, 14.57687709138107479 ) ) ;
#117 = CARTESIAN_POINT ( 'NONE',  ( 62.90000000000001279, -149.5699994899999865, 31.50000000000000000 ) ) ;
#118 = SURFACE_STYLE_USAGE ( .BOTH. , #1685 ) ;
#119 = CARTESIAN_POINT ( 'NONE',  ( 124.6000000000000085, -112.6990521082558985, 17.57687709138106058 ) ) ;
#120 = ORIENTED_EDGE ( 'NONE', *, *, #245, .T. ) ;
#121 = ORIENTED_EDGE ( 'NONE', *, *, #2332, .F. ) ;
#122 = AXIS2_PLACEMENT_3D ( 'NONE', #2885, #123, #1338 ) ;
#123 = DIRECTION ( 'NONE',  ( 0.000000000000000000, -1.000000000000000000, 0.000000000000000000 ) ) ;
#124 = CARTESIAN_POINT ( 'NONE',  ( 60.89999999999999858, -62.67999999999999972, 13.50000000000000178 ) ) ;
#125 = CARTESIAN_POINT ( 'NONE',  ( 112.6506137091033111, -64.20720779386421384, 17.57687709138106769 ) ) ;
#126 = ORIENTED_EDGE ( 'NONE', *, *, #568, .F. ) ;
#127 = ORIENTED_EDGE ( 'NONE', *, *, #2182, .F. ) ;
#128 = ORIENTED_EDGE ( 'NONE', *, *, #1177, .T. ) ;
#129 = EDGE_CURVE ( 'NONE', #50, #1566, #2594, .T. ) ;
#130 = EDGE_CURVE ( 'NONE', #1426, #1609, #3412, .T. ) ;
#131 = DIRECTION ( 'NONE',  ( 1.000000000000000000, 0.000000000000000000, -0.000000000000000000 ) ) ;
#132 = DIRECTION ( 'NONE',  ( -1.000000000000000000, -0.000000000000000000, -0.000000000000000000 ) ) ;
#133 = ORIENTED_EDGE ( 'NONE', *, *, #756, .F. ) ;
#134 = VECTOR ( 'NONE', #282, 1000.000000000000000 ) ;
#135 = EDGE_CURVE ( 'NONE', #2311, #3417, #142, .T. ) ;
#136 = DIRECTION ( 'NONE',  ( -0.000000000000000000, 0.000000000000000000, 1.000000000000000000 ) ) ;
#137 = CIRCLE ( 'NONE', #1322, 4.000000000000003553 ) ;
#138 = CARTESIAN_POINT ( 'NONE',  ( 120.5999999999999943, -151.5699994899999865, 31.50000000000000000 ) ) ;
#139 = CARTESIAN_POINT ( 'NONE',  ( 120.5999999999999943, -149.5699994899999865, 31.50000000000000000 ) ) ;
#140 = CARTESIAN_POINT ( 'NONE',  ( 122.5999999999999801, -73.58269832014262590, 33.50000000000000711 ) ) ;
#141 = ORIENTED_EDGE ( 'NONE', *, *, #2339, .F. ) ;
#142 = LINE ( 'NONE', #3836, #3282 ) ;
#143 = EDGE_CURVE ( 'NONE', #1114, #2045, #1837, .T. ) ;
#144 = EDGE_CURVE ( 'NONE', #1906, #868, #3209, .T. ) ;
#145 = VECTOR ( 'NONE', #864, 1000.000000000000000 ) ;
#146 = CARTESIAN_POINT ( 'NONE',  ( 75.64999986500001228, -151.4699994900000206, 30.00000000000000355 ) ) ;
#147 = CIRCLE ( 'NONE', #1054, 3.000000000000002665 ) ;
#148 = CARTESIAN_POINT ( 'NONE',  ( 105.8499998650000009, -150.8699994899999979, 22.36000001000000381 ) ) ;
#149 = DIRECTION ( 'NONE',  ( 0.000000000000000000, -1.000000000000000000, 0.000000000000000000 ) ) ;
#150 = ORIENTED_EDGE ( 'NONE', *, *, #2137, .T. ) ;
#151 = ADVANCED_FACE ( 'NONE', ( #785 ), #2032, .F. ) ;
#152 = CIRCLE ( 'NONE', #2773, 4.000000000000003553 ) ;
#153 = ORIENTED_EDGE ( 'NONE', *, *, #2327, .T. ) ;
#154 = AXIS2_PLACEMENT_3D ( 'NONE', #2872, #381, #2649 ) ;
#155 = EDGE_CURVE ( 'NONE', #1275, #917, #3230, .T. ) ;
#156 = EDGE_CURVE ( 'NONE', #227, #4079, #1337, .T. ) ;
#157 = ORIENTED_EDGE ( 'NONE', *, *, #450, .T. ) ;
#158 = CARTESIAN_POINT ( 'NONE',  ( 64.02822021129188101, -149.3699994899999979, 7.843145750507614089 ) ) ;
#159 = CARTESIAN_POINT ( 'NONE',  ( 108.1499998649999839, -152.5699994899999865, 30.00000000000000355 ) ) ;
#160 = EDGE_LOOP ( 'NONE', ( #2180, #584, #665, #492 ) ) ;
#161 = ADVANCED_FACE ( 'NONE', ( #102 ), #1358, .F. ) ;
#162 = DIRECTION ( 'NONE',  ( 1.000000000000000000, 0.000000000000000000, 0.000000000000000000 ) ) ;
#163 = LINE ( 'NONE', #2313, #1001 ) ;
#164 = DIRECTION ( 'NONE',  ( 1.000000000000000000, 0.000000000000000000, 0.000000000000000000 ) ) ;
#165 =( NAMED_UNIT ( * ) SI_UNIT ( $, .STERADIAN. ) SOLID_ANGLE_UNIT ( ) );
#166 = CARTESIAN_POINT ( 'NONE',  ( 124.6000000000000227, -149.5699994899999865, 33.50000000000000000 ) ) ;
#167 = LINE ( 'NONE', #1170, #4009 ) ;
#168 = FACE_OUTER_BOUND ( 'NONE', #1524, .T. ) ;
#169 = CARTESIAN_POINT ( 'NONE',  ( 105.8499998650000009, -152.9699994900000206, 22.36000001000000381 ) ) ;
#170 = CARTESIAN_POINT ( 'NONE',  ( 105.6499998649999981, -153.3699994899999979, 9.460000009999998127 ) ) ;
#171 = ORIENTED_EDGE ( 'NONE', *, *, #1902, .T. ) ;
#172 = TOROIDAL_SURFACE ( 'NONE', #174, 4.950000000000001954, 0.2000000000000000111 ) ;
#173 = ORIENTED_EDGE ( 'NONE', *, *, #610, .F. ) ;
#174 = AXIS2_PLACEMENT_3D ( 'NONE', #1866, #279, #299 ) ;
#175 = VECTOR ( 'NONE', #247, 1000.000000000000000 ) ;
#176 = EDGE_LOOP ( 'NONE', ( #3197, #3602, #4078, #1035, #19, #3901, #3765, #1626, #1923, #3462 ) ) ;
#177 = EDGE_LOOP ( 'NONE', ( #1605, #3670, #1865, #3880 ) ) ;
#178 = DIRECTION ( 'NONE',  ( -1.000000000000000000, -0.000000000000000000, 0.000000000000000000 ) ) ;
#179 = DIRECTION ( 'NONE',  ( -0.000000000000000000, -1.000000000000000000, -0.000000000000000000 ) ) ;
#180 = ORIENTED_EDGE ( 'NONE', *, *, #786, .T. ) ;
#181 = EDGE_CURVE ( 'NONE', #623, #3484, #167, .T. ) ;
#182 = CARTESIAN_POINT ( 'NONE',  ( 64.90000000000001990, -147.5699994899999865, 31.50000000000000000 ) ) ;
#183 = CARTESIAN_POINT ( 'NONE',  ( 65.40000000000000568, -65.18000000000000682, 17.57687709138107479 ) ) ;
#184 = DIRECTION ( 'NONE',  ( 0.000000000000000000, -1.000000000000000000, 0.000000000000000000 ) ) ;
#185 = CARTESIAN_POINT ( 'NONE',  ( 58.89999999999999147, -62.67999999999999972, 13.50000000000000178 ) ) ;
#186 = CARTESIAN_POINT ( 'NONE',  ( 60.89999999999999858, -62.67999999999999972, 14.57687709138106769 ) ) ;
#187 = CARTESIAN_POINT ( 'NONE',  ( 118.0999999999999801, -65.18000000000000682, 17.57687709138106769 ) ) ;
#188 = CARTESIAN_POINT ( 'NONE',  ( 62.90000000000001279, -152.7699994900000036, 13.50000000000000178 ) ) ;
#189 = PLANE ( 'NONE',  #3981 ) ;
#190 = ORIENTED_EDGE ( 'NONE', *, *, #2767, .F. ) ;
#191 = ORIENTED_EDGE ( 'NONE', *, *, #1048, .F. ) ;
#192 = AXIS2_PLACEMENT_3D ( 'NONE', #3716, #1805, #3067 ) ;
#193 = AXIS2_PLACEMENT_3D ( 'NONE', #1725, #1785, #1704 ) ;
#194 = ORIENTED_EDGE ( 'NONE', *, *, #2873, .F. ) ;
#195 = ORIENTED_EDGE ( 'NONE', *, *, #67, .T. ) ;
#196 = DIRECTION ( 'NONE',  ( -1.000000000000000000, 0.000000000000000000, 0.000000000000000000 ) ) ;
#197 = CARTESIAN_POINT ( 'NONE',  ( 105.8499998650000009, -150.8699994899999979, 13.50000000000000178 ) ) ;
#198 = VERTEX_POINT ( 'NONE', #886 ) ;
#199 = LINE ( 'NONE', #2708, #590 ) ;
#200 = DIRECTION ( 'NONE',  ( 0.000000000000000000, 0.000000000000000000, -1.000000000000000000 ) ) ;
#201 = CARTESIAN_POINT ( 'NONE',  ( 78.14999986499999807, -149.5699994899999865, 13.50000000000000178 ) ) ;
#202 = LINE ( 'NONE', #3619, #3671 ) ;
#203 = CARTESIAN_POINT ( 'NONE',  ( 60.90000000000002700, -140.4327218124950036, 31.31494054810274363 ) ) ;
#204 = DIRECTION ( 'NONE',  ( -0.000000000000000000, -0.000000000000000000, 1.000000000000000000 ) ) ;
#205 = DIRECTION ( 'NONE',  ( 0.000000000000000000, 0.000000000000000000, 1.000000000000000000 ) ) ;
#206 = CYLINDRICAL_SURFACE ( 'NONE', #3626, 2.000000000000001776 ) ;
#207 = VERTEX_POINT ( 'NONE', #1455 ) ;
#208 = VERTEX_POINT ( 'NONE', #3030 ) ;
#209 = EDGE_CURVE ( 'NONE', #1343, #2514, #2714, .T. ) ;
#210 = TOROIDAL_SURFACE ( 'NONE', #3893, 4.950000000000001954, 0.2000000000000000111 ) ;
#211 = EDGE_CURVE ( 'NONE', #664, #1278, #1508, .T. ) ;
#212 = AXIS2_PLACEMENT_3D ( 'NONE', #3291, #2654, #3622 ) ;
#213 = ORIENTED_EDGE ( 'NONE', *, *, #3551, .F. ) ;
#214 = ORIENTED_EDGE ( 'NONE', *, *, #1009, .F. ) ;
#215 = VECTOR ( 'NONE', #3930, 1000.000000000000000 ) ;
#216 = DIRECTION ( 'NONE',  ( -0.000000000000000000, -0.000000000000000000, 1.000000000000000000 ) ) ;
#217 = FACE_OUTER_BOUND ( 'NONE', #2512, .T. ) ;
#218 = ORIENTED_EDGE ( 'NONE', *, *, #2640, .F. ) ;
#219 = CARTESIAN_POINT ( 'NONE',  ( 82.89999986499999807, -153.3699994899999979, 27.31000001000000310 ) ) ;
#220 = DIRECTION ( 'NONE',  ( 0.000000000000000000, 0.000000000000000000, 1.000000000000000000 ) ) ;
#221 = CYLINDRICAL_SURFACE ( 'NONE', #3738, 2.875000000000002665 ) ;
#222 = DIRECTION ( 'NONE',  ( -1.000000000000000000, 0.000000000000000000, 0.000000000000000000 ) ) ;
#223 = CARTESIAN_POINT ( 'NONE',  ( 62.64449444968344949, -142.8368327116115495, 31.49985308873934997 ) ) ;
#224 = CYLINDRICAL_SURFACE ( 'NONE', #1790, 18.00000000000000000 ) ;
#225 = CARTESIAN_POINT ( 'NONE',  ( 114.1579734354689037, -146.8499994899999876, 26.50000000000000000 ) ) ;
#226 = CARTESIAN_POINT ( 'NONE',  ( 62.02500000000001279, -147.5699994899999865, 31.50000000000000000 ) ) ;
#227 = VERTEX_POINT ( 'NONE', #2735 ) ;
#228 = VECTOR ( 'NONE', #500, 1000.000000000000000 ) ;
#229 = ORIENTED_EDGE ( 'NONE', *, *, #1897, .T. ) ;
#230 = AXIS2_PLACEMENT_3D ( 'NONE', #1917, #353, #62 ) ;
#231 = ADVANCED_FACE ( 'NONE', ( #2052 ), #2692, .T. ) ;
#232 = ORIENTED_EDGE ( 'NONE', *, *, #1637, .F. ) ;
#233 = AXIS2_PLACEMENT_3D ( 'NONE', #89, #1324, #399 ) ;
#234 = AXIS2_PLACEMENT_3D ( 'NONE', #2127, #1771, #3664 ) ;
#235 = DIRECTION ( 'NONE',  ( -0.000000000000000000, 1.000000000000000000, -0.000000000000000000 ) ) ;
#236 = CARTESIAN_POINT ( 'NONE',  ( 62.90000000000001279, -153.5699994899999865, 33.50000000000000000 ) ) ;
#237 = ORIENTED_EDGE ( 'NONE', *, *, #3011, .F. ) ;
#238 = AXIS2_PLACEMENT_3D ( 'NONE', #2717, #2992, #1481 ) ;
#239 = CIRCLE ( 'NONE', #42, 2.875000000000002665 ) ;
#240 = CARTESIAN_POINT ( 'NONE',  ( 108.1499998649999839, -152.5699994899999865, 30.00000000000000355 ) ) ;
#241 = CARTESIAN_POINT ( 'NONE',  ( 64.98329859990795399, -143.0213707478902165, 31.50000000000000000 ) ) ;
#242 = CARTESIAN_POINT ( 'NONE',  ( 122.1878520303257574, -141.6896709860941996, 31.45190396657628185 ) ) ;
#243 = CARTESIAN_POINT ( 'NONE',  ( 82.89999986499999807, -151.0699994899999865, 22.36000001000000381 ) ) ;
#244 = DIRECTION ( 'NONE',  ( -0.000000000000000000, -0.000000000000000000, 1.000000000000000000 ) ) ;
#245 = EDGE_CURVE ( 'NONE', #198, #2945, #2713, .T. ) ;
#246 = CARTESIAN_POINT ( 'NONE',  ( 100.8999998649999981, -153.3699994899999979, 22.36000001000000381 ) ) ;
#247 = DIRECTION ( 'NONE',  ( -1.000000000000000000, 0.000000000000000000, 0.000000000000000000 ) ) ;
#248 = DIRECTION ( 'NONE',  ( 0.000000000000000000, 0.000000000000000000, 1.000000000000000000 ) ) ;
#249 = ORIENTED_EDGE ( 'NONE', *, *, #2648, .T. ) ;
#250 = ORIENTED_EDGE ( 'NONE', *, *, #3055, .F. ) ;
#251 = AXIS2_PLACEMENT_3D ( 'NONE', #3202, #1370, #1349 ) ;
#252 = ORIENTED_EDGE ( 'NONE', *, *, #2448, .F. ) ;
#253 = VERTEX_POINT ( 'NONE', #1149 ) ;
#254 = AXIS2_PLACEMENT_3D ( 'NONE', #3244, #1331, #407 ) ;
#255 = VECTOR ( 'NONE', #3029, 1000.000000000000000 ) ;
#256 = DIRECTION ( 'NONE',  ( 0.000000000000000000, 0.000000000000000000, -1.000000000000000000 ) ) ;
#257 = DIRECTION ( 'NONE',  ( 0.000000000000000000, 0.000000000000000000, 1.000000000000000000 ) ) ;
#258 = ORIENTED_EDGE ( 'NONE', *, *, #1365, .T. ) ;
#259 = EDGE_CURVE ( 'NONE', #2627, #1552, #3976, .T. ) ;
#260 = DIRECTION ( 'NONE',  ( 1.000000000000000000, -0.000000000000000000, 0.000000000000000000 ) ) ;
#261 = CARTESIAN_POINT ( 'NONE',  ( 121.7905959770535418, -142.2128174507193137, 31.48332753985085120 ) ) ;
#262 = EDGE_CURVE ( 'NONE', #1118, #1010, #3488, .T. ) ;
#263 = LINE ( 'NONE', #2757, #1456 ) ;
#264 = DIRECTION ( 'NONE',  ( 0.000000000000000000, 0.000000000000000000, -1.000000000000000000 ) ) ;
#265 = DIRECTION ( 'NONE',  ( -0.000000000000000000, -1.095474339541231642E-16, 1.000000000000000000 ) ) ;
#266 = ORIENTED_EDGE ( 'NONE', *, *, #1365, .F. ) ;
#267 = ADVANCED_FACE ( 'NONE', ( #2673, #2426 ), #3390, .T. ) ;
#268 = EDGE_CURVE ( 'NONE', #1076, #1121, #3620, .T. ) ;
#269 = VERTEX_POINT ( 'NONE', #860 ) ;
#270 = CIRCLE ( 'NONE', #2702, 2.000000000000001776 ) ;
#271 = ORIENTED_EDGE ( 'NONE', *, *, #354, .T. ) ;
#272 = EDGE_LOOP ( 'NONE', ( #1008, #331 ) ) ;
#273 = AXIS2_PLACEMENT_3D ( 'NONE', #187, #1438, #2089 ) ;
#275 = EDGE_CURVE ( 'NONE', #2660, #2829, #1382, .T. ) ;
#274 = DIRECTION ( 'NONE',  ( 1.000000000000000000, 0.000000000000000000, 0.000000000000000000 ) ) ;
#276 = DIRECTION ( 'NONE',  ( 0.000000000000000000, 1.000000000000000000, 0.000000000000000000 ) ) ;
#277 = VERTEX_POINT ( 'NONE', #186 ) ;
#278 = AXIS2_PLACEMENT_3D ( 'NONE', #1065, #3885, #3267 ) ;
#279 = DIRECTION ( 'NONE',  ( 0.000000000000000000, -1.000000000000000000, 0.000000000000000000 ) ) ;
#280 = DIRECTION ( 'NONE',  ( -0.000000000000000000, 1.000000000000000000, -0.000000000000000000 ) ) ;
#281 = EDGE_CURVE ( 'NONE', #2516, #1853, #667, .T. ) ;
#282 = DIRECTION ( 'NONE',  ( -0.000000000000000000, -1.000000000000000000, -0.000000000000000000 ) ) ;
#283 = LINE ( 'NONE', #1537, #483 ) ;
#284 = CARTESIAN_POINT ( 'NONE',  ( 77.94999986499999522, -151.2699994900000036, 30.00000000000000355 ) ) ;
#285 = DIRECTION ( 'NONE',  ( -0.000000000000000000, -1.095474339541231642E-16, 1.000000000000000000 ) ) ;
#286 = FACE_OUTER_BOUND ( 'NONE', #2420, .T. ) ;
#287 = ORIENTED_EDGE ( 'NONE', *, *, #3481, .F. ) ;
#288 = ORIENTED_EDGE ( 'NONE', *, *, #1599, .F. ) ;
#289 = ORIENTED_EDGE ( 'NONE', *, *, #892, .T. ) ;
#290 = ORIENTED_EDGE ( 'NONE', *, *, #791, .T. ) ;
#291 = VERTEX_POINT ( 'NONE', #1436 ) ;
#292 = DIRECTION ( 'NONE',  ( 0.000000000000000000, 0.000000000000000000, 1.000000000000000000 ) ) ;
#293 = DIRECTION ( 'NONE',  ( 0.000000000000000000, 1.000000000000000000, 0.000000000000000000 ) ) ;
#294 = VERTEX_POINT ( 'NONE', #825 ) ;
#295 = VECTOR ( 'NONE', #443, 1000.000000000000000 ) ;
#296 = VECTOR ( 'NONE', #3937, 1000.000000000000000 ) ;
#297 = ADVANCED_FACE ( 'NONE', ( #2446 ), #2297, .T. ) ;
#298 = CIRCLE ( 'NONE', #2600, 4.950000000000002842 ) ;
#299 = DIRECTION ( 'NONE',  ( 0.000000000000000000, 0.000000000000000000, -1.000000000000000000 ) ) ;
#300 = CARTESIAN_POINT ( 'NONE',  ( 69.38850051266712171, -146.8470513617169786, 26.50000000000000000 ) ) ;
#301 = ORIENTED_EDGE ( 'NONE', *, *, #996, .T. ) ;
#302 = ADVANCED_FACE ( 'NONE', ( #3703 ), #3349, .F. ) ;
#303 = VECTOR ( 'NONE', #394, 1000.000000000000000 ) ;
#304 = UNCERTAINTY_MEASURE_WITH_UNIT (LENGTH_MEASURE( 1.000000000000000082E-05 ), #430, 'distance_accuracy_value', 'NONE');
#305 = CARTESIAN_POINT ( 'NONE',  ( 77.94999986500000944, -153.5699994899999865, 22.36000001000000381 ) ) ;
#306 = LINE ( 'NONE', #1601, #3966 ) ;
#307 = CARTESIAN_POINT ( 'NONE',  ( 120.5999999999999801, -60.67999999999999972, 17.57687709138106769 ) ) ;
#308 = DIRECTION ( 'NONE',  ( -1.597167440357923543E-16, 1.000000000000000000, 1.095474339541231642E-16 ) ) ;
#309 = CARTESIAN_POINT ( 'NONE',  ( 65.40000000000000568, -65.18000000000000682, 17.57687709138106769 ) ) ;
#310 = ORIENTED_EDGE ( 'NONE', *, *, #4055, .F. ) ;
#311 = ORIENTED_EDGE ( 'NONE', *, *, #1902, .F. ) ;
#312 = LINE ( 'NONE', #666, #3773 ) ;
#313 = ORIENTED_EDGE ( 'NONE', *, *, #2039, .T. ) ;
#314 = ORIENTED_EDGE ( 'NONE', *, *, #3500, .T. ) ;
#315 = CARTESIAN_POINT ( 'NONE',  ( 63.89999999999999858, -73.58269832014261169, 14.57687709138106591 ) ) ;
#316 = VERTEX_POINT ( 'NONE', #617 ) ;
#317 = AXIS2_PLACEMENT_3D ( 'NONE', #1085, #2051, #222 ) ;
#318 = EDGE_CURVE ( 'NONE', #2270, #1402, #1268, .T. ) ;
#319 = EDGE_CURVE ( 'NONE', #3241, #945, #532, .T. ) ;
#320 = FACE_OUTER_BOUND ( 'NONE', #3324, .T. ) ;
#321 = DIRECTION ( 'NONE',  ( -1.597167440357923543E-16, 1.000000000000000000, 1.095474339541231642E-16 ) ) ;
#322 = ORIENTED_EDGE ( 'NONE', *, *, #1897, .F. ) ;
#323 = DIRECTION ( 'NONE',  ( 1.000000000000000000, 0.000000000000000000, 0.000000000000000000 ) ) ;
#324 = CARTESIAN_POINT ( 'NONE',  ( 60.89999999999999858, -62.67999999999999972, 17.57687709138106769 ) ) ;
#325 = CARTESIAN_POINT ( 'NONE',  ( 118.0999999999999801, -65.18000000000000682, 17.57687709138107479 ) ) ;
#326 = LINE ( 'NONE', #58, #639 ) ;
#327 = CARTESIAN_POINT ( 'NONE',  ( 122.6000000000000085, -143.0304958780635900, 13.50000000000000178 ) ) ;
#328 = VERTEX_POINT ( 'NONE', #305 ) ;
#329 = EDGE_CURVE ( 'NONE', #359, #2642, #1053, .T. ) ;
#330 = VERTEX_POINT ( 'NONE', #1908 ) ;
#331 = ORIENTED_EDGE ( 'NONE', *, *, #1184, .T. ) ;
#332 = EDGE_CURVE ( 'NONE', #3053, #3262, #3719, .T. ) ;
#333 = VECTOR ( 'NONE', #1827, 1000.000000000000000 ) ;
#334 = ORIENTED_EDGE ( 'NONE', *, *, #1610, .F. ) ;
#335 = ORIENTED_EDGE ( 'NONE', *, *, #1615, .T. ) ;
#336 = EDGE_CURVE ( 'NONE', #3208, #1215, #2435, .T. ) ;
#337 = EDGE_CURVE ( 'NONE', #2879, #2819, #32, .T. ) ;
#338 = ORIENTED_EDGE ( 'NONE', *, *, #2183, .T. ) ;
#339 = AXIS2_PLACEMENT_3D ( 'NONE', #3422, #1842, #877 ) ;
#340 = DIRECTION ( 'NONE',  ( 0.000000000000000000, 1.000000000000000000, 0.000000000000000000 ) ) ;
#341 = LINE ( 'NONE', #1596, #2305 ) ;
#342 = ORIENTED_EDGE ( 'NONE', *, *, #2747, .T. ) ;
#343 = CIRCLE ( 'NONE', #1525, 4.750000000000000888 ) ;
#344 = PRODUCT_DEFINITION_CONTEXT ( 'detailed design', #3531, 'design' ) ;
#345 = LINE ( 'NONE', #963, #2453 ) ;
#346 = CIRCLE ( 'NONE', #3934, 5.535533905932734200 ) ;
#347 = CARTESIAN_POINT ( 'NONE',  ( 108.1499998649999839, -150.8699994899999979, 30.00000000000000355 ) ) ;
#348 = LINE ( 'NONE', #1602, #215 ) ;
#349 = DIRECTION ( 'NONE',  ( 1.000000000000000000, 0.000000000000000000, 0.000000000000000000 ) ) ;
#350 = FACE_OUTER_BOUND ( 'NONE', #1202, .T. ) ;
#351 = ORIENTED_EDGE ( 'NONE', *, *, #3918, .F. ) ;
#352 = ORIENTED_EDGE ( 'NONE', *, *, #1176, .T. ) ;
#353 = DIRECTION ( 'NONE',  ( 1.000000000000000000, 0.000000000000000000, 0.000000000000000000 ) ) ;
#354 = EDGE_CURVE ( 'NONE', #253, #198, #2967, .T. ) ;
#355 = ORIENTED_EDGE ( 'NONE', *, *, #3378, .F. ) ;
#356 = VERTEX_POINT ( 'NONE', #658 ) ;
#357 = FACE_OUTER_BOUND ( 'NONE', #2490, .T. ) ;
#358 = DIRECTION ( 'NONE',  ( 1.000000000000000000, 0.000000000000000000, 0.000000000000000000 ) ) ;
#359 = VERTEX_POINT ( 'NONE', #3092 ) ;
#360 = LINE ( 'NONE', #3513, #3838 ) ;
#361 = AXIS2_PLACEMENT_3D ( 'NONE', #3593, #3865, #473 ) ;
#362 = DIRECTION ( 'NONE',  ( -0.000000000000000000, -0.000000000000000000, 1.000000000000000000 ) ) ;
#363 = LINE ( 'NONE', #1683, #1137 ) ;
#364 = VECTOR ( 'NONE', #1439, 1000.000000000000000 ) ;
#365 = DIRECTION ( 'NONE',  ( 1.000000000000000000, 0.000000000000000000, 0.000000000000000000 ) ) ;
#366 = CARTESIAN_POINT ( 'NONE',  ( 118.6000000000000085, -147.5699994899999865, 31.50000000000000000 ) ) ;
#367 = VERTEX_POINT ( 'NONE', #3145 ) ;
#368 = ORIENTED_EDGE ( 'NONE', *, *, #955, .T. ) ;
#369 = ORIENTED_EDGE ( 'NONE', *, *, #1471, .T. ) ;
#370 = LINE ( 'NONE', #64, #3407 ) ;
#371 = EDGE_CURVE ( 'NONE', #3669, #2560, #3172, .T. ) ;
#372 = CYLINDRICAL_SURFACE ( 'NONE', #1485, 0.2000000000000057288 ) ;
#373 = ORIENTED_EDGE ( 'NONE', *, *, #3681, .F. ) ;
#374 = ORIENTED_EDGE ( 'NONE', *, *, #3727, .F. ) ;
#375 = VECTOR ( 'NONE', #136, 1000.000000000000000 ) ;
#376 = DIRECTION ( 'NONE',  ( 0.000000000000000000, -1.000000000000000000, 0.000000000000000000 ) ) ;
#377 = CARTESIAN_POINT ( 'NONE',  ( 108.3499998649999867, -149.5699994899999865, 13.50000000000000178 ) ) ;
#378 = EDGE_LOOP ( 'NONE', ( #687, #2742, #1878, #3023 ) ) ;
#379 = CIRCLE ( 'NONE', #713, 0.1999999999999987899 ) ;
#380 = EDGE_CURVE ( 'NONE', #2660, #1874, #4072, .T. ) ;
#381 = DIRECTION ( 'NONE',  ( 0.000000000000000000, 0.000000000000000000, -1.000000000000000000 ) ) ;
#382 = CIRCLE ( 'NONE', #1303, 2.000000000000001776 ) ;
#383 = TOROIDAL_SURFACE ( 'NONE', #2557, 2.000000000000003553, 2.000000000000000000 ) ;
#384 = CIRCLE ( 'NONE', #193, 0.2000000000000057288 ) ;
#385 = EDGE_CURVE ( 'NONE', #946, #994, #1575, .T. ) ;
#386 = CARTESIAN_POINT ( 'NONE',  ( 105.8499998650000009, -151.2699994900000036, 30.00000000000000355 ) ) ;
#387 = FACE_OUTER_BOUND ( 'NONE', #810, .T. ) ;
#388 = CYLINDRICAL_SURFACE ( 'NONE', #3137, 0.2000000000000057288 ) ;
#389 = DIRECTION ( 'NONE',  ( -1.000000000000000000, 0.000000000000000000, 0.000000000000000000 ) ) ;
#390 = ORIENTED_EDGE ( 'NONE', *, *, #1100, .T. ) ;
#391 = ORIENTED_EDGE ( 'NONE', *, *, #1191, .F. ) ;
#392 = CARTESIAN_POINT ( 'NONE',  ( 100.8999998649999981, -151.0699994899999865, 27.31000001000000665 ) ) ;
#393 = EDGE_CURVE ( 'NONE', #1900, #3133, #1203, .T. ) ;
#394 = DIRECTION ( 'NONE',  ( 3.194334880715847085E-16, -1.000000000000000000, -1.095474339541231642E-16 ) ) ;
#395 = EDGE_CURVE ( 'NONE', #1046, #2326, #345, .T. ) ;
#396 = CARTESIAN_POINT ( 'NONE',  ( 75.64999986500001228, -151.6699994900000092, 30.00000000000000355 ) ) ;
#397 = ORIENTED_EDGE ( 'NONE', *, *, #3809, .T. ) ;
#398 = EDGE_CURVE ( 'NONE', #2099, #2492, #3304, .T. ) ;
#399 = DIRECTION ( 'NONE',  ( 0.000000000000000000, 1.000000000000000000, 0.000000000000000000 ) ) ;
#400 = LINE ( 'NONE', #3529, #1105 ) ;
#401 = ORIENTED_EDGE ( 'NONE', *, *, #935, .F. ) ;
#402 = CIRCLE ( 'NONE', #800, 4.750000000000000888 ) ;
#403 = CARTESIAN_POINT ( 'NONE',  ( 60.90000000000001279, -149.5699994899999865, 31.50000000000000000 ) ) ;
#404 = CIRCLE ( 'NONE', #2641, 1.999999999999999778 ) ;
#405 = AXIS2_PLACEMENT_3D ( 'NONE', #3684, #3641, #1132 ) ;
#406 = CARTESIAN_POINT ( 'NONE',  ( 60.89999999999999858, -62.67999999999999972, 19.57687709138106413 ) ) ;
#407 = DIRECTION ( 'NONE',  ( -1.000000000000000000, 0.000000000000000000, 0.000000000000000000 ) ) ;
#408 = DIRECTION ( 'NONE',  ( 0.000000000000000000, 0.000000000000000000, 1.000000000000000000 ) ) ;
#409 = CARTESIAN_POINT ( 'NONE',  ( 62.90000000000001279, -153.5699994899999865, 33.50000000000000000 ) ) ;
#410 = EDGE_LOOP ( 'NONE', ( #3478, #1466, #1302, #3803, #1976, #2812, #2909, #2605, #4061, #2870 ) ) ;
#411 = EDGE_LOOP ( 'NONE', ( #2834, #1736, #3863, #1694 ) ) ;
#412 = AXIS2_PLACEMENT_3D ( 'NONE', #2670, #2366, #1703 ) ;
#413 = SURFACE_SIDE_STYLE ('',( #3890 ) ) ;
#414 = VECTOR ( 'NONE', #660, 1000.000000000000000 ) ;
#415 = DIRECTION ( 'NONE',  ( 0.000000000000000000, 0.000000000000000000, 1.000000000000000000 ) ) ;
#416 = LINE ( 'NONE', #124, #1816 ) ;
#417 = DIRECTION ( 'NONE',  ( 0.000000000000000000, -1.000000000000000000, 0.000000000000000000 ) ) ;
#418 = ORIENTED_EDGE ( 'NONE', *, *, #563, .F. ) ;
#419 = CARTESIAN_POINT ( 'NONE',  ( 105.6499998649999981, -151.2699994900000036, 22.36000001000000381 ) ) ;
#420 = CARTESIAN_POINT ( 'NONE',  ( 78.14999986499999807, -151.0699994899999865, 22.36000001000000381 ) ) ;
#421 = ORIENTED_EDGE ( 'NONE', *, *, #130, .F. ) ;
#422 = AXIS2_PLACEMENT_3D ( 'NONE', #3361, #932, #2185 ) ;
#423 = FACE_OUTER_BOUND ( 'NONE', #1996, .T. ) ;
#424 = DIRECTION ( 'NONE',  ( -1.000000000000000000, -3.194334880715847085E-16, 0.000000000000000000 ) ) ;
#425 = CARTESIAN_POINT ( 'NONE',  ( 116.6000000000000085, -147.5699994899999865, 26.50000000000000000 ) ) ;
#426 = ADVANCED_FACE ( 'NONE', ( #2190 ), #1535, .T. ) ;
#427 = LINE ( 'NONE', #2610, #3356 ) ;
#428 = ORIENTED_EDGE ( 'NONE', *, *, #67, .F. ) ;
#429 = ORIENTED_EDGE ( 'NONE', *, *, #380, .T. ) ;
#430 =( LENGTH_UNIT ( ) NAMED_UNIT ( * ) SI_UNIT ( .MILLI., .METRE. ) );
#431 = CIRCLE ( 'NONE', #1348, 3.000000000000002665 ) ;
#432 = CIRCLE ( 'NONE', #957, 0.2000000000000057288 ) ;
#433 = CYLINDRICAL_SURFACE ( 'NONE', #3107, 4.546349178010943959 ) ;
#434 = AXIS2_PLACEMENT_3D ( 'NONE', #1957, #2262, #2302 ) ;
#435 = DIRECTION ( 'NONE',  ( 1.000000000000000000, 0.000000000000000000, 0.000000000000000000 ) ) ;
#436 = DIRECTION ( 'NONE',  ( 0.000000000000000000, 0.000000000000000000, 1.000000000000000000 ) ) ;
#437 = ORIENTED_EDGE ( 'NONE', *, *, #2235, .F. ) ;
#438 = ORIENTED_EDGE ( 'NONE', *, *, #3667, .T. ) ;
#439 = AXIS2_PLACEMENT_3D ( 'NONE', #2090, #1603, #349 ) ;
#440 = ADVANCED_FACE ( 'NONE', ( #980 ), #1528, .T. ) ;
#441 = VERTEX_POINT ( 'NONE', #2776 ) ;
#442 = ORIENTED_EDGE ( 'NONE', *, *, #2218, .T. ) ;
#443 = DIRECTION ( 'NONE',  ( 0.000000000000000000, 0.000000000000000000, -1.000000000000000000 ) ) ;
#444 = CARTESIAN_POINT ( 'NONE',  ( 105.6499998649999981, -148.5699994899999865, 9.460000009999998127 ) ) ;
#445 = EDGE_LOOP ( 'NONE', ( #3926, #2601, #3499, #288 ) ) ;
#446 = EDGE_CURVE ( 'NONE', #1900, #702, #2167, .T. ) ;
#447 = EDGE_CURVE ( 'NONE', #2956, #2156, #2503, .T. ) ;
#448 = CIRCLE ( 'NONE', #1499, 0.2000000000000057288 ) ;
#449 = DIRECTION ( 'NONE',  ( 0.000000000000000000, -0.000000000000000000, 1.000000000000000000 ) ) ;
#450 = EDGE_CURVE ( 'NONE', #66, #1652, #360, .T. ) ;
#451 = DIRECTION ( 'NONE',  ( -1.597167440357923543E-16, 1.000000000000000000, 0.000000000000000000 ) ) ;
#452 = FACE_OUTER_BOUND ( 'NONE', #1887, .T. ) ;
#453 = CARTESIAN_POINT ( 'NONE',  ( 62.89999999999999858, -58.67999999999999261, 17.57687709138106769 ) ) ;
#454 = ORIENTED_EDGE ( 'NONE', *, *, #3130, .F. ) ;
#455 = AXIS2_PLACEMENT_3D ( 'NONE', #409, #3535, #2944 ) ;
#456 = DIRECTION ( 'NONE',  ( -0.000000000000000000, -0.000000000000000000, 1.000000000000000000 ) ) ;
#457 = EDGE_CURVE ( 'NONE', #2642, #3207, #3698, .T. ) ;
#458 = EDGE_CURVE ( 'NONE', #830, #1933, #1924, .T. ) ;
#459 = CARTESIAN_POINT ( 'NONE',  ( 67.77500000000001990, -147.5699994899999865, 31.50000000000000000 ) ) ;
#460 = DIRECTION ( 'NONE',  ( 0.000000000000000000, 0.000000000000000000, -1.000000000000000000 ) ) ;
#461 = CYLINDRICAL_SURFACE ( 'NONE', #3250, 3.000000000000002665 ) ;
#462 = ORIENTED_EDGE ( 'NONE', *, *, #3377, .F. ) ;
#463 = VECTOR ( 'NONE', #3640, 1000.000000000000000 ) ;
#464 = ORIENTED_EDGE ( 'NONE', *, *, #47, .T. ) ;
#465 = EDGE_CURVE ( 'NONE', #3417, #1713, #2916, .T. ) ;
#466 = ORIENTED_EDGE ( 'NONE', *, *, #1453, .T. ) ;
#467 = ORIENTED_EDGE ( 'NONE', *, *, #2526, .T. ) ;
#468 = CARTESIAN_POINT ( 'NONE',  ( 60.89999999999999858, -62.67999999999999972, 13.50000000000000178 ) ) ;
#469 = CARTESIAN_POINT ( 'NONE',  ( 109.6973016798573610, -60.67999999999999972, 33.50000000000000000 ) ) ;
#470 = ORIENTED_EDGE ( 'NONE', *, *, #1594, .T. ) ;
#471 = CARTESIAN_POINT ( 'NONE',  ( 119.2000000000000171, -143.1101788658044427, 26.50000000000000000 ) ) ;
#472 = VECTOR ( 'NONE', #2470, 1000.000000000000000 ) ;
#473 = DIRECTION ( 'NONE',  ( 0.000000000000000000, -1.000000000000000000, 0.000000000000000000 ) ) ;
#474 = CARTESIAN_POINT ( 'NONE',  ( 62.89999999999999858, -60.67999999999999972, 14.57687709138106769 ) ) ;
#475 = CARTESIAN_POINT ( 'NONE',  ( 100.8999998649999981, -151.2699994900000036, 27.11000001000000381 ) ) ;
#476 = DIRECTION ( 'NONE',  ( 0.000000000000000000, 0.000000000000000000, -1.000000000000000000 ) ) ;
#477 = ADVANCED_FACE ( 'NONE', ( #423 ), #2622, .T. ) ;
#478 = CIRCLE ( 'NONE', #806, 4.950000000000002842 ) ;
#479 = DIRECTION ( 'NONE',  ( -1.000000000000000000, -0.000000000000000000, 0.000000000000000000 ) ) ;
#480 = CARTESIAN_POINT ( 'NONE',  ( 60.90000000000000568, -112.6990521082558985, 39.57687709138104992 ) ) ;
#481 = PLANE ( 'NONE',  #2637 ) ;
#482 = EDGE_LOOP ( 'NONE', ( #2499, #3922, #2977, #1758 ) ) ;
#483 = VECTOR ( 'NONE', #618, 1000.000000000000000 ) ;
#484 = VERTEX_POINT ( 'NONE', #1040 ) ;
#485 = VECTOR ( 'NONE', #733, 1000.000000000000000 ) ;
#486 = EDGE_CURVE ( 'NONE', #1755, #771, #346, .T. ) ;
#487 = ORIENTED_EDGE ( 'NONE', *, *, #144, .T. ) ;
#488 = ORIENTED_EDGE ( 'NONE', *, *, #1313, .T. ) ;
#489 = ADVANCED_FACE ( 'NONE', ( #1947 ), #3883, .F. ) ;
#490 = CARTESIAN_POINT ( 'NONE',  ( 62.89999999999999858, -62.67999999999999972, 13.50000000000000178 ) ) ;
#491 = CARTESIAN_POINT ( 'NONE',  ( 58.89999999999999147, -60.67999999999999972, 19.57687709138106413 ) ) ;
#492 = ORIENTED_EDGE ( 'NONE', *, *, #3793, .F. ) ;
#493 = DIRECTION ( 'NONE',  ( 1.000000000000000000, 0.000000000000000000, 0.000000000000000000 ) ) ;
#494 = DIRECTION ( 'NONE',  ( -1.000000000000000000, -3.194334880715847085E-16, 0.000000000000000000 ) ) ;
#495 = DIRECTION ( 'NONE',  ( -0.000000000000000000, -0.000000000000000000, 1.000000000000000000 ) ) ;
#496 = DIRECTION ( 'NONE',  ( -0.000000000000000000, -0.000000000000000000, 1.000000000000000000 ) ) ;
#497 = CARTESIAN_POINT ( 'NONE',  ( 75.64999986500001228, -151.4699994900000206, 30.00000000000000355 ) ) ;
#498 = DIRECTION ( 'NONE',  ( 0.000000000000000000, 0.000000000000000000, 1.000000000000000000 ) ) ;
#499 = CARTESIAN_POINT ( 'NONE',  ( 108.3499998649999867, -151.6699994900000092, 30.00000000000000355 ) ) ;
#500 = DIRECTION ( 'NONE',  ( -0.000000000000000000, -0.000000000000000000, -1.000000000000000000 ) ) ;
#501 = ORIENTED_EDGE ( 'NONE', *, *, #13, .F. ) ;
#502 = AXIS2_PLACEMENT_3D ( 'NONE', #710, #3220, #2583 ) ;
#503 = VERTEX_POINT ( 'NONE', #1680 ) ;
#504 = AXIS2_PLACEMENT_3D ( 'NONE', #1013, #1223, #4025 ) ;
#505 = CIRCLE ( 'NONE', #1549, 2.000000000000001776 ) ;
#506 = CIRCLE ( 'NONE', #1160, 2.000000000000001776 ) ;
#507 = ORIENTED_EDGE ( 'NONE', *, *, #1015, .T. ) ;
#508 = ORIENTED_EDGE ( 'NONE', *, *, #393, .F. ) ;
#509 = DIRECTION ( 'NONE',  ( 0.000000000000000000, 0.000000000000000000, -1.000000000000000000 ) ) ;
#510 = PLANE ( 'NONE',  #1259 ) ;
#511 = EDGE_LOOP ( 'NONE', ( #141, #2765, #266, #834 ) ) ;
#512 = CARTESIAN_POINT ( 'NONE',  ( 108.1499998649999839, -152.7699994900000036, 13.50000000000000178 ) ) ;
#513 = DIRECTION ( 'NONE',  ( -1.000000000000000000, 0.000000000000000000, 0.000000000000000000 ) ) ;
#514 = DIRECTION ( 'NONE',  ( -0.000000000000000000, -1.000000000000000000, -0.000000000000000000 ) ) ;
#515 = LINE ( 'NONE', #185, #1175 ) ;
#516 = ADVANCED_FACE ( 'NONE', ( #2002 ), #1082, .T. ) ;
#517 = DIRECTION ( 'NONE',  ( 0.000000000000000000, 1.095474339541231642E-16, -1.000000000000000000 ) ) ;
#518 = EDGE_CURVE ( 'NONE', #1587, #2457, #2146, .T. ) ;
#519 = CARTESIAN_POINT ( 'NONE',  ( 77.94999986499999522, -151.4699994900000206, 22.36000001000000381 ) ) ;
#520 = DIRECTION ( 'NONE',  ( -0.000000000000000000, -1.095474339541231642E-16, 1.000000000000000000 ) ) ;
#521 = CARTESIAN_POINT ( 'NONE',  ( 105.8499998650000009, -151.4699994900000206, 13.50000000000000178 ) ) ;
#522 = ORIENTED_EDGE ( 'NONE', *, *, #1472, .T. ) ;
#523 = AXIS2_PLACEMENT_3D ( 'NONE', #3932, #2691, #2988 ) ;
#524 = VERTEX_POINT ( 'NONE', #94 ) ;
#525 = AXIS2_PLACEMENT_3D ( 'NONE', #1227, #2483, #2772 ) ;
#526 = ORIENTED_EDGE ( 'NONE', *, *, #3359, .F. ) ;
#527 = ORIENTED_EDGE ( 'NONE', *, *, #3549, .T. ) ;
#528 = CARTESIAN_POINT ( 'NONE',  ( 77.94999986499999522, -150.8699994899999979, 13.50000000000000178 ) ) ;
#529 = DIRECTION ( 'NONE',  ( 0.000000000000000000, 1.095474339541231642E-16, -1.000000000000000000 ) ) ;
#530 = EDGE_LOOP ( 'NONE', ( #173, #1608, #2277, #2978 ) ) ;
#531 = DIRECTION ( 'NONE',  ( 0.000000000000000000, 0.000000000000000000, 1.000000000000000000 ) ) ;
#532 = CIRCLE ( 'NONE', #3688, 2.875000000000002665 ) ;
#533 = DIRECTION ( 'NONE',  ( -0.000000000000000000, -0.000000000000000000, -1.000000000000000000 ) ) ;
#534 = CYLINDRICAL_SURFACE ( 'NONE', #1437, 3.000000000000002665 ) ;
#535 = CYLINDRICAL_SURFACE ( 'NONE', #3279, 2.000000000000001776 ) ;
#536 = EDGE_CURVE ( 'NONE', #367, #1046, #2743, .T. ) ;
#537 = DIRECTION ( 'NONE',  ( 1.000000000000000000, 0.000000000000000000, 0.000000000000000000 ) ) ;
#538 = EDGE_CURVE ( 'NONE', #253, #3341, #46, .T. ) ;
#539 = AXIS2_PLACEMENT_3D ( 'NONE', #366, #2878, #760 ) ;
#540 = LINE ( 'NONE', #845, #3494 ) ;
#541 = CARTESIAN_POINT ( 'NONE',  ( 100.8999998649999981, -148.5699994899999865, 27.11000001000000381 ) ) ;
#542 = EDGE_LOOP ( 'NONE', ( #1510, #1877, #3970, #391 ) ) ;
#543 = ORIENTED_EDGE ( 'NONE', *, *, #3984, .T. ) ;
#544 = CIRCLE ( 'NONE', #2706, 0.2000000000000057288 ) ;
#545 = AXIS2_PLACEMENT_3D ( 'NONE', #1829, #1230, #1538 ) ;
#546 = VERTEX_POINT ( 'NONE', #53 ) ;
#547 = DIRECTION ( 'NONE',  ( 1.000000000000000000, -0.000000000000000000, -0.000000000000000000 ) ) ;
#548 = CARTESIAN_POINT ( 'NONE',  ( 121.4750000000000085, -147.5699994899999865, 33.50000000000000000 ) ) ;
#549 = EDGE_CURVE ( 'NONE', #109, #1776, #2586, .T. ) ;
#550 = ORIENTED_EDGE ( 'NONE', *, *, #458, .T. ) ;
#551 = EDGE_CURVE ( 'NONE', #441, #1839, #1701, .T. ) ;
#552 = PLANE ( 'NONE',  #3278 ) ;
#553 = DIRECTION ( 'NONE',  ( 6.308085367188391227E-16, -1.000000000000000000, 0.000000000000000000 ) ) ;
#554 = LINE ( 'NONE', #1867, #2681 ) ;
#555 = DIRECTION ( 'NONE',  ( 1.597167440357923543E-16, -1.000000000000000000, 0.000000000000000000 ) ) ;
#556 = CARTESIAN_POINT ( 'NONE',  ( 60.90000000000001279, -140.0902009688855117, 31.25822811676495760 ) ) ;
#557 = CARTESIAN_POINT ( 'NONE',  ( 115.7250000000000085, -147.5699994899999865, 31.50000000000000000 ) ) ;
#558 = CARTESIAN_POINT ( 'NONE',  ( 100.8999998649999981, -151.2699994900000036, 22.36000001000000381 ) ) ;
#559 = CARTESIAN_POINT ( 'NONE',  ( 75.64999986500001228, -152.9699994900000206, 27.31000001000000310 ) ) ;
#560 = VERTEX_POINT ( 'NONE', #1020 ) ;
#561 = AXIS2_PLACEMENT_3D ( 'NONE', #3874, #2281, #768 ) ;
#562 = ORIENTED_EDGE ( 'NONE', *, *, #447, .T. ) ;
#563 = EDGE_CURVE ( 'NONE', #2099, #969, #3550, .T. ) ;
#564 = ORIENTED_EDGE ( 'NONE', *, *, #2039, .F. ) ;
#565 = EDGE_CURVE ( 'NONE', #830, #3627, #3570, .T. ) ;
#566 = ORIENTED_EDGE ( 'NONE', *, *, #3300, .T. ) ;
#567 = AXIS2_PLACEMENT_3D ( 'NONE', #2729, #3659, #553 ) ;
#568 = EDGE_CURVE ( 'NONE', #3563, #3262, #1310, .T. ) ;
#569 = CIRCLE ( 'NONE', #3195, 0.1999999999999987899 ) ;
#570 = CARTESIAN_POINT ( 'NONE',  ( 118.6000000000000085, -147.5699994899999865, 7.843145750507614089 ) ) ;
#571 = CARTESIAN_POINT ( 'NONE',  ( 122.6000000000000085, -129.3813461816501444, 25.23459469112148668 ) ) ;
#572 = VERTEX_POINT ( 'NONE', #693 ) ;
#573 = CIRCLE ( 'NONE', #2007, 2.000000000000001776 ) ;
#574 = ADVANCED_FACE ( 'NONE', ( #1389 ), #676, .T. ) ;
#575 = EDGE_CURVE ( 'NONE', #2858, #1164, #2364, .T. ) ;
#576 = LINE ( 'NONE', #1516, #1942 ) ;
#577 = CARTESIAN_POINT ( 'NONE',  ( 122.5999999999999801, -58.67999999999994287, 17.57687709138106769 ) ) ;
#578 = DIRECTION ( 'NONE',  ( 1.000000000000000000, 0.000000000000000000, 0.000000000000000000 ) ) ;
#579 = CARTESIAN_POINT ( 'NONE',  ( 75.44999986500000944, -149.5699994899999865, 13.50000000000000178 ) ) ;
#580 = CARTESIAN_POINT ( 'NONE',  ( 120.5999999999999801, -60.67999999999999972, 19.57687709138106413 ) ) ;
#581 = CYLINDRICAL_SURFACE ( 'NONE', #2410, 4.750000000000000888 ) ;
#582 = DIRECTION ( 'NONE',  ( 0.000000000000000000, 1.095474339541231642E-16, -1.000000000000000000 ) ) ;
#583 = ORIENTED_EDGE ( 'NONE', *, *, #2082, .F. ) ;
#584 = ORIENTED_EDGE ( 'NONE', *, *, #3714, .F. ) ;
#585 = VECTOR ( 'NONE', #3266, 1000.000000000000000 ) ;
#586 = EDGE_CURVE ( 'NONE', #2325, #2781, #2215, .T. ) ;
#587 = CIRCLE ( 'NONE', #3088, 2.000000000000001776 ) ;
#588 = ORIENTED_EDGE ( 'NONE', *, *, #181, .T. ) ;
#589 = ORIENTED_EDGE ( 'NONE', *, *, #3683, .F. ) ;
#590 = VECTOR ( 'NONE', #3971, 1000.000000000000000 ) ;
#591 = AXIS2_PLACEMENT_3D ( 'NONE', #2242, #1071, #723 ) ;
#592 = EDGE_CURVE ( 'NONE', #1402, #1552, #448, .T. ) ;
#593 = CARTESIAN_POINT ( 'NONE',  ( 112.6506137091033111, -64.20720779386421384, 14.57687709138106769 ) ) ;
#594 = DIRECTION ( 'NONE',  ( 1.000000000000000000, 0.000000000000000000, -0.000000000000000000 ) ) ;
#595 = VERTEX_POINT ( 'NONE', #1407 ) ;
#596 = AXIS2_PLACEMENT_3D ( 'NONE', #1070, #1954, #2628 ) ;
#597 = DIRECTION ( 'NONE',  ( 0.000000000000000000, 0.000000000000000000, -1.000000000000000000 ) ) ;
#598 = DIRECTION ( 'NONE',  ( -1.000000000000000000, 0.000000000000000000, 0.000000000000000000 ) ) ;
#599 = DIRECTION ( 'NONE',  ( -0.000000000000000000, 0.000000000000000000, -1.000000000000000000 ) ) ;
#600 = DIRECTION ( 'NONE',  ( -0.000000000000000000, 1.000000000000000000, -0.000000000000000000 ) ) ;
#601 = CARTESIAN_POINT ( 'NONE',  ( 78.14999986499999807, -151.0699994899999865, 22.36000001000000381 ) ) ;
#602 = CARTESIAN_POINT ( 'NONE',  ( 62.52499999999999858, -65.18000000000000682, 17.57687709138107479 ) ) ;
#603 = ORIENTED_EDGE ( 'NONE', *, *, #1495, .T. ) ;
#604 = ORIENTED_EDGE ( 'NONE', *, *, #935, .T. ) ;
#605 = ORIENTED_EDGE ( 'NONE', *, *, #2823, .F. ) ;
#606 = AXIS2_PLACEMENT_3D ( 'NONE', #2128, #2151, #2533 ) ;
#607 = ORIENTED_EDGE ( 'NONE', *, *, #1667, .F. ) ;
#608 = ORIENTED_EDGE ( 'NONE', *, *, #3175, .T. ) ;
#609 = VECTOR ( 'NONE', #4015, 1000.000000000000000 ) ;
#610 = EDGE_CURVE ( 'NONE', #3316, #648, #3083, .T. ) ;
#611 = CARTESIAN_POINT ( 'NONE',  ( 64.90000000000001990, -147.5699994899999865, 31.50000000000000000 ) ) ;
#612 = DIRECTION ( 'NONE',  ( 1.000000000000000000, 0.000000000000000000, -0.000000000000000000 ) ) ;
#613 = EDGE_LOOP ( 'NONE', ( #11, #3965, #2209, #488 ) ) ;
#614 = AXIS2_PLACEMENT_3D ( 'NONE', #780, #495, #164 ) ;
#615 = DIRECTION ( 'NONE',  ( -1.000000000000000000, 0.000000000000000000, 0.000000000000000000 ) ) ;
#616 = CARTESIAN_POINT ( 'NONE',  ( 118.0999999999999801, -70.71553390593275878, 14.57687709138106769 ) ) ;
#617 = CARTESIAN_POINT ( 'NONE',  ( 105.6499998649999981, -153.3699994899999979, 22.36000001000000381 ) ) ;
#618 = DIRECTION ( 'NONE',  ( -0.000000000000000000, -0.000000000000000000, 1.000000000000000000 ) ) ;
#619 = FACE_OUTER_BOUND ( 'NONE', #1293, .T. ) ;
#620 = DIRECTION ( 'NONE',  ( 1.000000000000000000, 0.000000000000000000, 0.000000000000000000 ) ) ;
#621 = CARTESIAN_POINT ( 'NONE',  ( 60.90000000000001279, -147.3699994899999979, 26.50000000000000000 ) ) ;
#622 = ORIENTED_EDGE ( 'NONE', *, *, #3217, .T. ) ;
#623 = VERTEX_POINT ( 'NONE', #3592 ) ;
#624 = DIRECTION ( 'NONE',  ( -3.194334880715847085E-16, 1.000000000000000000, 1.095474339541231642E-16 ) ) ;
#625 = AXIS2_PLACEMENT_3D ( 'NONE', #1754, #2429, #1772 ) ;
#626 = CIRCLE ( 'NONE', #2926, 3.000000000000002665 ) ;
#627 = ORIENTED_EDGE ( 'NONE', *, *, #565, .T. ) ;
#628 = VERTEX_POINT ( 'NONE', #1764 ) ;
#629 = FACE_OUTER_BOUND ( 'NONE', #511, .T. ) ;
#630 = FACE_OUTER_BOUND ( 'NONE', #3041, .T. ) ;
#631 = VERTEX_POINT ( 'NONE', #2667 ) ;
#632 = AXIS2_PLACEMENT_3D ( 'NONE', #2084, #3385, #220 ) ;
#633 = AXIS2_PLACEMENT_3D ( 'NONE', #1480, #903, #2758 ) ;
#634 = AXIS2_PLACEMENT_3D ( 'NONE', #2662, #3360, #196 ) ;
#635 = CIRCLE ( 'NONE', #434, 2.000000000000001776 ) ;
#636 = FACE_OUTER_BOUND ( 'NONE', #1056, .T. ) ;
#637 = CARTESIAN_POINT ( 'NONE',  ( 120.3921361820820692, -143.0304958780635900, 31.50000000000000000 ) ) ;
#638 = ORIENTED_EDGE ( 'NONE', *, *, #3017, .T. ) ;
#639 = VECTOR ( 'NONE', #3457, 1000.000000000000000 ) ;
#640 = EDGE_CURVE ( 'NONE', #3438, #595, #4010, .T. ) ;
#641 =( GEOMETRIC_REPRESENTATION_CONTEXT ( 3 ) GLOBAL_UNCERTAINTY_ASSIGNED_CONTEXT ( ( #2775 ) ) GLOBAL_UNIT_ASSIGNED_CONTEXT ( ( #3887, #1410, #2316 ) ) REPRESENTATION_CONTEXT ( 'NONE', 'WORKASPACE' ) );
#642 = DIRECTION ( 'NONE',  ( 1.000000000000000000, -9.251858538542962756E-15, 0.000000000000000000 ) ) ;
#643 = DIRECTION ( 'NONE',  ( 1.000000000000000000, 0.000000000000000000, 0.000000000000000000 ) ) ;
#644 = CARTESIAN_POINT ( 'NONE',  ( 62.90000000000001279, -147.5699994899999865, 26.50000000000000000 ) ) ;
#645 = EDGE_CURVE ( 'NONE', #969, #3135, #2153, .T. ) ;
#646 = LINE ( 'NONE', #37, #1353 ) ;
#647 = CARTESIAN_POINT ( 'NONE',  ( 77.94999986499999522, -153.3699994899999979, 22.36000001000000381 ) ) ;
#648 = VERTEX_POINT ( 'NONE', #1496 ) ;
#649 = ORIENTED_EDGE ( 'NONE', *, *, #3897, .F. ) ;
#650 = VERTEX_POINT ( 'NONE', #1721 ) ;
#651 = EDGE_LOOP ( 'NONE', ( #467, #653, #3689, #1341 ) ) ;
#652 = ORIENTED_EDGE ( 'NONE', *, *, #3055, .T. ) ;
#653 = ORIENTED_EDGE ( 'NONE', *, *, #3065, .F. ) ;
#654 = CIRCLE ( 'NONE', #2362, 0.2000000000000057288 ) ;
#655 = DIRECTION ( 'NONE',  ( 1.000000000000000000, 0.000000000000000000, 0.000000000000000000 ) ) ;
#656 = CARTESIAN_POINT ( 'NONE',  ( 65.40000000000000568, -65.18000000000000682, 14.57687709138107479 ) ) ;
#657 = EDGE_LOOP ( 'NONE', ( #2552, #1775, #905, #3156 ) ) ;
#658 = CARTESIAN_POINT ( 'NONE',  ( 114.1579734354689037, -146.8499994899999876, 31.50000000000000000 ) ) ;
#659 = CARTESIAN_POINT ( 'NONE',  ( 75.64999986500001228, -150.8699994899999979, 30.00000000000000355 ) ) ;
#660 = DIRECTION ( 'NONE',  ( 1.000000000000000000, -0.000000000000000000, -0.000000000000000000 ) ) ;
#661 = EDGE_CURVE ( 'NONE', #2635, #623, #2684, .T. ) ;
#662 = CARTESIAN_POINT ( 'NONE',  ( 120.6000000000000085, -147.5699994899999865, 7.843145750507614089 ) ) ;
#663 = DIRECTION ( 'NONE',  ( -0.000000000000000000, -0.000000000000000000, 1.000000000000000000 ) ) ;
#664 = VERTEX_POINT ( 'NONE', #799 ) ;
#665 = ORIENTED_EDGE ( 'NONE', *, *, #3729, .T. ) ;
#666 = CARTESIAN_POINT ( 'NONE',  ( 123.1000000000000085, -149.3699994899999979, 13.50000000000000178 ) ) ;
#667 = CIRCLE ( 'NONE', #1, 2.000000000000001776 ) ;
#668 = EDGE_LOOP ( 'NONE', ( #1952, #953, #1564, #3335 ) ) ;
#669 = AXIS2_PLACEMENT_3D ( 'NONE', #889, #3743, #701 ) ;
#670 = ORIENTED_EDGE ( 'NONE', *, *, #2940, .F. ) ;
#671 = AXIS2_PLACEMENT_3D ( 'NONE', #2531, #3782, #965 ) ;
#672 = DIRECTION ( 'NONE',  ( -0.000000000000000000, -0.000000000000000000, 1.000000000000000000 ) ) ;
#673 = LINE ( 'NONE', #377, #2445 ) ;
#674 = ORIENTED_EDGE ( 'NONE', *, *, #1964, .F. ) ;
#675 = AXIS2_PLACEMENT_3D ( 'NONE', #3827, #2216, #2233 ) ;
#676 = CYLINDRICAL_SURFACE ( 'NONE', #2354, 0.2000000000000057288 ) ;
#677 = VECTOR ( 'NONE', #3163, 1000.000000000000000 ) ;
#678 = FACE_OUTER_BOUND ( 'NONE', #3710, .T. ) ;
#679 = CARTESIAN_POINT ( 'NONE',  ( 75.24999986500000659, -149.5699994899999865, 32.50000000000000000 ) ) ;
#680 = CARTESIAN_POINT ( 'NONE',  ( 119.0727922061357731, -70.62938629089667586, 14.57687709138106769 ) ) ;
#681 = CARTESIAN_POINT ( 'NONE',  ( 77.94999986500000944, -151.0699994899999865, 22.36000001000000381 ) ) ;
#682 = ORIENTED_EDGE ( 'NONE', *, *, #27, .F. ) ;
#683 = ORIENTED_EDGE ( 'NONE', *, *, #3794, .F. ) ;
#684 = DIRECTION ( 'NONE',  ( 0.000000000000000000, 0.000000000000000000, -1.000000000000000000 ) ) ;
#685 = VERTEX_POINT ( 'NONE', #3043 ) ;
#686 = ADVANCED_FACE ( 'NONE', ( #2687 ), #2985, .T. ) ;
#687 = ORIENTED_EDGE ( 'NONE', *, *, #3861, .F. ) ;
#688 = EDGE_CURVE ( 'NONE', #2326, #813, #783, .T. ) ;
#689 = EDGE_CURVE ( 'NONE', #560, #253, #820, .T. ) ;
#690 = AXIS2_PLACEMENT_3D ( 'NONE', #4069, #1036, #2644 ) ;
#691 = CARTESIAN_POINT ( 'NONE',  ( 62.90000000000001279, -153.5699994899999865, 31.50000000000000000 ) ) ;
#692 = ORIENTED_EDGE ( 'NONE', *, *, #1471, .F. ) ;
#693 = CARTESIAN_POINT ( 'NONE',  ( 108.3499998649999867, -149.5699994899999865, 13.50000000000000178 ) ) ;
#694 = CIRCLE ( 'NONE', #2999, 2.000000000000001776 ) ;
#695 = ADVANCED_FACE ( 'NONE', ( #2421 ), #552, .T. ) ;
#696 = ADVANCED_FACE ( 'NONE', ( #2338 ), #974, .T. ) ;
#697 = CARTESIAN_POINT ( 'NONE',  ( 62.90000000000001279, -147.3699994899999979, 32.50000000000000000 ) ) ;
#698 = FACE_OUTER_BOUND ( 'NONE', #2199, .T. ) ;
#699 = CIRCLE ( 'NONE', #1415, 2.875000000000002665 ) ;
#700 = DIRECTION ( 'NONE',  ( 0.000000000000000000, 1.000000000000000000, 0.000000000000000000 ) ) ;
#701 = DIRECTION ( 'NONE',  ( 1.000000000000000000, 0.000000000000000000, 0.000000000000000000 ) ) ;
#702 = VERTEX_POINT ( 'NONE', #2047 ) ;
#703 = ORIENTED_EDGE ( 'NONE', *, *, #2592, .T. ) ;
#704 = FACE_OUTER_BOUND ( 'NONE', #3320, .T. ) ;
#705 = DIRECTION ( 'NONE',  ( 0.000000000000000000, 1.000000000000000000, 0.000000000000000000 ) ) ;
#706 = DIRECTION ( 'NONE',  ( -0.000000000000000000, -1.000000000000000000, -0.000000000000000000 ) ) ;
#707 = DIRECTION ( 'NONE',  ( 1.000000000000000000, 0.000000000000000000, 0.000000000000000000 ) ) ;
#708 = ORIENTED_EDGE ( 'NONE', *, *, #4040, .F. ) ;
#709 = EDGE_CURVE ( 'NONE', #3786, #3795, #382, .T. ) ;
#710 = CARTESIAN_POINT ( 'NONE',  ( 58.89999999999999147, -62.67999999999999972, 33.50000000000000000 ) ) ;
#711 = CARTESIAN_POINT ( 'NONE',  ( 78.14999986499999807, -153.3699994899999979, 22.36000001000000381 ) ) ;
#712 = EDGE_LOOP ( 'NONE', ( #3018, #2564, #1913, #3120, #1294, #2825, #2257, #1963, #2510, #3399, #3609, #2859 ) ) ;
#713 = AXIS2_PLACEMENT_3D ( 'NONE', #3409, #598, #3106 ) ;
#714 = DIRECTION ( 'NONE',  ( 0.000000000000000000, 1.000000000000000000, 0.000000000000000000 ) ) ;
#715 = VECTOR ( 'NONE', #3307, 1000.000000000000000 ) ;
#716 = CARTESIAN_POINT ( 'NONE',  ( 105.6499998649999981, -149.5699994899999865, 13.50000000000000178 ) ) ;
#717 = CARTESIAN_POINT ( 'NONE',  ( 82.89999986499999807, -153.5699994899999865, 27.31000001000000310 ) ) ;
#718 = DIRECTION ( 'NONE',  ( 0.000000000000000000, 0.000000000000000000, 1.000000000000000000 ) ) ;
#719 = ORIENTED_EDGE ( 'NONE', *, *, #2488, .T. ) ;
#720 = ORIENTED_EDGE ( 'NONE', *, *, #3681, .T. ) ;
#721 = DIRECTION ( 'NONE',  ( 0.000000000000000000, -1.000000000000000000, 0.000000000000000000 ) ) ;
#722 = APPLICATION_CONTEXT ( 'automotive_design' ) ;
#723 = DIRECTION ( 'NONE',  ( -3.154042683594195614E-16, 1.000000000000000000, -9.462128050782586841E-16 ) ) ;
#724 = DIRECTION ( 'NONE',  ( 0.000000000000000000, 1.000000000000000000, 0.000000000000000000 ) ) ;
#725 = CARTESIAN_POINT ( 'NONE',  ( 108.3499998649999867, -149.5699994899999865, 13.50000000000000178 ) ) ;
#726 = VERTEX_POINT ( 'NONE', #512 ) ;
#727 = EDGE_CURVE ( 'NONE', #2591, #2502, #199, .T. ) ;
#728 = ORIENTED_EDGE ( 'NONE', *, *, #51, .F. ) ;
#729 = ADVANCED_FACE ( 'NONE', ( #1144 ), #3606, .T. ) ;
#730 = CYLINDRICAL_SURFACE ( 'NONE', #2537, 3.000000000000002665 ) ;
#731 = CARTESIAN_POINT ( 'NONE',  ( 58.89999999999999147, -129.3813461816501444, 25.23459469112148668 ) ) ;
#732 = VERTEX_POINT ( 'NONE', #2101 ) ;
#733 = DIRECTION ( 'NONE',  ( -0.000000000000000000, 0.000000000000000000, -1.000000000000000000 ) ) ;
#734 = CIRCLE ( 'NONE', #2106, 0.2000000000000057288 ) ;
#735 = AXIS2_PLACEMENT_3D ( 'NONE', #1709, #3663, #2053 ) ;
#736 = DIRECTION ( 'NONE',  ( -1.000000000000000000, 0.000000000000000000, 0.000000000000000000 ) ) ;
#737 = DIRECTION ( 'NONE',  ( 1.000000000000000000, 0.000000000000000000, 0.000000000000000000 ) ) ;
#738 = DIRECTION ( 'NONE',  ( 1.000000000000000000, 0.000000000000000000, 0.000000000000000000 ) ) ;
#739 = EDGE_LOOP ( 'NONE', ( #60, #2593, #2376, #2697 ) ) ;
#740 = ORIENTED_EDGE ( 'NONE', *, *, #1511, .T. ) ;
#741 = PLANE ( 'NONE',  #2365 ) ;
#742 = CIRCLE ( 'NONE', #3759, 4.750000000000000888 ) ;
#743 = CARTESIAN_POINT ( 'NONE',  ( 62.02500000000001279, -147.5699994899999865, 33.50000000000000000 ) ) ;
#744 = CARTESIAN_POINT ( 'NONE',  ( 65.77177978870814457, -149.3699994899999979, 26.50000000000000000 ) ) ;
#745 = CARTESIAN_POINT ( 'NONE',  ( 105.6499998649999981, -152.9699994900000206, 13.50000000000000178 ) ) ;
#746 = ORIENTED_EDGE ( 'NONE', *, *, #3425, .F. ) ;
#747 = EDGE_CURVE ( 'NONE', #835, #3530, #3697, .T. ) ;
#748 = EDGE_CURVE ( 'NONE', #3337, #3509, #1107, .T. ) ;
#749 = ORIENTED_EDGE ( 'NONE', *, *, #2016, .F. ) ;
#750 = FACE_OUTER_BOUND ( 'NONE', #4071, .T. ) ;
#751 = DIRECTION ( 'NONE',  ( 1.000000000000000000, 0.000000000000000000, 0.000000000000000000 ) ) ;
#752 = ORIENTED_EDGE ( 'NONE', *, *, #2979, .F. ) ;
#753 = AXIS2_PLACEMENT_3D ( 'NONE', #4048, #1551, #276 ) ;
#754 = AXIS2_PLACEMENT_3D ( 'NONE', #2653, #1028, #2278 ) ;
#755 = DIRECTION ( 'NONE',  ( -0.000000000000000000, -0.000000000000000000, 1.000000000000000000 ) ) ;
#756 = EDGE_CURVE ( 'NONE', #2852, #328, #1312, .T. ) ;
#757 = CARTESIAN_POINT ( 'NONE',  ( 60.90000000000001279, -149.5699994899999865, 31.50000000000000000 ) ) ;
#758 = CARTESIAN_POINT ( 'NONE',  ( 115.2249999999999801, -65.18000000000000682, 19.57687709138107124 ) ) ;
#759 = DIRECTION ( 'NONE',  ( 1.000000000000000000, 0.000000000000000000, 0.000000000000000000 ) ) ;
#760 = DIRECTION ( 'NONE',  ( 1.000000000000000000, 0.000000000000000000, 0.000000000000000000 ) ) ;
#761 = VERTEX_POINT ( 'NONE', #2898 ) ;
#762 = CYLINDRICAL_SURFACE ( 'NONE', #596, 4.000000000000003553 ) ;
#763 = AXIS2_PLACEMENT_3D ( 'NONE', #897, #2460, #3750 ) ;
#764 = ADVANCED_FACE ( 'NONE', ( #387 ), #1968, .F. ) ;
#765 = CARTESIAN_POINT ( 'NONE',  ( 123.1000000000000085, -149.3699994899999979, 30.00000000000000355 ) ) ;
#766 = CIRCLE ( 'NONE', #422, 0.2000000000000057288 ) ;
#767 = DIRECTION ( 'NONE',  ( 1.597167440357923543E-16, -1.000000000000000000, 0.000000000000000000 ) ) ;
#768 = DIRECTION ( 'NONE',  ( 0.000000000000000000, 0.000000000000000000, -1.000000000000000000 ) ) ;
#769 = ORIENTED_EDGE ( 'NONE', *, *, #1122, .T. ) ;
#770 = EDGE_CURVE ( 'NONE', #2945, #702, #57, .T. ) ;
#771 = VERTEX_POINT ( 'NONE', #2919 ) ;
#772 = CIRCLE ( 'NONE', #2344, 2.000000000000001776 ) ;
#773 = ORIENTED_EDGE ( 'NONE', *, *, #1940, .F. ) ;
#774 = CARTESIAN_POINT ( 'NONE',  ( 58.89999999999999858, -112.6990521082558985, 17.57687709138106058 ) ) ;
#775 = DIRECTION ( 'NONE',  ( 0.000000000000000000, 0.000000000000000000, -1.000000000000000000 ) ) ;
#776 = ORIENTED_EDGE ( 'NONE', *, *, #155, .F. ) ;
#777 = AXIS2_PLACEMENT_3D ( 'NONE', #2251, #3181, #449 ) ;
#778 = DIRECTION ( 'NONE',  ( 0.000000000000000000, 0.000000000000000000, 1.000000000000000000 ) ) ;
#779 = DIRECTION ( 'NONE',  ( 1.000000000000000000, -0.000000000000000000, -0.000000000000000000 ) ) ;
#780 = CARTESIAN_POINT ( 'NONE',  ( 63.90000000000001279, -140.0902009688855117, 26.50000000000000000 ) ) ;
#781 = VECTOR ( 'NONE', #1616, 1000.000000000000000 ) ;
#782 = DIRECTION ( 'NONE',  ( -0.000000000000000000, -0.000000000000000000, -1.000000000000000000 ) ) ;
#783 = CIRCLE ( 'NONE', #3805, 0.1999999999999987899 ) ;
#784 = CIRCLE ( 'NONE', #3943, 0.2000000000000057288 ) ;
#785 = FACE_OUTER_BOUND ( 'NONE', #378, .T. ) ;
#786 = EDGE_CURVE ( 'NONE', #1140, #3277, #1621, .T. ) ;
#787 = CARTESIAN_POINT ( 'NONE',  ( 62.90000000000001279, -143.0304958780635900, 31.50000000000000000 ) ) ;
#788 = LINE ( 'NONE', #2950, #2602 ) ;
#789 = DIRECTION ( 'NONE',  ( 1.000000000000000000, 0.000000000000000000, 0.000000000000000000 ) ) ;
#790 = VERTEX_POINT ( 'NONE', #1022 ) ;
#791 = EDGE_CURVE ( 'NONE', #572, #3644, #3237, .T. ) ;
#792 = VECTOR ( 'NONE', #456, 1000.000000000000000 ) ;
#793 = VERTEX_POINT ( 'NONE', #3496 ) ;
#794 = ORIENTED_EDGE ( 'NONE', *, *, #319, .F. ) ;
#795 = EDGE_LOOP ( 'NONE', ( #2074, #250, #2330, #3459, #562, #2657, #194, #1362, #3157, #3939, #4020, #728 ) ) ;
#796 = LINE ( 'NONE', #3085, #1880 ) ;
#797 = DIRECTION ( 'NONE',  ( 0.000000000000000000, 0.000000000000000000, 1.000000000000000000 ) ) ;
#798 = EDGE_LOOP ( 'NONE', ( #3222, #3168, #2040, #2538 ) ) ;
#799 = CARTESIAN_POINT ( 'NONE',  ( 60.90000000000000568, -112.6990521082558985, 19.57687709138105703 ) ) ;
#800 = AXIS2_PLACEMENT_3D ( 'NONE', #1355, #3831, #1025 ) ;
#801 = LINE ( 'NONE', #1330, #1136 ) ;
#802 = LINE ( 'NONE', #2987, #3410 ) ;
#803 = DIRECTION ( 'NONE',  ( 0.000000000000000000, -1.000000000000000000, 0.000000000000000000 ) ) ;
#804 = CARTESIAN_POINT ( 'NONE',  ( 108.1499998649999839, -150.6699994899999808, 30.00000000000000355 ) ) ;
#805 = EDGE_CURVE ( 'NONE', #1776, #3875, #363, .T. ) ;
#806 = AXIS2_PLACEMENT_3D ( 'NONE', #2927, #3558, #105 ) ;
#807 = CARTESIAN_POINT ( 'NONE',  ( 100.8999998649999981, -151.0699994899999865, 22.36000001000000381 ) ) ;
#808 = CARTESIAN_POINT ( 'NONE',  ( 100.8999998649999981, -153.3699994899999979, 27.11000001000000381 ) ) ;
#809 = DIRECTION ( 'NONE',  ( 0.000000000000000000, 1.095474339541231642E-16, -1.000000000000000000 ) ) ;
#810 = EDGE_LOOP ( 'NONE', ( #3383, #1819, #890, #622 ) ) ;
#811 = AXIS2_PLACEMENT_3D ( 'NONE', #116, #2623, #1041 ) ;
#812 = ORIENTED_EDGE ( 'NONE', *, *, #3702, .F. ) ;
#813 = VERTEX_POINT ( 'NONE', #717 ) ;
#814 = ORIENTED_EDGE ( 'NONE', *, *, #1591, .F. ) ;
#815 = ADVANCED_FACE ( 'NONE', ( #698 ), #2855, .T. ) ;
#816 = DIRECTION ( 'NONE',  ( 0.000000000000000000, 0.000000000000000000, 1.000000000000000000 ) ) ;
#817 = FACE_OUTER_BOUND ( 'NONE', #795, .T. ) ;
#818 = EDGE_LOOP ( 'NONE', ( #2953, #2626, #1946, #3280 ) ) ;
#819 = EDGE_CURVE ( 'NONE', #316, #3669, #742, .T. ) ;
#820 = LINE ( 'NONE', #3004, #54 ) ;
#821 = DIRECTION ( 'NONE',  ( 3.194334880715847578E-16, -1.000000000000000000, 0.000000000000000000 ) ) ;
#822 = DIRECTION ( 'NONE',  ( 0.000000000000000000, 0.000000000000000000, -1.000000000000000000 ) ) ;
#823 = COLOUR_RGB ( '',0.8823529411764705621, 0.8823529411764705621, 0.8823529411764705621 ) ;
#824 = CARTESIAN_POINT ( 'NONE',  ( 109.6973016798573610, -63.67999999999999972, 14.57687709138106769 ) ) ;
#825 = CARTESIAN_POINT ( 'NONE',  ( 64.42720779386421270, -70.62938629089666165, 17.57687709138106769 ) ) ;
#826 = CARTESIAN_POINT ( 'NONE',  ( 120.5999999999999801, -58.67999999999999261, 13.50000000000000178 ) ) ;
#827 = LINE ( 'NONE', #2969, #3456 ) ;
#828 = CARTESIAN_POINT ( 'NONE',  ( 118.0999999999999801, -65.18000000000000682, 14.57687709138107479 ) ) ;
#829 = VERTEX_POINT ( 'NONE', #2608 ) ;
#830 = VERTEX_POINT ( 'NONE', #425 ) ;
#831 = AXIS2_PLACEMENT_3D ( 'NONE', #558, #3414, #888 ) ;
#832 = CIRCLE ( 'NONE', #2206, 1.999999999999999778 ) ;
#833 = VECTOR ( 'NONE', #4059, 1000.000000000000000 ) ;
#834 = ORIENTED_EDGE ( 'NONE', *, *, #3734, .F. ) ;
#835 = VERTEX_POINT ( 'NONE', #35 ) ;
#836 = FACE_OUTER_BOUND ( 'NONE', #2203, .T. ) ;
#837 = DIRECTION ( 'NONE',  ( 0.000000000000000000, 0.000000000000000000, 1.000000000000000000 ) ) ;
#838 = ORIENTED_EDGE ( 'NONE', *, *, #1297, .F. ) ;
#839 = EDGE_CURVE ( 'NONE', #1939, #330, #1290, .T. ) ;
#840 = DIRECTION ( 'NONE',  ( 1.000000000000000000, 0.000000000000000000, 0.000000000000000000 ) ) ;
#841 = CARTESIAN_POINT ( 'NONE',  ( 105.8499998650000009, -153.3699994899999979, 13.50000000000000178 ) ) ;
#842 = DIRECTION ( 'NONE',  ( 1.000000000000000000, 0.000000000000000000, 0.000000000000000000 ) ) ;
#843 = DIRECTION ( 'NONE',  ( -1.000000000000000000, 0.000000000000000000, 0.000000000000000000 ) ) ;
#844 = CARTESIAN_POINT ( 'NONE',  ( 62.90000000000001279, -147.3699994899999979, 13.50000000000000178 ) ) ;
#845 = CARTESIAN_POINT ( 'NONE',  ( 78.14999986499999807, -151.2699994900000036, 13.50000000000000178 ) ) ;
#846 = DIRECTION ( 'NONE',  ( -0.000000000000000000, -1.000000000000000000, -0.000000000000000000 ) ) ;
#847 = LINE ( 'NONE', #541, #472 ) ;
#848 = ORIENTED_EDGE ( 'NONE', *, *, #2522, .T. ) ;
#849 = CIRCLE ( 'NONE', #317, 2.000000000000001776 ) ;
#850 = ORIENTED_EDGE ( 'NONE', *, *, #1667, .T. ) ;
#851 = ADVANCED_FACE ( 'NONE', ( #1352 ), #1662, .F. ) ;
#852 = VERTEX_POINT ( 'NONE', #96 ) ;
#853 = LINE ( 'NONE', #528, #2933 ) ;
#854 = CARTESIAN_POINT ( 'NONE',  ( 118.0999999999999801, -65.18000000000000682, 17.57687709138107479 ) ) ;
#855 = ORIENTED_EDGE ( 'NONE', *, *, #3198, .T. ) ;
#856 = AXIS2_PLACEMENT_3D ( 'NONE', #1129, #1192, #2369 ) ;
#857 = DIRECTION ( 'NONE',  ( 0.000000000000000000, 0.000000000000000000, 1.000000000000000000 ) ) ;
#858 = DIRECTION ( 'NONE',  ( 0.000000000000000000, -1.000000000000000000, 1.734723475976805714E-15 ) ) ;
#859 = DIRECTION ( 'NONE',  ( 0.000000000000000000, 0.000000000000000000, -1.000000000000000000 ) ) ;
#860 = CARTESIAN_POINT ( 'NONE',  ( 120.0999999999999801, -65.18000000000000682, 17.57687709138107479 ) ) ;
#861 = AXIS2_PLACEMENT_3D ( 'NONE', #327, #2857, #2840 ) ;
#862 = EDGE_CURVE ( 'NONE', #1275, #328, #81, .T. ) ;
#863 = ADVANCED_FACE ( 'NONE', ( #2549 ), #1042, .F. ) ;
#864 = DIRECTION ( 'NONE',  ( 0.000000000000000000, 0.000000000000000000, 1.000000000000000000 ) ) ;
#865 = DIRECTION ( 'NONE',  ( 0.000000000000000000, 0.000000000000000000, 1.000000000000000000 ) ) ;
#866 = CARTESIAN_POINT ( 'NONE',  ( 100.8999998649999981, -152.9699994900000206, 22.36000001000000381 ) ) ;
#867 = ORIENTED_EDGE ( 'NONE', *, *, #1166, .F. ) ;
#868 = VERTEX_POINT ( 'NONE', #3886 ) ;
#869 = EDGE_CURVE ( 'NONE', #1853, #1547, #1066, .T. ) ;
#870 = CIRCLE ( 'NONE', #339, 2.875000000000002665 ) ;
#871 = AXIS2_PLACEMENT_3D ( 'NONE', #284, #2507, #3147 ) ;
#872 = ORIENTED_EDGE ( 'NONE', *, *, #2955, .T. ) ;
#873 = ORIENTED_EDGE ( 'NONE', *, *, #1009, .T. ) ;
#874 = EDGE_CURVE ( 'NONE', #3262, #109, #2709, .T. ) ;
#875 = EDGE_CURVE ( 'NONE', #1426, #3795, #348, .T. ) ;
#876 = CYLINDRICAL_SURFACE ( 'NONE', #3989, 2.000000000000001776 ) ;
#877 = DIRECTION ( 'NONE',  ( 1.000000000000000000, 0.000000000000000000, 0.000000000000000000 ) ) ;
#878 = ORIENTED_EDGE ( 'NONE', *, *, #51, .T. ) ;
#879 = EDGE_CURVE ( 'NONE', #3591, #1027, #2515, .T. ) ;
#880 = DIRECTION ( 'NONE',  ( -1.597167440357923543E-16, 1.000000000000000000, 0.000000000000000000 ) ) ;
#881 = CARTESIAN_POINT ( 'NONE',  ( 60.90000000000001279, -140.0902009688855117, 31.25822811676495760 ) ) ;
#882 = CARTESIAN_POINT ( 'NONE',  ( 122.3399186542345660, -141.4019474048124891, 31.42889941571443302 ) ) ;
#883 = DIRECTION ( 'NONE',  ( -0.000000000000000000, -0.000000000000000000, 1.000000000000000000 ) ) ;
#884 = EDGE_CURVE ( 'NONE', #2377, #985, #1264, .T. ) ;
#885 = ADVANCED_FACE ( 'NONE', ( #2314 ), #3268, .F. ) ;
#886 = CARTESIAN_POINT ( 'NONE',  ( 63.30446171654434551, -143.0304958780635900, 31.50000000000000000 ) ) ;
#887 = CARTESIAN_POINT ( 'NONE',  ( 75.44999986500000944, -152.5699994899999865, 30.00000000000000355 ) ) ;
#888 = DIRECTION ( 'NONE',  ( 0.000000000000000000, 0.000000000000000000, -1.000000000000000000 ) ) ;
#889 = CARTESIAN_POINT ( 'NONE',  ( 105.8499998650000009, -151.2699994900000036, 13.50000000000000178 ) ) ;
#890 = ORIENTED_EDGE ( 'NONE', *, *, #3126, .T. ) ;
#891 = EDGE_LOOP ( 'NONE', ( #3964, #79, #2923, #929 ) ) ;
#892 = EDGE_CURVE ( 'NONE', #3627, #2612, #1328, .T. ) ;
#893 = ORIENTED_EDGE ( 'NONE', *, *, #3595, .F. ) ;
#894 = ORIENTED_EDGE ( 'NONE', *, *, #1191, .T. ) ;
#895 = CIRCLE ( 'NONE', #1086, 2.875000000000002665 ) ;
#896 = AXIS2_PLACEMENT_3D ( 'NONE', #1512, #706, #292 ) ;
#897 = CARTESIAN_POINT ( 'NONE',  ( 108.5499998649999895, -149.5699994899999865, 30.00000000000000355 ) ) ;
#898 = CYLINDRICAL_SURFACE ( 'NONE', #3962, 2.875000000000002665 ) ;
#899 = VERTEX_POINT ( 'NONE', #1084 ) ;
#900 = LINE ( 'NONE', #2144, #3258 ) ;
#901 = DIRECTION ( 'NONE',  ( -0.000000000000000000, -0.000000000000000000, 1.000000000000000000 ) ) ;
#902 = DIRECTION ( 'NONE',  ( 0.000000000000000000, 1.000000000000000000, -1.734723475976805714E-15 ) ) ;
#903 = DIRECTION ( 'NONE',  ( 0.000000000000000000, 0.000000000000000000, -1.000000000000000000 ) ) ;
#904 = DIRECTION ( 'NONE',  ( 0.000000000000000000, 0.000000000000000000, -1.000000000000000000 ) ) ;
#905 = ORIENTED_EDGE ( 'NONE', *, *, #129, .T. ) ;
#906 = ORIENTED_EDGE ( 'NONE', *, *, #3833, .F. ) ;
#907 = CARTESIAN_POINT ( 'NONE',  ( 121.4750000000000085, -147.5699994899999865, 31.50000000000000000 ) ) ;
#908 = EDGE_CURVE ( 'NONE', #2579, #208, #3944, .T. ) ;
#909 = AXIS2_PLACEMENT_3D ( 'NONE', #2424, #901, #4053 ) ;
#910 = VERTEX_POINT ( 'NONE', #2367 ) ;
#911 = ORIENTED_EDGE ( 'NONE', *, *, #1257, .F. ) ;
#912 = B_SPLINE_CURVE_WITH_KNOTS ( 'NONE', 3,
 ( #1432, #3066, #241, #2463 ),
 .UNSPECIFIED., .F., .F.,
 ( 4, 4 ),
 ( 0.000000000000000000, 1.000000000000000000 ),
 .UNSPECIFIED. ) ;
#913 = VECTOR ( 'NONE', #2010, 1000.000000000000000 ) ;
#914 = AXIS2_PLACEMENT_3D ( 'NONE', #1409, #1127, #1747 ) ;
#915 = LINE ( 'NONE', #2280, #3129 ) ;
#916 = CARTESIAN_POINT ( 'NONE',  ( 119.6000000000000085, -140.1369651163407468, 26.50000000000000000 ) ) ;
#917 = VERTEX_POINT ( 'NONE', #3660 ) ;
#918 = DIRECTION ( 'NONE',  ( 0.000000000000000000, 0.000000000000000000, 1.000000000000000000 ) ) ;
#919 = FACE_OUTER_BOUND ( 'NONE', #160, .T. ) ;
#920 = CARTESIAN_POINT ( 'NONE',  ( 58.90000000000000568, -143.0304958780635900, 13.50000000000000178 ) ) ;
#921 = CYLINDRICAL_SURFACE ( 'NONE', #1858, 2.000000000000001776 ) ;
#922 = CARTESIAN_POINT ( 'NONE',  ( 108.3499998649999867, -149.5699994899999865, 30.00000000000000355 ) ) ;
#923 = DIRECTION ( 'NONE',  ( 0.000000000000000000, 1.000000000000000000, -0.000000000000000000 ) ) ;
#924 = DIRECTION ( 'NONE',  ( 0.000000000000000000, 0.000000000000000000, -1.000000000000000000 ) ) ;
#925 = ORIENTED_EDGE ( 'NONE', *, *, #155, .T. ) ;
#926 = EDGE_LOOP ( 'NONE', ( #44, #1422, #311, #437 ) ) ;
#927 = ORIENTED_EDGE ( 'NONE', *, *, #2459, .T. ) ;
#928 = EDGE_LOOP ( 'NONE', ( #1934, #2353, #3625, #938 ) ) ;
#929 = ORIENTED_EDGE ( 'NONE', *, *, #3799, .T. ) ;
#930 = AXIS2_PLACEMENT_3D ( 'NONE', #2789, #3103, #612 ) ;
#931 = DIRECTION ( 'NONE',  ( 0.000000000000000000, 1.000000000000000000, 0.000000000000000000 ) ) ;
#932 = DIRECTION ( 'NONE',  ( 0.000000000000000000, 0.000000000000000000, 1.000000000000000000 ) ) ;
#933 = ORIENTED_EDGE ( 'NONE', *, *, #2017, .F. ) ;
#934 = CIRCLE ( 'NONE', #2580, 2.000000000000001776 ) ;
#935 = EDGE_CURVE ( 'NONE', #2680, #2660, #2384, .T. ) ;
#936 = DIRECTION ( 'NONE',  ( 0.000000000000000000, 0.000000000000000000, 1.000000000000000000 ) ) ;
#937 = CARTESIAN_POINT ( 'NONE',  ( 78.14999986499999807, -148.5699994899999865, 22.36000001000000381 ) ) ;
#938 = ORIENTED_EDGE ( 'NONE', *, *, #2201, .T. ) ;
#939 = EDGE_CURVE ( 'NONE', #1180, #2635, #2155, .T. ) ;
#940 = CARTESIAN_POINT ( 'NONE',  ( 100.8999998649999981, -153.3699994899999979, 27.31000001000000310 ) ) ;
#941 = PLANE ( 'NONE',  #2046 ) ;
#942 = CARTESIAN_POINT ( 'NONE',  ( 75.64999986500001228, -151.4699994900000206, 30.00000000000000355 ) ) ;
#943 = DIRECTION ( 'NONE',  ( -0.000000000000000000, -0.000000000000000000, -1.000000000000000000 ) ) ;
#944 = FACE_OUTER_BOUND ( 'NONE', #1317, .T. ) ;
#945 = VERTEX_POINT ( 'NONE', #3618 ) ;
#946 = VERTEX_POINT ( 'NONE', #3287 ) ;
#947 = VERTEX_POINT ( 'NONE', #1474 ) ;
#948 = CIRCLE ( 'NONE', #1282, 0.2000000000000057288 ) ;
#949 = CLOSED_SHELL ( 'NONE', ( #863, #3183, #2252, #2142, #2135, #302, #3860, #2629, #2761, #1424, #3525, #1412, #2665, #3072, #3486, #851, #2465, #3182, #1491, #1797, #1286, #1423, #86, #3829, #1209, #3358, #3080, #2762, #151, #686, #2058, #2574, #2119, #115, #2299, #426, #3247, #3272, #1854, #1863, #161, #729, #3747, #2887, #2749, #2315, #1416, #1835, #231, #696, #297, #2026, #2939, #3820, #2975, #1029, #2639, #1414, #2328, #2957, #2774, #2753, #1364, #3615, #3343, #4045, #82, #3152, #108, #516, #695, #764, #24, #3079, #1332, #1787, #4081, #3487, #1543, #1457, #440, #574, #2880, #3310, #1847, #3174, #2616, #477, #1730, #1791, #2826, #2396, #3492, #2561, #1915, #1237, #1855, #815, #3148, #995, #1907, #2015, #3483, #2920, #3196, #267, #2917, #3252, #991, #1600, #3955, #1737, #2699, #2395, #2266, #2494, #3161, #1064, #3064, #1702, #885, #2025, #2158, #2348, #1515, #3467, #489 ) ) ;
#950 = VERTEX_POINT ( 'NONE', #1766 ) ;
#951 = VERTEX_POINT ( 'NONE', #474 ) ;
#952 = CARTESIAN_POINT ( 'NONE',  ( 64.90000000000001990, -147.5699994899999865, 13.50000000000000178 ) ) ;
#953 = ORIENTED_EDGE ( 'NONE', *, *, #1759, .T. ) ;
#954 = VECTOR ( 'NONE', #2187, 1000.000000000000000 ) ;
#955 = EDGE_CURVE ( 'NONE', #3875, #2965, #384, .T. ) ;
#956 = AXIS2_PLACEMENT_3D ( 'NONE', #611, #84, #1974 ) ;
#957 = AXIS2_PLACEMENT_3D ( 'NONE', #3947, #2358, #3611 ) ;
#958 = CIRCLE ( 'NONE', #2925, 3.000000000000002665 ) ;
#959 = LINE ( 'NONE', #1925, #954 ) ;
#960 = LINE ( 'NONE', #1945, #2357 ) ;
#961 = ORIENTED_EDGE ( 'NONE', *, *, #2995, .T. ) ;
#962 = CIRCLE ( 'NONE', #1881, 2.000000000000001776 ) ;
#963 = CARTESIAN_POINT ( 'NONE',  ( 82.89999986499999807, -148.5699994899999865, 27.11000001000000381 ) ) ;
#964 = CYLINDRICAL_SURFACE ( 'NONE', #3502, 2.000000000000001776 ) ;
#965 = DIRECTION ( 'NONE',  ( -1.000000000000000000, 0.000000000000000000, 0.000000000000000000 ) ) ;
#966 = LINE ( 'NONE', #2550, #3073 ) ;
#967 = FACE_OUTER_BOUND ( 'NONE', #4049, .T. ) ;
#968 = VERTEX_POINT ( 'NONE', #1146 ) ;
#969 = VERTEX_POINT ( 'NONE', #3572 ) ;
#970 = DIRECTION ( 'NONE',  ( 1.000000000000000000, 0.000000000000000000, 0.000000000000000000 ) ) ;
#971 = ORIENTED_EDGE ( 'NONE', *, *, #3677, .T. ) ;
#972 = EDGE_CURVE ( 'NONE', #3241, #2377, #802, .T. ) ;
#973 = ORIENTED_EDGE ( 'NONE', *, *, #13, .T. ) ;
#974 = TOROIDAL_SURFACE ( 'NONE', #3089, 2.000000000000010658, 2.000000000000000000 ) ;
#975 = AXIS2_PLACEMENT_3D ( 'NONE', #3329, #2368, #2405 ) ;
#976 = CARTESIAN_POINT ( 'NONE',  ( 122.6000000000000085, -149.5699994899999865, 33.50000000000000000 ) ) ;
#977 = DIRECTION ( 'NONE',  ( 1.000000000000000000, 0.000000000000000000, 0.000000000000000000 ) ) ;
#978 = EDGE_LOOP ( 'NONE', ( #418, #1561, #190, #3649 ) ) ;
#979 = MECHANICAL_DESIGN_GEOMETRIC_PRESENTATION_REPRESENTATION (  '', ( #3121 ), #1309 ) ;
#980 = FACE_OUTER_BOUND ( 'NONE', #2164, .T. ) ;
#981 = CARTESIAN_POINT ( 'NONE',  ( 123.1000000000000085, -149.3699994899999979, 32.50000000000000000 ) ) ;
#982 = DIRECTION ( 'NONE',  ( -0.000000000000000000, -0.000000000000000000, -1.000000000000000000 ) ) ;
#983 = CARTESIAN_POINT ( 'NONE',  ( 119.4717797887081474, -149.3699994899999979, 7.843145750507614089 ) ) ;
#984 = DIRECTION ( 'NONE',  ( 1.000000000000000000, 0.000000000000000000, 0.000000000000000000 ) ) ;
#985 = VERTEX_POINT ( 'NONE', #758 ) ;
#986 = ORIENTED_EDGE ( 'NONE', *, *, #1015, .F. ) ;
#987 = ORIENTED_EDGE ( 'NONE', *, *, #972, .T. ) ;
#988 = EDGE_CURVE ( 'NONE', #367, #1275, #2067, .T. ) ;
#989 = DIRECTION ( 'NONE',  ( 0.000000000000000000, 1.095474339541231642E-16, -1.000000000000000000 ) ) ;
#990 = ORIENTED_EDGE ( 'NONE', *, *, #2581, .F. ) ;
#991 = ADVANCED_FACE ( 'NONE', ( #452 ), #534, .F. ) ;
#992 = CIRCLE ( 'NONE', #71, 5.535533905932734200 ) ;
#993 = ORIENTED_EDGE ( 'NONE', *, *, #3628, .T. ) ;
#994 = VERTEX_POINT ( 'NONE', #1433 ) ;
#995 = ADVANCED_FACE ( 'NONE', ( #2963 ), #221, .F. ) ;
#996 = EDGE_CURVE ( 'NONE', #3176, #917, #3028, .T. ) ;
#997 = CIRCLE ( 'NONE', #2243, 4.950000000000002842 ) ;
#998 = FACE_BOUND ( 'NONE', #2064, .T. ) ;
#999 = DIRECTION ( 'NONE',  ( -0.000000000000000000, -1.095474339541231642E-16, 1.000000000000000000 ) ) ;
#1000 = EDGE_LOOP ( 'NONE', ( #2225, #2131 ) ) ;
#1001 = VECTOR ( 'NONE', #3617, 1000.000000000000000 ) ;
#1002 = CARTESIAN_POINT ( 'NONE',  ( 105.6499998649999981, -151.2699994900000036, 22.36000001000000381 ) ) ;
#1003 = VECTOR ( 'NONE', #3124, 1000.000000000000000 ) ;
#1004 = DIRECTION ( 'NONE',  ( -0.000000000000000000, -1.000000000000000000, -0.000000000000000000 ) ) ;
#1005 = DIRECTION ( 'NONE',  ( 1.000000000000000000, 0.000000000000000000, -0.000000000000000000 ) ) ;
#1006 = DIRECTION ( 'NONE',  ( 3.194334880715847085E-16, -1.000000000000000000, -1.095474339541231642E-16 ) ) ;
#1007 = FACE_BOUND ( 'NONE', #3568, .T. ) ;
#1008 = ORIENTED_EDGE ( 'NONE', *, *, #130, .T. ) ;
#1009 = EDGE_CURVE ( 'NONE', #3530, #2258, #1960, .T. ) ;
#1010 = VERTEX_POINT ( 'NONE', #3974 ) ;
#1011 = CARTESIAN_POINT ( 'NONE',  ( 58.89999999999999147, -112.6990521082558985, 39.57687709138104992 ) ) ;
#1012 = CARTESIAN_POINT ( 'NONE',  ( 72.35032790664052982, -149.3699994899999979, 32.50000000000000000 ) ) ;
#1013 = CARTESIAN_POINT ( 'NONE',  ( 65.40000000000000568, -65.18000000000000682, 14.57687709138106769 ) ) ;
#1014 = ORIENTED_EDGE ( 'NONE', *, *, #3910, .F. ) ;
#1015 = EDGE_CURVE ( 'NONE', #1647, #3016, #3542, .T. ) ;
#1016 = AXIS2_PLACEMENT_3D ( 'NONE', #1804, #857, #3027 ) ;
#1017 = LINE ( 'NONE', #68, #3650 ) ;
#1018 = CARTESIAN_POINT ( 'NONE',  ( 68.27500000000000568, -65.18000000000000682, 17.57687709138107479 ) ) ;
#1019 = EDGE_LOOP ( 'NONE', ( #683, #2285 ) ) ;
#1020 = CARTESIAN_POINT ( 'NONE',  ( 64.29754322643083242, -143.0637442060217950, 26.50000000000000000 ) ) ;
#1021 = LINE ( 'NONE', #716, #2048 ) ;
#1022 = CARTESIAN_POINT ( 'NONE',  ( 109.6973016798573610, -60.67999999999999972, 17.57687709138106769 ) ) ;
#1023 = CIRCLE ( 'NONE', #1751, 2.000000000000001776 ) ;
#1024 = PRODUCT_CONTEXT ( 'NONE', #722, 'mechanical' ) ;
#1025 = DIRECTION ( 'NONE',  ( 0.000000000000000000, 0.000000000000000000, 1.000000000000000000 ) ) ;
#1026 = ORIENTED_EDGE ( 'NONE', *, *, #709, .T. ) ;
#1027 = VERTEX_POINT ( 'NONE', #1825 ) ;
#1028 = DIRECTION ( 'NONE',  ( 1.000000000000000000, 0.000000000000000000, 0.000000000000000000 ) ) ;
#1029 = ADVANCED_FACE ( 'NONE', ( #919 ), #1517, .F. ) ;
#1030 = CARTESIAN_POINT ( 'NONE',  ( 75.44999986500000944, -152.5699994899999865, 13.50000000000000178 ) ) ;
#1031 = DIRECTION ( 'NONE',  ( 1.000000000000000000, 1.597167440357923543E-16, -0.000000000000000000 ) ) ;
#1032 = CARTESIAN_POINT ( 'NONE',  ( 108.3499998649999867, -152.5699994899999865, 30.00000000000000355 ) ) ;
#1033 = EDGE_CURVE ( 'NONE', #3556, #761, #1208, .T. ) ;
#1034 = ORIENTED_EDGE ( 'NONE', *, *, #610, .T. ) ;
#1035 = ORIENTED_EDGE ( 'NONE', *, *, #3877, .T. ) ;
#1036 = DIRECTION ( 'NONE',  ( 0.000000000000000000, -1.000000000000000000, 0.000000000000000000 ) ) ;
#1037 = DIRECTION ( 'NONE',  ( -0.000000000000000000, -1.000000000000000000, -0.000000000000000000 ) ) ;
#1038 = ORIENTED_EDGE ( 'NONE', *, *, #955, .F. ) ;
#1039 = AXIS2_PLACEMENT_3D ( 'NONE', #3206, #2625, #389 ) ;
#1040 = CARTESIAN_POINT ( 'NONE',  ( 124.5999999999999943, -62.67999999999999972, 17.57687709138106769 ) ) ;
#1041 = DIRECTION ( 'NONE',  ( 1.000000000000000000, 0.000000000000000000, 0.000000000000000000 ) ) ;
#1042 = CYLINDRICAL_SURFACE ( 'NONE', #2911, 2.000000000000001776 ) ;
#1043 = FACE_OUTER_BOUND ( 'NONE', #1381, .T. ) ;
#1044 = CARTESIAN_POINT ( 'NONE',  ( 64.90000000000001990, -147.5699994899999865, 31.50000000000000000 ) ) ;
#1045 = ORIENTED_EDGE ( 'NONE', *, *, #709, .F. ) ;
#1046 = VERTEX_POINT ( 'NONE', #3367 ) ;
#1047 = EDGE_CURVE ( 'NONE', #3468, #732, #1636, .T. ) ;
#1048 = EDGE_CURVE ( 'NONE', #3834, #1279, #1498, .T. ) ;
#1049 = FACE_OUTER_BOUND ( 'NONE', #445, .T. ) ;
#1050 = LINE ( 'NONE', #188, #2205 ) ;
#1051 = CYLINDRICAL_SURFACE ( 'NONE', #1993, 3.000000000000002665 ) ;
#1052 = ORIENTED_EDGE ( 'NONE', *, *, #661, .T. ) ;
#1053 = CIRCLE ( 'NONE', #1576, 18.00000000000001421 ) ;
#1054 = AXIS2_PLACEMENT_3D ( 'NONE', #916, #1513, #2768 ) ;
#1055 = EDGE_CURVE ( 'NONE', #852, #835, #1568, .T. ) ;
#1056 = EDGE_LOOP ( 'NONE', ( #3613, #1640, #893, #2430 ) ) ;
#1057 = EDGE_CURVE ( 'NONE', #3207, #650, #554, .T. ) ;
#1058 = FACE_BOUND ( 'NONE', #1019, .T. ) ;
#1059 = DIRECTION ( 'NONE',  ( 0.000000000000000000, 0.000000000000000000, 1.000000000000000000 ) ) ;
#1060 = ORIENTED_EDGE ( 'NONE', *, *, #689, .F. ) ;
#1061 = EDGE_CURVE ( 'NONE', #1939, #2591, #3428, .T. ) ;
#1062 = DIRECTION ( 'NONE',  ( 1.000000000000000000, 0.000000000000000000, 0.000000000000000000 ) ) ;
#1063 = AXIS2_PLACEMENT_3D ( 'NONE', #2310, #3567, #1999 ) ;
#1064 = ADVANCED_FACE ( 'NONE', ( #2752 ), #4012, .F. ) ;
#1065 = CARTESIAN_POINT ( 'NONE',  ( 82.89999986499999807, -152.9699994900000206, 22.36000001000000381 ) ) ;
#1066 = LINE ( 'NONE', #3475, #414 ) ;
#1067 =( LENGTH_UNIT ( ) NAMED_UNIT ( * ) SI_UNIT ( .MILLI., .METRE. ) );
#1068 = PLANE ( 'NONE',  #1849 ) ;
#1069 = EDGE_LOOP ( 'NONE', ( #2867, #157, #2585, #2393, #3574, #2247, #3728, #3857, #3708, #1401 ) ) ;
#1070 = CARTESIAN_POINT ( 'NONE',  ( 120.5999999999999801, -62.67999999999999972, 33.50000000000000000 ) ) ;
#1071 = DIRECTION ( 'NONE',  ( -1.000000000000000000, -1.597167440357923543E-16, 0.000000000000000000 ) ) ;
#1072 = CARTESIAN_POINT ( 'NONE',  ( 100.8999998649999981, -153.5699994899999865, 22.36000001000000381 ) ) ;
#1073 = DIRECTION ( 'NONE',  ( 1.000000000000000000, -0.000000000000000000, -0.000000000000000000 ) ) ;
#1074 = ORIENTED_EDGE ( 'NONE', *, *, #2871, .F. ) ;
#1075 = ORIENTED_EDGE ( 'NONE', *, *, #1844, .F. ) ;
#1076 = VERTEX_POINT ( 'NONE', #616 ) ;
#1077 = PLANE ( 'NONE',  #3519 ) ;
#1078 = CARTESIAN_POINT ( 'NONE',  ( 65.14939487889152758, -143.0304958780635900, 31.50000000000000000 ) ) ;
#1079 = ORIENTED_EDGE ( 'NONE', *, *, #2033, .T. ) ;
#1080 = CIRCLE ( 'NONE', #3585, 2.875000000000002665 ) ;
#1081 = EDGE_CURVE ( 'NONE', #3868, #1773, #2103, .T. ) ;
#1082 = PLANE ( 'NONE',  #777 ) ;
#1083 = CYLINDRICAL_SURFACE ( 'NONE', #4028, 2.000000000000001776 ) ;
#1084 = CARTESIAN_POINT ( 'NONE',  ( 108.3499998649999867, -150.6699994899999808, 13.50000000000000178 ) ) ;
#1085 = CARTESIAN_POINT ( 'NONE',  ( 118.6000000000000085, -147.5699994899999865, 26.50000000000000000 ) ) ;
#1086 = AXIS2_PLACEMENT_3D ( 'NONE', #2211, #936, #2228 ) ;
#1087 = CARTESIAN_POINT ( 'NONE',  ( 121.4750000000000085, -147.5699994899999865, 31.50000000000000000 ) ) ;
#1088 = CIRCLE ( 'NONE', #2001, 2.000000000000001776 ) ;
#1089 = DIRECTION ( 'NONE',  ( -0.000000000000000000, 0.000000000000000000, -1.000000000000000000 ) ) ;
#1090 = DIRECTION ( 'NONE',  ( 1.597167440357923543E-16, -1.000000000000000000, -1.095474339541231642E-16 ) ) ;
#1091 = CARTESIAN_POINT ( 'NONE',  ( 75.24999986500000659, -149.3699994899999979, 32.50000000000000000 ) ) ;
#1092 = ORIENTED_EDGE ( 'NONE', *, *, #3369, .F. ) ;
#1093 = ORIENTED_EDGE ( 'NONE', *, *, #1287, .F. ) ;
#1094 = CIRCLE ( 'NONE', #3657, 3.000000000000002665 ) ;
#1095 = VERTEX_POINT ( 'NONE', #2833 ) ;
#1096 = ORIENTED_EDGE ( 'NONE', *, *, #3727, .T. ) ;
#1097 = DIRECTION ( 'NONE',  ( 1.000000000000000000, 0.000000000000000000, 0.000000000000000000 ) ) ;
#1098 = CARTESIAN_POINT ( 'NONE',  ( 64.90000000000001990, -147.5699994899999865, 33.50000000000000000 ) ) ;
#1099 = ORIENTED_EDGE ( 'NONE', *, *, #2488, .F. ) ;
#1100 = EDGE_CURVE ( 'NONE', #291, #3419, #52, .T. ) ;
#1101 = AXIS2_PLACEMENT_3D ( 'NONE', #403, #1329, #114 ) ;
#1102 = DIRECTION ( 'NONE',  ( -0.000000000000000000, 0.000000000000000000, -1.000000000000000000 ) ) ;
#1103 = CYLINDRICAL_SURFACE ( 'NONE', #2795, 2.000000000000001776 ) ;
#1104 = CARTESIAN_POINT ( 'NONE',  ( 118.6000000000000085, -147.5699994899999865, 31.50000000000000000 ) ) ;
#1105 = VECTOR ( 'NONE', #1037, 1000.000000000000000 ) ;
#1106 = FACE_OUTER_BOUND ( 'NONE', #2741, .T. ) ;
#1107 = CIRCLE ( 'NONE', #3406, 0.1999999999999987899 ) ;
#1108 = VECTOR ( 'NONE', #843, 1000.000000000000000 ) ;
#1109 = DIRECTION ( 'NONE',  ( 0.000000000000000000, 0.000000000000000000, -1.000000000000000000 ) ) ;
#1110 = DIRECTION ( 'NONE',  ( 1.000000000000000000, 0.000000000000000000, 0.000000000000000000 ) ) ;
#1111 = CARTESIAN_POINT ( 'NONE',  ( 60.90000000000001279, -143.0304958780635900, 31.50000000000000000 ) ) ;
#1112 = CARTESIAN_POINT ( 'NONE',  ( 67.77500000000001990, -147.5699994899999865, 33.50000000000000000 ) ) ;
#1113 = ORIENTED_EDGE ( 'NONE', *, *, #3217, .F. ) ;
#1114 = VERTEX_POINT ( 'NONE', #300 ) ;
#1115 = EDGE_CURVE ( 'NONE', #628, #631, #1959, .T. ) ;
#1116 = EDGE_CURVE ( 'NONE', #1652, #3565, #1465, .T. ) ;
#1117 = ORIENTED_EDGE ( 'NONE', *, *, #2577, .F. ) ;
#1118 = VERTEX_POINT ( 'NONE', #1534 ) ;
#1119 = CARTESIAN_POINT ( 'NONE',  ( 60.90000000000001279, -129.3813461816501444, 25.23459469112148312 ) ) ;
#1120 = CARTESIAN_POINT ( 'NONE',  ( 120.5999999999999801, -60.67999999999999972, 13.50000000000000178 ) ) ;
#1121 = VERTEX_POINT ( 'NONE', #1886 ) ;
#1122 = EDGE_CURVE ( 'NONE', #3265, #950, #3143, .T. ) ;
#1123 = EDGE_CURVE ( 'NONE', #1742, #2983, #379, .T. ) ;
#1124 = CARTESIAN_POINT ( 'NONE',  ( 120.6000000000000085, -147.3699994899999979, 13.50000000000000178 ) ) ;
#1125 = AXIS2_PLACEMENT_3D ( 'NONE', #647, #904, #3132 ) ;
#1126 = CARTESIAN_POINT ( 'NONE',  ( 120.5999999999999801, -62.67999999999999972, 19.57687709138106413 ) ) ;
#1127 = DIRECTION ( 'NONE',  ( 0.000000000000000000, 1.095474339541231642E-16, -1.000000000000000000 ) ) ;
#1128 = LINE ( 'NONE', #2385, #1506 ) ;
#1129 = CARTESIAN_POINT ( 'NONE',  ( 118.0999999999999801, -65.18000000000000682, 14.57687709138106769 ) ) ;
#1130 = AXIS2_PLACEMENT_3D ( 'NONE', #1458, #3977, #3998 ) ;
#1131 = EDGE_CURVE ( 'NONE', #1647, #969, #2792, .T. ) ;
#1132 = DIRECTION ( 'NONE',  ( 1.000000000000000000, 0.000000000000000000, 0.000000000000000000 ) ) ;
#1133 = CARTESIAN_POINT ( 'NONE',  ( 62.90000000000001279, -153.5699994899999865, 31.50000000000000000 ) ) ;
#1134 = CARTESIAN_POINT ( 'NONE',  ( 108.1499998649999839, -152.7699994900000036, 30.00000000000000355 ) ) ;
#1135 = EDGE_LOOP ( 'NONE', ( #2391, #550, #2718, #342 ) ) ;
#1136 = VECTOR ( 'NONE', #779, 1000.000000000000000 ) ;
#1137 = VECTOR ( 'NONE', #1005, 1000.000000000000000 ) ;
#1138 = ORIENTED_EDGE ( 'NONE', *, *, #2272, .T. ) ;
#1139 = EDGE_LOOP ( 'NONE', ( #2705, #4062, #3380, #314, #3355, #3961, #564 ) ) ;
#1140 = VERTEX_POINT ( 'NONE', #3240 ) ;
#1141 = DIRECTION ( 'NONE',  ( 1.000000000000000000, 0.000000000000000000, 0.000000000000000000 ) ) ;
#1142 = LINE ( 'NONE', #112, #1788 ) ;
#1143 = ORIENTED_EDGE ( 'NONE', *, *, #1716, .F. ) ;
#1144 = FACE_OUTER_BOUND ( 'NONE', #3466, .T. ) ;
#1145 = FACE_OUTER_BOUND ( 'NONE', #3097, .T. ) ;
#1146 = CARTESIAN_POINT ( 'NONE',  ( 77.94999986500000944, -151.4699994900000206, 22.36000001000000381 ) ) ;
#1147 = VECTOR ( 'NONE', #4000, 1000.000000000000000 ) ;
#1148 = PLANE ( 'NONE',  #2024 ) ;
#1149 = CARTESIAN_POINT ( 'NONE',  ( 64.29754322643083242, -143.0637442060217950, 31.50000000000000000 ) ) ;
#1150 = CARTESIAN_POINT ( 'NONE',  ( 62.90000000000001279, -153.5699994899999865, 13.50000000000000178 ) ) ;
#1151 = CARTESIAN_POINT ( 'NONE',  ( 100.8999998649999981, -151.4699994900000206, 27.31000001000000310 ) ) ;
#1152 = CARTESIAN_POINT ( 'NONE',  ( 62.90000000000001279, -152.7699994900000036, 13.50000000000000178 ) ) ;
#1153 = ORIENTED_EDGE ( 'NONE', *, *, #586, .T. ) ;
#1154 = ORIENTED_EDGE ( 'NONE', *, *, #1487, .T. ) ;
#1155 = CIRCLE ( 'NONE', #234, 0.1999999999999987899 ) ;
#1156 = VECTOR ( 'NONE', #178, 1000.000000000000000 ) ;
#1157 = AXIS2_PLACEMENT_3D ( 'NONE', #1651, #1262, #2907 ) ;
#1158 = EDGE_CURVE ( 'NONE', #3116, #3337, #400, .T. ) ;
#1159 = VECTOR ( 'NONE', #3166, 1000.000000000000000 ) ;
#1160 = AXIS2_PLACEMENT_3D ( 'NONE', #2817, #3149, #2839 ) ;
#1161 = ORIENTED_EDGE ( 'NONE', *, *, #3891, .F. ) ;
#1162 = CARTESIAN_POINT ( 'NONE',  ( 75.64999986500001228, -152.7699994900000036, 30.00000000000000355 ) ) ;
#1163 = CARTESIAN_POINT ( 'NONE',  ( 108.1499998649999839, -151.0699994899999865, 27.31000001000000310 ) ) ;
#1164 = VERTEX_POINT ( 'NONE', #1307 ) ;
#1165 = DIRECTION ( 'NONE',  ( 0.000000000000000000, 0.000000000000000000, 1.000000000000000000 ) ) ;
#1166 = EDGE_CURVE ( 'NONE', #3277, #835, #587, .T. ) ;
#1167 = CARTESIAN_POINT ( 'NONE',  ( 117.7282202112918839, -149.3699994899999979, 13.50000000000000178 ) ) ;
#1168 = CARTESIAN_POINT ( 'NONE',  ( 121.1449005711211271, -142.7138326901684877, 31.49744965177445621 ) ) ;
#1169 = DIRECTION ( 'NONE',  ( -1.000000000000000000, -3.194334880715847085E-16, 0.000000000000000000 ) ) ;
#1170 = CARTESIAN_POINT ( 'NONE',  ( 66.90000000000001990, -147.5699994899999865, 7.843145750507614089 ) ) ;
#1171 = CYLINDRICAL_SURFACE ( 'NONE', #405, 4.500000000000003553 ) ;
#1172 = DIRECTION ( 'NONE',  ( 1.000000000000000000, 0.000000000000000000, 0.000000000000000000 ) ) ;
#1173 = LINE ( 'NONE', #170, #1673 ) ;
#1174 = VERTEX_POINT ( 'NONE', #1266 ) ;
#1175 = VECTOR ( 'NONE', #555, 1000.000000000000000 ) ;
#1176 = EDGE_CURVE ( 'NONE', #3176, #367, #3802, .T. ) ;
#1177 = EDGE_CURVE ( 'NONE', #1607, #1906, #3020, .T. ) ;
#1178 = VERTEX_POINT ( 'NONE', #2212 ) ;
#1179 = EDGE_CURVE ( 'NONE', #3644, #1095, #1325, .T. ) ;
#1180 = VERTEX_POINT ( 'NONE', #3546 ) ;
#1182 = EDGE_CURVE ( 'NONE', #2858, #3834, #3470, .T. ) ;
#1181 = DIRECTION ( 'NONE',  ( -1.000000000000000000, 0.000000000000000000, 0.000000000000000000 ) ) ;
#1183 = CARTESIAN_POINT ( 'NONE',  ( 67.40000000000000568, -65.18000000000000682, 14.57687709138107479 ) ) ;
#1184 = EDGE_CURVE ( 'NONE', #1609, #1426, #3604, .T. ) ;
#1185 = ORIENTED_EDGE ( 'NONE', *, *, #1495, .F. ) ;
#1186 = CARTESIAN_POINT ( 'NONE',  ( 82.89999986499999807, -151.2699994900000036, 27.31000001000000310 ) ) ;
#1187 = AXIS2_PLACEMENT_3D ( 'NONE', #2107, #3954, #1109 ) ;
#1188 = CARTESIAN_POINT ( 'NONE',  ( 123.1000000000000085, -149.3699994899999979, 26.50000000000000000 ) ) ;
#1189 = DIRECTION ( 'NONE',  ( -0.000000000000000000, -1.000000000000000000, -0.000000000000000000 ) ) ;
#1190 = CYLINDRICAL_SURFACE ( 'NONE', #1700, 2.875000000000002665 ) ;
#1191 = EDGE_CURVE ( 'NONE', #1243, #1118, #960, .T. ) ;
#1192 = DIRECTION ( 'NONE',  ( 0.000000000000000000, 1.095474339541231642E-16, -1.000000000000000000 ) ) ;
#1193 = AXIS2_PLACEMENT_3D ( 'NONE', #681, #2294, #3555 ) ;
#1194 = CARTESIAN_POINT ( 'NONE',  ( 120.6000000000000085, -147.5699994899999865, 31.50000000000000000 ) ) ;
#1195 = DIRECTION ( 'NONE',  ( -0.000000000000000000, -0.000000000000000000, 1.000000000000000000 ) ) ;
#1196 = DIRECTION ( 'NONE',  ( 1.000000000000000000, 0.000000000000000000, 0.000000000000000000 ) ) ;
#1197 = EDGE_LOOP ( 'NONE', ( #2118, #4023, #906, #1219 ) ) ;
#1198 = ORIENTED_EDGE ( 'NONE', *, *, #1888, .T. ) ;
#1199 = VECTOR ( 'NONE', #2260, 1000.000000000000000 ) ;
#1200 = CIRCLE ( 'NONE', #675, 0.2000000000000057288 ) ;
#1201 = ORIENTED_EDGE ( 'NONE', *, *, #3648, .F. ) ;
#1202 = EDGE_LOOP ( 'NONE', ( #3404, #3764, #3694, #3450 ) ) ;
#1203 = CIRCLE ( 'NONE', #1395, 2.000000000000001776 ) ;
#1204 = CARTESIAN_POINT ( 'NONE',  ( 111.1966223924481625, -146.3699994899999979, 31.50000000000000000 ) ) ;
#1205 = LINE ( 'NONE', #2117, #2096 ) ;
#1206 = ORIENTED_EDGE ( 'NONE', *, *, #144, .F. ) ;
#1207 = LINE ( 'NONE', #2423, #1745 ) ;
#1208 = LINE ( 'NONE', #577, #2286 ) ;
#1209 = ADVANCED_FACE ( 'NONE', ( #3511 ), #1346, .F. ) ;
#1210 = DIRECTION ( 'NONE',  ( 0.000000000000000000, 0.000000000000000000, 1.000000000000000000 ) ) ;
#1211 = EDGE_CURVE ( 'NONE', #2912, #207, #1657, .T. ) ;
#1212 = CYLINDRICAL_SURFACE ( 'NONE', #871, 0.2000000000000057288 ) ;
#1213 = LINE ( 'NONE', #2469, #3791 ) ;
#1214 = CARTESIAN_POINT ( 'NONE',  ( 100.8999998649999981, -153.3699994899999979, 27.31000001000000310 ) ) ;
#1215 = VERTEX_POINT ( 'NONE', #691 ) ;
#1216 = ORIENTED_EDGE ( 'NONE', *, *, #3026, .T. ) ;
#1217 = DIRECTION ( 'NONE',  ( -1.000000000000000000, 0.000000000000000000, 0.000000000000000000 ) ) ;
#1218 = AXIS2_PLACEMENT_3D ( 'NONE', #1676, #3862, #3902 ) ;
#1219 = ORIENTED_EDGE ( 'NONE', *, *, #1057, .F. ) ;
#1220 = ORIENTED_EDGE ( 'NONE', *, *, #1274, .T. ) ;
#1221 = AXIS2_PLACEMENT_3D ( 'NONE', #3381, #3968, #1141 ) ;
#1222 = AXIS2_PLACEMENT_3D ( 'NONE', #1862, #3402, #3102 ) ;
#1223 = DIRECTION ( 'NONE',  ( -0.000000000000000000, -1.095474339541231642E-16, 1.000000000000000000 ) ) ;
#1224 = CYLINDRICAL_SURFACE ( 'NONE', #1577, 0.1999999999999987899 ) ;
#1225 = EDGE_LOOP ( 'NONE', ( #218, #229, #2356, #3630 ) ) ;
#1226 = PLANE ( 'NONE',  #2130 ) ;
#1227 = CARTESIAN_POINT ( 'NONE',  ( 120.5999999999999801, -62.67999999999999972, 33.50000000000000000 ) ) ;
#1228 = DIRECTION ( 'NONE',  ( -1.000000000000000000, 0.000000000000000000, 0.000000000000000000 ) ) ;
#1229 = DIRECTION ( 'NONE',  ( 1.000000000000000000, 0.000000000000000000, 0.000000000000000000 ) ) ;
#1230 = DIRECTION ( 'NONE',  ( -0.000000000000000000, -0.000000000000000000, -1.000000000000000000 ) ) ;
#1231 = CARTESIAN_POINT ( 'NONE',  ( 62.52499999999999858, -65.18000000000000682, 17.57687709138107479 ) ) ;
#1232 = CARTESIAN_POINT ( 'NONE',  ( 120.6000000000000085, -147.5699994899999865, 26.50000000000000000 ) ) ;
#1233 = ORIENTED_EDGE ( 'NONE', *, *, #3101, .T. ) ;
#1234 = ORIENTED_EDGE ( 'NONE', *, *, #875, .T. ) ;
#1235 = DIRECTION ( 'NONE',  ( 1.000000000000000000, -0.000000000000000000, -0.000000000000000000 ) ) ;
#1236 = ORIENTED_EDGE ( 'NONE', *, *, #3769, .F. ) ;
#1237 = ADVANCED_FACE ( 'NONE', ( #1980 ), #210, .T. ) ;
#1238 = ORIENTED_EDGE ( 'NONE', *, *, #908, .T. ) ;
#1239 = AXIS2_PLACEMENT_3D ( 'NONE', #139, #2711, #2085 ) ;
#1240 = EDGE_CURVE ( 'NONE', #2579, #1755, #90, .T. ) ;
#1241 = FACE_OUTER_BOUND ( 'NONE', #3471, .T. ) ;
#1242 = CARTESIAN_POINT ( 'NONE',  ( 108.3499998649999867, -150.6699994899999808, 30.00000000000000355 ) ) ;
#1243 = VERTEX_POINT ( 'NONE', #1018 ) ;
#1244 = FACE_OUTER_BOUND ( 'NONE', #411, .T. ) ;
#1245 = CARTESIAN_POINT ( 'NONE',  ( 120.7047640359911043, -142.9309046735666584, 31.49985339534040207 ) ) ;
#1246 = ORIENTED_EDGE ( 'NONE', *, *, #3809, .F. ) ;
#1247 = CARTESIAN_POINT ( 'NONE',  ( 108.1499998649999839, -150.8699994899999979, 30.00000000000000355 ) ) ;
#1248 = AXIS2_PLACEMENT_3D ( 'NONE', #159, #775, #1428 ) ;
#1249 = CARTESIAN_POINT ( 'NONE',  ( 108.3499998649999867, -149.5699994899999865, 30.00000000000000355 ) ) ;
#1250 = CARTESIAN_POINT ( 'NONE',  ( 120.5999999999999801, -58.67999999999999261, 17.57687709138106769 ) ) ;
#1251 = CARTESIAN_POINT ( 'NONE',  ( 108.1499998649999839, -151.4699994900000206, 30.00000000000000355 ) ) ;
#1252 = LINE ( 'NONE', #2509, #1385 ) ;
#1253 = ORIENTED_EDGE ( 'NONE', *, *, #2318, .F. ) ;
#1254 = ORIENTED_EDGE ( 'NONE', *, *, #4034, .T. ) ;
#1255 = ORIENTED_EDGE ( 'NONE', *, *, #332, .F. ) ;
#1256 = ORIENTED_EDGE ( 'NONE', *, *, #972, .F. ) ;
#1257 = EDGE_CURVE ( 'NONE', #2996, #1607, #3159, .T. ) ;
#1258 = ORIENTED_EDGE ( 'NONE', *, *, #4046, .T. ) ;
#1259 = AXIS2_PLACEMENT_3D ( 'NONE', #3001, #3284, #2683 ) ;
#1260 = EDGE_CURVE ( 'NONE', #2325, #1799, #341, .T. ) ;
#1261 = CIRCLE ( 'NONE', #1922, 2.000000000000000000 ) ;
#1262 = DIRECTION ( 'NONE',  ( -0.000000000000000000, -0.000000000000000000, -1.000000000000000000 ) ) ;
#1263 = EDGE_LOOP ( 'NONE', ( #2496, #607, #603, #1074 ) ) ;
#1264 = CIRCLE ( 'NONE', #1859, 2.875000000000002665 ) ;
#1265 = CARTESIAN_POINT ( 'NONE',  ( 100.8999998649999981, -148.5699994899999865, 27.11000001000000381 ) ) ;
#1266 = CARTESIAN_POINT ( 'NONE',  ( 58.89999999999999147, -62.67999999999999972, 13.50000000000000178 ) ) ;
#1267 = ORIENTED_EDGE ( 'NONE', *, *, #3359, .T. ) ;
#1268 = LINE ( 'NONE', #579, #2095 ) ;
#1269 = CYLINDRICAL_SURFACE ( 'NONE', #3835, 2.000000000000001776 ) ;
#1270 = CYLINDRICAL_SURFACE ( 'NONE', #671, 2.000000000000001776 ) ;
#1271 = DIRECTION ( 'NONE',  ( 0.000000000000000000, 1.000000000000000000, 0.000000000000000000 ) ) ;
#1272 = FACE_OUTER_BOUND ( 'NONE', #3229, .T. ) ;
#1273 = ORIENTED_EDGE ( 'NONE', *, *, #2979, .T. ) ;
#1274 = EDGE_CURVE ( 'NONE', #572, #899, #673, .T. ) ;
#1275 = VERTEX_POINT ( 'NONE', #711 ) ;
#1276 = CARTESIAN_POINT ( 'NONE',  ( 120.5999999999999801, -62.67999999999999972, 13.50000000000000178 ) ) ;
#1277 = AXIS2_PLACEMENT_3D ( 'NONE', #3751, #2419, #3674 ) ;
#1278 = VERTEX_POINT ( 'NONE', #3179 ) ;
#1279 = VERTEX_POINT ( 'NONE', #2563 ) ;
#1280 = AXIS2_PLACEMENT_3D ( 'NONE', #841, #2383, #3678 ) ;
#1281 = CIRCLE ( 'NONE', #896, 4.950000000000002842 ) ;
#1282 = AXIS2_PLACEMENT_3D ( 'NONE', #396, #436, #3770 ) ;
#1283 = CARTESIAN_POINT ( 'NONE',  ( 118.6000000000000085, -147.5699994899999865, 26.50000000000000000 ) ) ;
#1284 = DIRECTION ( 'NONE',  ( -0.000000000000000000, -0.000000000000000000, 1.000000000000000000 ) ) ;
#1285 = ORIENTED_EDGE ( 'NONE', *, *, #536, .F. ) ;
#1286 = ADVANCED_FACE ( 'NONE', ( #2249 ), #1962, .F. ) ;
#1287 = EDGE_CURVE ( 'NONE', #3265, #790, #1367, .T. ) ;
#1288 = DIRECTION ( 'NONE',  ( -1.000000000000000000, 0.000000000000000000, 0.000000000000000000 ) ) ;
#1289 = LINE ( 'NONE', #1909, #73 ) ;
#1290 = LINE ( 'NONE', #2254, #3967 ) ;
#1291 = DIRECTION ( 'NONE',  ( 0.000000000000000000, 0.000000000000000000, 1.000000000000000000 ) ) ;
#1292 = LINE ( 'NONE', #2551, #2618 ) ;
#1293 = EDGE_LOOP ( 'NONE', ( #2041, #3113, #3138, #153 ) ) ;
#1294 = ORIENTED_EDGE ( 'NONE', *, *, #3667, .F. ) ;
#1295 = CYLINDRICAL_SURFACE ( 'NONE', #2529, 0.2000000000000057288 ) ;
#1296 = DIRECTION ( 'NONE',  ( 0.000000000000000000, -1.000000000000000000, -0.000000000000000000 ) ) ;
#1297 = EDGE_CURVE ( 'NONE', #899, #1874, #544, .T. ) ;
#1298 = EDGE_CURVE ( 'NONE', #829, #2311, #1142, .T. ) ;
#1299 = AXIS2_PLACEMENT_3D ( 'NONE', #1449, #3062, #3950 ) ;
#1300 = ORIENTED_EDGE ( 'NONE', *, *, #2505, .T. ) ;
#1301 = VECTOR ( 'NONE', #2914, 1000.000000000000000 ) ;
#1302 = ORIENTED_EDGE ( 'NONE', *, *, #1431, .T. ) ;
#1303 = AXIS2_PLACEMENT_3D ( 'NONE', #2027, #1165, #162 ) ;
#1304 = CIRCLE ( 'NONE', #3338, 4.950000000000002842 ) ;
#1305 = EDGE_CURVE ( 'NONE', #1076, #3485, #8, .T. ) ;
#1306 = CYLINDRICAL_SURFACE ( 'NONE', #1675, 0.2000000000000057288 ) ;
#1307 = CARTESIAN_POINT ( 'NONE',  ( 78.14999986499999807, -151.2699994900000036, 13.50000000000000178 ) ) ;
#1308 = ORIENTED_EDGE ( 'NONE', *, *, #1743, .F. ) ;
#1309 =( GEOMETRIC_REPRESENTATION_CONTEXT ( 3 ) GLOBAL_UNCERTAINTY_ASSIGNED_CONTEXT ( ( #304 ) ) GLOBAL_UNIT_ASSIGNED_CONTEXT ( ( #430, #1376, #3521 ) ) REPRESENTATION_CONTEXT ( 'NONE', 'WORKASPACE' ) );
#1310 = LINE ( 'NONE', #1002, #375 ) ;
#1311 = DIRECTION ( 'NONE',  ( 0.000000000000000000, 1.000000000000000000, 0.000000000000000000 ) ) ;
#1312 = LINE ( 'NONE', #3204, #2360 ) ;
#1313 = EDGE_CURVE ( 'NONE', #1799, #2306, #2842, .T. ) ;
#1314 = DIRECTION ( 'NONE',  ( 0.000000000000000000, 0.000000000000000000, -1.000000000000000000 ) ) ;
#1315 = FACE_OUTER_BOUND ( 'NONE', #657, .T. ) ;
#1316 = EDGE_LOOP ( 'NONE', ( #2295, #2821, #2060, #3395 ) ) ;
#1317 = EDGE_LOOP ( 'NONE', ( #2238, #133, #501, #776 ) ) ;
#1318 = PRESENTATION_STYLE_ASSIGNMENT (( #3249 ) ) ;
#1319 = CARTESIAN_POINT ( 'NONE',  ( 108.1499998649999839, -151.6699994900000092, 30.00000000000000355 ) ) ;
#1320 = CARTESIAN_POINT ( 'NONE',  ( 123.1000000000000085, -149.3699994899999979, 32.50000000000000000 ) ) ;
#1321 = EDGE_LOOP ( 'NONE', ( #1823, #2848, #1246, #2993 ) ) ;
#1322 = AXIS2_PLACEMENT_3D ( 'NONE', #3415, #582, #1540 ) ;
#1323 = VECTOR ( 'NONE', #1396, 1000.000000000000000 ) ;
#1324 = DIRECTION ( 'NONE',  ( 1.000000000000000000, 1.597167440357923543E-16, -0.000000000000000000 ) ) ;
#1325 = LINE ( 'NONE', #2288, #3733 ) ;
#1326 = ORIENTED_EDGE ( 'NONE', *, *, #262, .T. ) ;
#1327 = CIRCLE ( 'NONE', #2777, 20.00000000000000355 ) ;
#1328 = CIRCLE ( 'NONE', #1659, 2.000000000000001776 ) ;
#1329 = DIRECTION ( 'NONE',  ( 0.000000000000000000, -1.000000000000000000, 0.000000000000000000 ) ) ;
#1330 = CARTESIAN_POINT ( 'NONE',  ( 62.90000000000001279, -153.5699994899999865, 27.31000001000000310 ) ) ;
#1331 = DIRECTION ( 'NONE',  ( 0.000000000000000000, 0.000000000000000000, -1.000000000000000000 ) ) ;
#1332 = ADVANCED_FACE ( 'NONE', ( #3925 ), #3022, .T. ) ;
#1333 = CARTESIAN_POINT ( 'NONE',  ( 75.64999986500001228, -151.6699994900000092, 30.00000000000000355 ) ) ;
#1334 = CARTESIAN_POINT ( 'NONE',  ( 120.5999999999999801, -60.67999999999999972, 14.57687709138106769 ) ) ;
#1335 = ORIENTED_EDGE ( 'NONE', *, *, #2202, .F. ) ;
#1336 = ORIENTED_EDGE ( 'NONE', *, *, #2239, .F. ) ;
#1337 = LINE ( 'NONE', #2882, #2891 ) ;
#1338 = DIRECTION ( 'NONE',  ( 0.000000000000000000, -0.000000000000000000, -1.000000000000000000 ) ) ;
#1339 = DIRECTION ( 'NONE',  ( 0.000000000000000000, 0.000000000000000000, 1.000000000000000000 ) ) ;
#1340 = CARTESIAN_POINT ( 'NONE',  ( 108.1499998649999839, -151.4699994900000206, 30.00000000000000355 ) ) ;
#1341 = ORIENTED_EDGE ( 'NONE', *, *, #1888, .F. ) ;
#1342 = PRESENTATION_LAYER_ASSIGNMENT (  '', '', ( #3121 ) ) ;
#1343 = VERTEX_POINT ( 'NONE', #1120 ) ;
#1344 = AXIS2_PLACEMENT_3D ( 'NONE', #9, #1595, #597 ) ;
#1345 = DIRECTION ( 'NONE',  ( -0.000000000000000000, -1.095474339541231642E-16, 1.000000000000000000 ) ) ;
#1346 = CYLINDRICAL_SURFACE ( 'NONE', #3548, 4.750000000000000888 ) ;
#1347 = EDGE_LOOP ( 'NONE', ( #3257, #1461, #454, #2093 ) ) ;
#1348 = AXIS2_PLACEMENT_3D ( 'NONE', #1204, #2788, #4047 ) ;
#1349 = DIRECTION ( 'NONE',  ( -1.000000000000000000, 0.000000000000000000, 0.000000000000000000 ) ) ;
#1350 = TOROIDAL_SURFACE ( 'NONE', #2733, 4.950000000000001954, 0.2000000000000000111 ) ;
#1351 = FACE_OUTER_BOUND ( 'NONE', #2433, .T. ) ;
#1352 = FACE_OUTER_BOUND ( 'NONE', #3557, .T. ) ;
#1353 = VECTOR ( 'NONE', #3435, 1000.000000000000000 ) ;
#1354 = SURFACE_STYLE_FILL_AREA ( #3554 ) ;
#1355 = CARTESIAN_POINT ( 'NONE',  ( 100.8999998649999981, -152.9699994900000206, 22.36000001000000381 ) ) ;
#1356 = EDGE_LOOP ( 'NONE', ( #3151, #3034, #1096, #1384, #3019, #1712, #1953, #487, #1138, #3035 ) ) ;
#1357 = VERTEX_POINT ( 'NONE', #197 ) ;
#1358 = CYLINDRICAL_SURFACE ( 'NONE', #2226, 20.00000000000000355 ) ;
#1359 = CARTESIAN_POINT ( 'NONE',  ( 75.44999986500000944, -150.6699994899999808, 30.00000000000000355 ) ) ;
#1360 = CARTESIAN_POINT ( 'NONE',  ( 75.24999986500000659, -149.5699994899999865, 30.00000000000000355 ) ) ;
#1361 = DIRECTION ( 'NONE',  ( -3.194334880715847085E-16, 1.000000000000000000, 0.000000000000000000 ) ) ;
#1362 = ORIENTED_EDGE ( 'NONE', *, *, #2223, .F. ) ;
#1363 = EDGE_CURVE ( 'NONE', #1832, #3868, #3232, .T. ) ;
#1364 = ADVANCED_FACE ( 'NONE', ( #2398 ), #3655, .F. ) ;
#1365 = EDGE_CURVE ( 'NONE', #3591, #3053, #734, .T. ) ;
#1366 = DIRECTION ( 'NONE',  ( 0.000000000000000000, 0.000000000000000000, -1.000000000000000000 ) ) ;
#1367 = LINE ( 'NONE', #469, #2511 ) ;
#1368 = ORIENTED_EDGE ( 'NONE', *, *, #329, .T. ) ;
#1369 = VECTOR ( 'NONE', #1411, 1000.000000000000000 ) ;
#1370 = DIRECTION ( 'NONE',  ( 0.000000000000000000, 0.000000000000000000, -1.000000000000000000 ) ) ;
#1371 = CARTESIAN_POINT ( 'NONE',  ( 124.5999999999999943, -62.67999999999999972, 13.50000000000000178 ) ) ;
#1372 = DIRECTION ( 'NONE',  ( 1.000000000000000000, 0.000000000000000000, 0.000000000000000000 ) ) ;
#1373 = CARTESIAN_POINT ( 'NONE',  ( 77.94999986499999522, -151.2699994900000036, 22.36000001000000381 ) ) ;
#1374 = ORIENTED_EDGE ( 'NONE', *, *, #2087, .F. ) ;
#1375 = ORIENTED_EDGE ( 'NONE', *, *, #2787, .T. ) ;
#1376 =( NAMED_UNIT ( * ) PLANE_ANGLE_UNIT ( ) SI_UNIT ( $, .RADIAN. ) );
#1377 = DIRECTION ( 'NONE',  ( -0.000000000000000000, -0.000000000000000000, -1.000000000000000000 ) ) ;
#1378 = DIRECTION ( 'NONE',  ( 0.000000000000000000, 1.095474339541231642E-16, -1.000000000000000000 ) ) ;
#1379 = CARTESIAN_POINT ( 'NONE',  ( 58.89999999999999147, -112.6990521082558985, 19.57687709138105703 ) ) ;
#1380 = EDGE_LOOP ( 'NONE', ( #2414, #2478, #1563, #719, #1796, #3889, #3656, #1494, #438, #2809 ) ) ;
#1381 = EDGE_LOOP ( 'NONE', ( #2678, #3423, #401, #3228, #3547, #3610, #121, #3586 ) ) ;
#1382 = CIRCLE ( 'NONE', #2232, 0.2000000000000057288 ) ;
#1383 = EDGE_CURVE ( 'NONE', #2996, #316, #2704, .T. ) ;
#1384 = ORIENTED_EDGE ( 'NONE', *, *, #3026, .F. ) ;
#1385 = VECTOR ( 'NONE', #924, 1000.000000000000000 ) ;
#1386 = DIRECTION ( 'NONE',  ( 1.000000000000000000, 0.000000000000000000, 0.000000000000000000 ) ) ;
#1387 = CARTESIAN_POINT ( 'NONE',  ( 62.90000000000001279, -149.5699994899999865, 31.50000000000000000 ) ) ;
#1388 = VERTEX_POINT ( 'NONE', #1078 ) ;
#1389 = FACE_OUTER_BOUND ( 'NONE', #1406, .T. ) ;
#1390 = VECTOR ( 'NONE', #3842, 1000.000000000000000 ) ;
#1391 = AXIS2_PLACEMENT_3D ( 'NONE', #2149, #2468, #3720 ) ;
#1392 = DIRECTION ( 'NONE',  ( 1.000000000000000000, 0.000000000000000000, -0.000000000000000000 ) ) ;
#1393 = DIRECTION ( 'NONE',  ( -0.000000000000000000, -1.095474339541231642E-16, 1.000000000000000000 ) ) ;
#1394 = CARTESIAN_POINT ( 'NONE',  ( 62.90000000000001279, -149.3699994899999979, 31.50000000000000000 ) ) ;
#1395 = AXIS2_PLACEMENT_3D ( 'NONE', #3778, #1848, #1288 ) ;
#1396 = DIRECTION ( 'NONE',  ( -1.000000000000000000, -0.000000000000000000, -0.000000000000000000 ) ) ;
#1397 = DIRECTION ( 'NONE',  ( 0.000000000000000000, 1.000000000000000000, 0.000000000000000000 ) ) ;
#1398 = DIRECTION ( 'NONE',  ( 0.000000000000000000, 0.000000000000000000, 1.000000000000000000 ) ) ;
#1399 = ORIENTED_EDGE ( 'NONE', *, *, #1591, .T. ) ;
#1400 = EDGE_CURVE ( 'NONE', #2571, #1719, #3879, .T. ) ;
#1401 = ORIENTED_EDGE ( 'NONE', *, *, #2767, .T. ) ;
#1402 = VERTEX_POINT ( 'NONE', #3340 ) ;
#1403 = ORIENTED_EDGE ( 'NONE', *, *, #1722, .F. ) ;
#1404 = PLANE ( 'NONE',  #502 ) ;
#1405 = DIRECTION ( 'NONE',  ( -1.000000000000000000, 0.000000000000000000, 0.000000000000000000 ) ) ;
#1406 = EDGE_LOOP ( 'NONE', ( #2092, #3940, #3491, #3054 ) ) ;
#1407 = CARTESIAN_POINT ( 'NONE',  ( 119.2000000000000171, -143.1101788658044427, 26.50000000000000000 ) ) ;
#1408 = DIRECTION ( 'NONE',  ( 0.000000000000000000, 1.095474339541231642E-16, -1.000000000000000000 ) ) ;
#1409 = CARTESIAN_POINT ( 'NONE',  ( 65.40000000000000568, -65.18000000000000682, 14.57687709138106769 ) ) ;
#1410 =( NAMED_UNIT ( * ) PLANE_ANGLE_UNIT ( ) SI_UNIT ( $, .RADIAN. ) );
#1411 = DIRECTION ( 'NONE',  ( 1.000000000000000000, -0.000000000000000000, -0.000000000000000000 ) ) ;
#1412 = ADVANCED_FACE ( 'NONE', ( #817 ), #510, .T. ) ;
#1413 = DIRECTION ( 'NONE',  ( 0.000000000000000000, 1.000000000000000000, -1.040834085586084059E-15 ) ) ;
#1414 = ADVANCED_FACE ( 'NONE', ( #2335 ), #1761, .F. ) ;
#1415 = AXIS2_PLACEMENT_3D ( 'NONE', #3373, #3332, #4036 ) ;
#1416 = ADVANCED_FACE ( 'NONE', ( #3323 ), #2298, .T. ) ;
#1417 = AXIS2_PLACEMENT_3D ( 'NONE', #3007, #2345, #1705 ) ;
#1418 = CARTESIAN_POINT ( 'NONE',  ( 120.0999999999999801, -65.18000000000000682, 14.57687709138107479 ) ) ;
#1419 = DIRECTION ( 'NONE',  ( -1.000000000000000000, -0.000000000000000000, 0.000000000000000000 ) ) ;
#1420 = FACE_OUTER_BOUND ( 'NONE', #2175, .T. ) ;
#1421 = VERTEX_POINT ( 'NONE', #3590 ) ;
#1422 = ORIENTED_EDGE ( 'NONE', *, *, #1240, .F. ) ;
#1423 = ADVANCED_FACE ( 'NONE', ( #2937 ), #2021, .F. ) ;
#1424 = ADVANCED_FACE ( 'NONE', ( #2725 ), #898, .F. ) ;
#1425 = ORIENTED_EDGE ( 'NONE', *, *, #875, .F. ) ;
#1426 = VERTEX_POINT ( 'NONE', #1183 ) ;
#1427 = LINE ( 'NONE', #3924, #3460 ) ;
#1428 = DIRECTION ( 'NONE',  ( -1.000000000000000000, 0.000000000000000000, 0.000000000000000000 ) ) ;
#1429 = ORIENTED_EDGE ( 'NONE', *, *, #3935, .T. ) ;
#1430 = DIRECTION ( 'NONE',  ( 0.000000000000000000, 0.000000000000000000, -1.000000000000000000 ) ) ;
#1431 = EDGE_CURVE ( 'NONE', #328, #813, #3426, .T. ) ;
#1432 = CARTESIAN_POINT ( 'NONE',  ( 64.65060512110849800, -143.0304958780635900, 31.50000000000000000 ) ) ;
#1433 = CARTESIAN_POINT ( 'NONE',  ( 105.8499998650000009, -153.5699994899999865, 13.50000000000000178 ) ) ;
#1434 = VECTOR ( 'NONE', #3200, 1000.000000000000000 ) ;
#1435 = DIRECTION ( 'NONE',  ( -0.000000000000000000, -1.095474339541231642E-16, 1.000000000000000000 ) ) ;
#1436 = CARTESIAN_POINT ( 'NONE',  ( 75.44999986500000944, -152.5699994899999865, 30.00000000000000355 ) ) ;
#1437 = AXIS2_PLACEMENT_3D ( 'NONE', #3046, #1393, #184 ) ;
#1438 = DIRECTION ( 'NONE',  ( 0.000000000000000000, 1.095474339541231642E-16, -1.000000000000000000 ) ) ;
#1439 = DIRECTION ( 'NONE',  ( -1.000000000000000000, 0.000000000000000000, -0.000000000000000000 ) ) ;
#1440 = LINE ( 'NONE', #1152, #3960 ) ;
#1441 = ORIENTED_EDGE ( 'NONE', *, *, #259, .F. ) ;
#1442 = ORIENTED_EDGE ( 'NONE', *, *, #371, .F. ) ;
#1443 = PRODUCT_DEFINITION_SHAPE ( 'NONE', 'NONE',  #4029 ) ;
#1444 = EDGE_LOOP ( 'NONE', ( #2790, #4068 ) ) ;
#1445 = VERTEX_POINT ( 'NONE', #3731 ) ;
#1446 = CARTESIAN_POINT ( 'NONE',  ( 82.89999986499999807, -151.2699994900000036, 27.11000001000000381 ) ) ;
#1447 = DIRECTION ( 'NONE',  ( 1.000000000000000000, 0.000000000000000000, 0.000000000000000000 ) ) ;
#1448 = ORIENTED_EDGE ( 'NONE', *, *, #3451, .T. ) ;
#1449 = CARTESIAN_POINT ( 'NONE',  ( 118.0999999999999801, -65.18000000000000682, 14.57687709138107479 ) ) ;
#1450 = CARTESIAN_POINT ( 'NONE',  ( 118.6000000000000085, -147.5699994899999865, 31.50000000000000000 ) ) ;
#1451 = DIRECTION ( 'NONE',  ( 0.000000000000000000, -1.000000000000000000, 0.000000000000000000 ) ) ;
#1452 = LINE ( 'NONE', #3288, #1369 ) ;
#1453 = EDGE_CURVE ( 'NONE', #595, #66, #147, .T. ) ;
#1454 = CIRCLE ( 'NONE', #2394, 5.535533905932747523 ) ;
#1455 = CARTESIAN_POINT ( 'NONE',  ( 60.90000000000001279, -129.3813461816501444, 25.23459469112148668 ) ) ;
#1456 = VECTOR ( 'NONE', #3392, 1000.000000000000000 ) ;
#1457 = ADVANCED_FACE ( 'NONE', ( #217 ), #1224, .T. ) ;
#1458 = CARTESIAN_POINT ( 'NONE',  ( 122.5999999999999943, -112.6990521082558985, 17.57687709138106058 ) ) ;
#1459 = DIRECTION ( 'NONE',  ( 0.000000000000000000, 1.000000000000000000, 0.000000000000000000 ) ) ;
#1460 = FACE_OUTER_BOUND ( 'NONE', #3170, .T. ) ;
#1461 = ORIENTED_EDGE ( 'NONE', *, *, #3799, .F. ) ;
#1462 = TOROIDAL_SURFACE ( 'NONE', #278, 4.950000000000001954, 0.2000000000000000111 ) ;
#1463 = AXIS2_PLACEMENT_3D ( 'NONE', #2274, #3866, #3846 ) ;
#1464 = ORIENTED_EDGE ( 'NONE', *, *, #575, .T. ) ;
#1465 = B_SPLINE_CURVE_WITH_KNOTS ( 'NONE', 3,
 ( #2442, #3091, #1554, #882, #242, #261, #4070, #1168, #4032, #1245, #2501, #637 ),
 .UNSPECIFIED., .F., .F.,
 ( 4, 2, 2, 2, 2, 4 ),
 ( 0.000000000000000000, 0.0009756243515736740587, 0.001951248703147348117, 0.002926873054721021959, 0.003414685230507842183, 0.003902497406294662408 ),
 .UNSPECIFIED. ) ;
#1466 = ORIENTED_EDGE ( 'NONE', *, *, #756, .T. ) ;
#1467 = ORIENTED_EDGE ( 'NONE', *, *, #1177, .F. ) ;
#1468 = CARTESIAN_POINT ( 'NONE',  ( 122.5999999999999943, -112.6990521082558985, 19.57687709138105703 ) ) ;
#1469 = LINE ( 'NONE', #1242, #2174 ) ;
#1470 = EDGE_LOOP ( 'NONE', ( #1267, #2598, #3899, #2204 ) ) ;
#1471 = EDGE_CURVE ( 'NONE', #2457, #2973, #4026, .T. ) ;
#1472 = EDGE_CURVE ( 'NONE', #66, #2492, #1205, .T. ) ;
#1473 = CARTESIAN_POINT ( 'NONE',  ( 111.1966223924481625, -149.3699994899999979, 31.50000000000000000 ) ) ;
#1474 = CARTESIAN_POINT ( 'NONE',  ( 122.5999999999999801, -62.67999999999999972, 13.50000000000000178 ) ) ;
#1475 = AXIS2_PLACEMENT_3D ( 'NONE', #952, #2951, #707 ) ;
#1476 = AXIS2_PLACEMENT_3D ( 'NONE', #1276, #1896, #970 ) ;
#1477 = LINE ( 'NONE', #3680, #3870 ) ;
#1478 = DIRECTION ( 'NONE',  ( 0.000000000000000000, 0.000000000000000000, 1.000000000000000000 ) ) ;
#1479 = DIRECTION ( 'NONE',  ( -1.000000000000000000, 0.000000000000000000, 0.000000000000000000 ) ) ;
#1480 = CARTESIAN_POINT ( 'NONE',  ( 64.90000000000001990, -147.5699994899999865, 26.50000000000000000 ) ) ;
#1481 = DIRECTION ( 'NONE',  ( 1.000000000000000000, 0.000000000000000000, 0.000000000000000000 ) ) ;
#1482 = EDGE_LOOP ( 'NONE', ( #3362, #2390, #4039, #1484 ) ) ;
#1483 = CIRCLE ( 'NONE', #1016, 2.000000000000015543 ) ;
#1484 = ORIENTED_EDGE ( 'NONE', *, *, #3425, .T. ) ;
#1485 = AXIS2_PLACEMENT_3D ( 'NONE', #2479, #2888, #274 ) ;
#1486 = VECTOR ( 'NONE', #1181, 1000.000000000000000 ) ;
#1487 = EDGE_CURVE ( 'NONE', #2829, #899, #1469, .T. ) ;
#1488 = CIRCLE ( 'NONE', #238, 0.2000000000000057288 ) ;
#1489 = VECTOR ( 'NONE', #1644, 1000.000000000000000 ) ;
#1490 = ORIENTED_EDGE ( 'NONE', *, *, #14, .T. ) ;
#1491 = ADVANCED_FACE ( 'NONE', ( #2498 ), #1801, .F. ) ;
#1492 = DIRECTION ( 'NONE',  ( 0.000000000000000000, -0.000000000000000000, 1.000000000000000000 ) ) ;
#1493 = DIRECTION ( 'NONE',  ( 0.000000000000000000, 1.000000000000000000, 0.000000000000000000 ) ) ;
#1494 = ORIENTED_EDGE ( 'NONE', *, *, #3918, .T. ) ;
#1495 = EDGE_CURVE ( 'NONE', #1567, #852, #404, .T. ) ;
#1496 = CARTESIAN_POINT ( 'NONE',  ( 120.0999999999999801, -65.18000000000000682, 14.57687709138107479 ) ) ;
#1497 = CARTESIAN_POINT ( 'NONE',  ( 58.89999999999999147, -112.6990521082558985, 17.57687709138106058 ) ) ;
#1498 = LINE ( 'NONE', #937, #3342 ) ;
#1499 = AXIS2_PLACEMENT_3D ( 'NONE', #2727, #1803, #493 ) ;
#1500 = FACE_OUTER_BOUND ( 'NONE', #668, .T. ) ;
#1501 = CARTESIAN_POINT ( 'NONE',  ( 62.05093797740307338, -142.4779299638963437, 31.49241194361500362 ) ) ;
#1502 = DIRECTION ( 'NONE',  ( 0.000000000000000000, 0.000000000000000000, -1.000000000000000000 ) ) ;
#1503 = DIRECTION ( 'NONE',  ( -0.000000000000000000, -0.000000000000000000, 1.000000000000000000 ) ) ;
#1504 = CARTESIAN_POINT ( 'NONE',  ( 120.5999999999999943, -151.5699994899999865, 33.50000000000000000 ) ) ;
#1505 = ORIENTED_EDGE ( 'NONE', *, *, #538, .T. ) ;
#1506 = VECTOR ( 'NONE', #3368, 1000.000000000000000 ) ;
#1507 = ORIENTED_EDGE ( 'NONE', *, *, #563, .T. ) ;
#1508 = CIRCLE ( 'NONE', #3815, 20.00000000000000355 ) ;
#1509 = ORIENTED_EDGE ( 'NONE', *, *, #1777, .T. ) ;
#1510 = ORIENTED_EDGE ( 'NONE', *, *, #3009, .F. ) ;
#1511 = EDGE_CURVE ( 'NONE', #985, #2377, #870, .T. ) ;
#1512 = CARTESIAN_POINT ( 'NONE',  ( 82.89999986499999807, -150.8699994899999979, 22.36000001000000381 ) ) ;
#1513 = DIRECTION ( 'NONE',  ( -0.000000000000000000, -0.000000000000000000, 1.000000000000000000 ) ) ;
#1514 = ORIENTED_EDGE ( 'NONE', *, *, #1100, .F. ) ;
#1515 = ADVANCED_FACE ( 'NONE', ( #3443, #1531 ), #3059, .T. ) ;
#1516 = CARTESIAN_POINT ( 'NONE',  ( 63.39999999999999858, -65.18000000000000682, 14.57687709138107479 ) ) ;
#1517 = CYLINDRICAL_SURFACE ( 'NONE', #525, 2.000000000000001776 ) ;
#1518 = DIRECTION ( 'NONE',  ( 0.000000000000000000, 0.000000000000000000, 1.000000000000000000 ) ) ;
#1519 = AXIS2_PLACEMENT_3D ( 'NONE', #3112, #663, #2818 ) ;
#1520 = DIRECTION ( 'NONE',  ( 0.000000000000000000, 0.000000000000000000, 1.000000000000000000 ) ) ;
#1521 = FACE_OUTER_BOUND ( 'NONE', #1532, .T. ) ;
#1522 = CARTESIAN_POINT ( 'NONE',  ( 108.1499998649999839, -150.8699994899999979, 13.50000000000000178 ) ) ;
#1523 = ORIENTED_EDGE ( 'NONE', *, *, #1287, .T. ) ;
#1524 = EDGE_LOOP ( 'NONE', ( #3752, #2719, #87, #2915 ) ) ;
#1525 = AXIS2_PLACEMENT_3D ( 'NONE', #807, #1792, #498 ) ;
#1526 = ORIENTED_EDGE ( 'NONE', *, *, #2363, .T. ) ;
#1527 = ORIENTED_EDGE ( 'NONE', *, *, #3861, .T. ) ;
#1528 = TOROIDAL_SURFACE ( 'NONE', #3505, 4.950000000000001954, 0.2000000000000000111 ) ;
#1529 = EDGE_CURVE ( 'NONE', #631, #1076, #1454, .T. ) ;
#1530 = PLANE ( 'NONE',  #1749 ) ;
#1531 = FACE_OUTER_BOUND ( 'NONE', #3036, .T. ) ;
#1532 = EDGE_LOOP ( 'NONE', ( #2617, #61, #249, #971 ) ) ;
#1533 = LINE ( 'NONE', #2791, #2472 ) ;
#1534 = CARTESIAN_POINT ( 'NONE',  ( 68.27500000000000568, -65.18000000000000682, 19.57687709138107124 ) ) ;
#1535 = CYLINDRICAL_SURFACE ( 'NONE', #1728, 4.000000000000003553 ) ;
#1536 = EDGE_CURVE ( 'NONE', #208, #2189, #2722, .T. ) ;
#1537 = CARTESIAN_POINT ( 'NONE',  ( 122.6000000000000085, -147.3699994899999979, 31.50000000000000000 ) ) ;
#1538 = DIRECTION ( 'NONE',  ( -1.000000000000000000, 0.000000000000000000, 0.000000000000000000 ) ) ;
#1539 = DIRECTION ( 'NONE',  ( 0.000000000000000000, -1.000000000000000000, 0.000000000000000000 ) ) ;
#1540 = DIRECTION ( 'NONE',  ( 0.000000000000000000, 1.000000000000000000, 0.000000000000000000 ) ) ;
#1541 = ORIENTED_EDGE ( 'NONE', *, *, #3397, .T. ) ;
#1542 = ORIENTED_EDGE ( 'NONE', *, *, #1536, .T. ) ;
#1543 = ADVANCED_FACE ( 'NONE', ( #2098 ), #3057, .T. ) ;
#1544 = ORIENTED_EDGE ( 'NONE', *, *, #2137, .F. ) ;
#1545 = CIRCLE ( 'NONE', #1876, 3.000000000000002665 ) ;
#1546 = ORIENTED_EDGE ( 'NONE', *, *, #2417, .T. ) ;
#1547 = VERTEX_POINT ( 'NONE', #2437 ) ;
#1548 = CIRCLE ( 'NONE', #2069, 0.2000000000000057288 ) ;
#1549 = AXIS2_PLACEMENT_3D ( 'NONE', #1810, #3111, #1172 ) ;
#1550 = DIRECTION ( 'NONE',  ( -1.597167440357923543E-16, 1.000000000000000000, 0.000000000000000000 ) ) ;
#1551 = DIRECTION ( 'NONE',  ( 0.000000000000000000, 1.095474339541231642E-16, -1.000000000000000000 ) ) ;
#1552 = VERTEX_POINT ( 'NONE', #2808 ) ;
#1553 = CARTESIAN_POINT ( 'NONE',  ( 75.44999986500000944, -151.6699994900000092, 30.00000000000000355 ) ) ;
#1554 = CARTESIAN_POINT ( 'NONE',  ( 122.5483683060535469, -140.7807498271164377, 31.36158579451391759 ) ) ;
#1555 = ORIENTED_EDGE ( 'NONE', *, *, #538, .F. ) ;
#1556 = DIRECTION ( 'NONE',  ( -0.000000000000000000, -0.000000000000000000, -1.000000000000000000 ) ) ;
#1557 = LINE ( 'NONE', #2193, #2974 ) ;
#1558 = DIRECTION ( 'NONE',  ( 0.000000000000000000, -0.000000000000000000, 1.000000000000000000 ) ) ;
#1559 = CARTESIAN_POINT ( 'NONE',  ( 64.90000000000001990, -147.5699994899999865, 31.50000000000000000 ) ) ;
#1560 = DIRECTION ( 'NONE',  ( 0.000000000000000000, 1.000000000000000000, 0.000000000000000000 ) ) ;
#1561 = ORIENTED_EDGE ( 'NONE', *, *, #398, .T. ) ;
#1562 = EDGE_CURVE ( 'NONE', #316, #946, #766, .T. ) ;
#1563 = ORIENTED_EDGE ( 'NONE', *, *, #446, .F. ) ;
#1564 = ORIENTED_EDGE ( 'NONE', *, *, #3919, .T. ) ;
#1565 = AXIS2_PLACEMENT_3D ( 'NONE', #243, #2754, #2444 ) ;
#1566 = VERTEX_POINT ( 'NONE', #548 ) ;
#1567 = VERTEX_POINT ( 'NONE', #1781 ) ;
#1568 = CIRCLE ( 'NONE', #2883, 18.00000000000001421 ) ;
#1569 = DIRECTION ( 'NONE',  ( -0.000000000000000000, -0.000000000000000000, 1.000000000000000000 ) ) ;
#1570 = ORIENTED_EDGE ( 'NONE', *, *, #1590, .T. ) ;
#1571 = EDGE_CURVE ( 'NONE', #1215, #2456, #3382, .T. ) ;
#1572 = DIRECTION ( 'NONE',  ( 0.000000000000000000, -0.000000000000000000, 1.000000000000000000 ) ) ;
#1573 = CARTESIAN_POINT ( 'NONE',  ( 120.5999999999999801, -58.67999999999999261, 17.57687709138106769 ) ) ;
#1574 = ORIENTED_EDGE ( 'NONE', *, *, #939, .T. ) ;
#1575 = LINE ( 'NONE', #2231, #2112 ) ;
#1576 = AXIS2_PLACEMENT_3D ( 'NONE', #920, #2466, #902 ) ;
#1577 = AXIS2_PLACEMENT_3D ( 'NONE', #1163, #4067, #3712 ) ;
#1578 = FACE_OUTER_BOUND ( 'NONE', #1802, .T. ) ;
#1579 = DIRECTION ( 'NONE',  ( 0.000000000000000000, 1.000000000000000000, 0.000000000000000000 ) ) ;
#1580 = CARTESIAN_POINT ( 'NONE',  ( 118.6000000000000085, -147.5699994899999865, 33.50000000000000000 ) ) ;
#1581 = CARTESIAN_POINT ( 'NONE',  ( 120.5999999999999943, -151.5699994899999865, 33.50000000000000000 ) ) ;
#1582 = ORIENTED_EDGE ( 'NONE', *, *, #2327, .F. ) ;
#1583 = ORIENTED_EDGE ( 'NONE', *, *, #879, .T. ) ;
#1584 = AXIS2_PLACEMENT_3D ( 'NONE', #3722, #2780, #4077 ) ;
#1585 = CARTESIAN_POINT ( 'NONE',  ( 122.5999999999999801, -58.67999999999994287, 19.57687709138106413 ) ) ;
#1586 = ORIENTED_EDGE ( 'NONE', *, *, #275, .T. ) ;
#1587 = VERTEX_POINT ( 'NONE', #1711 ) ;
#1588 = AXIS2_PLACEMENT_3D ( 'NONE', #1387, #837, #2359 ) ;
#1589 = VECTOR ( 'NONE', #3434, 1000.000000000000000 ) ;
#1590 = EDGE_CURVE ( 'NONE', #664, #3334, #2634, .T. ) ;
#1591 = EDGE_CURVE ( 'NONE', #3285, #1547, #3576, .T. ) ;
#1592 = ORIENTED_EDGE ( 'NONE', *, *, #1131, .T. ) ;
#1593 = AXIS2_PLACEMENT_3D ( 'NONE', #2606, #1619, #2941 ) ;
#1594 = EDGE_CURVE ( 'NONE', #2822, #2879, #1806, .T. ) ;
#1595 = DIRECTION ( 'NONE',  ( 1.000000000000000000, -0.000000000000000000, 0.000000000000000000 ) ) ;
#1596 = CARTESIAN_POINT ( 'NONE',  ( 67.77500000000001990, -147.5699994899999865, 31.50000000000000000 ) ) ;
#1597 = ORIENTED_EDGE ( 'NONE', *, *, #689, .T. ) ;
#1598 = DIRECTION ( 'NONE',  ( -1.000000000000000000, 0.000000000000000000, 0.000000000000000000 ) ) ;
#1599 = EDGE_CURVE ( 'NONE', #1587, #3208, #635, .T. ) ;
#1600 = ADVANCED_FACE ( 'NONE', ( #630 ), #461, .F. ) ;
#1601 = CARTESIAN_POINT ( 'NONE',  ( 116.0999999999999801, -65.18000000000000682, 14.57687709138107479 ) ) ;
#1602 = CARTESIAN_POINT ( 'NONE',  ( 67.40000000000000568, -65.18000000000000682, 14.57687709138107479 ) ) ;
#1603 = DIRECTION ( 'NONE',  ( 0.000000000000000000, 0.000000000000000000, 1.000000000000000000 ) ) ;
#1604 = CYLINDRICAL_SURFACE ( 'NONE', #2042, 0.1999999999999987899 ) ;
#1605 = ORIENTED_EDGE ( 'NONE', *, *, #336, .T. ) ;
#1606 = EDGE_CURVE ( 'NONE', #2965, #685, #3895, .T. ) ;
#1607 = VERTEX_POINT ( 'NONE', #745 ) ;
#1608 = ORIENTED_EDGE ( 'NONE', *, *, #2720, .T. ) ;
#1609 = VERTEX_POINT ( 'NONE', #107 ) ;
#1610 = EDGE_CURVE ( 'NONE', #790, #1617, #958, .T. ) ;
#1611 = EDGE_CURVE ( 'NONE', #2627, #3104, #948, .T. ) ;
#1612 = ORIENTED_EDGE ( 'NONE', *, *, #3084, .T. ) ;
#1613 = CIRCLE ( 'NONE', #3917, 0.2000000000000057288 ) ;
#1614 = VECTOR ( 'NONE', #1195, 1000.000000000000000 ) ;
#1615 = EDGE_CURVE ( 'NONE', #3135, #947, #3214, .T. ) ;
#1616 = DIRECTION ( 'NONE',  ( 1.000000000000000000, -0.000000000000000000, -0.000000000000000000 ) ) ;
#1617 = VERTEX_POINT ( 'NONE', #125 ) ;
#1618 = AXIS2_PLACEMENT_3D ( 'NONE', #1580, #76, #2219 ) ;
#1619 = DIRECTION ( 'NONE',  ( 1.000000000000000000, 1.597167440357923543E-16, -0.000000000000000000 ) ) ;
#1620 = DIRECTION ( 'NONE',  ( 0.000000000000000000, 1.000000000000000000, 0.000000000000000000 ) ) ;
#1621 = LINE ( 'NONE', #3515, #2555 ) ;
#1622 = CARTESIAN_POINT ( 'NONE',  ( 60.89999999999999858, -62.67999999999999972, 14.57687709138106769 ) ) ;
#1623 = DIRECTION ( 'NONE',  ( 0.000000000000000000, 1.095474339541231642E-16, -1.000000000000000000 ) ) ;
#1624 = ORIENTED_EDGE ( 'NONE', *, *, #3549, .F. ) ;
#1625 = ORIENTED_EDGE ( 'NONE', *, *, #3397, .F. ) ;
#1626 = ORIENTED_EDGE ( 'NONE', *, *, #3935, .F. ) ;
#1627 = DIRECTION ( 'NONE',  ( 0.000000000000000000, 1.095474339541231642E-16, -1.000000000000000000 ) ) ;
#1628 = DIRECTION ( 'NONE',  ( 1.000000000000000000, 0.000000000000000000, 0.000000000000000000 ) ) ;
#1629 = EDGE_CURVE ( 'NONE', #650, #1174, #3234, .T. ) ;
#1630 = VECTOR ( 'NONE', #1783, 1000.000000000000000 ) ;
#1631 = ORIENTED_EDGE ( 'NONE', *, *, #3928, .F. ) ;
#1632 = VECTOR ( 'NONE', #2464, 1000.000000000000000 ) ;
#1633 = VECTOR ( 'NONE', #2120, 1000.000000000000000 ) ;
#1634 = ORIENTED_EDGE ( 'NONE', *, *, #3988, .F. ) ;
#1635 = CIRCLE ( 'NONE', #2284, 3.000000000000002665 ) ;
#1636 = CIRCLE ( 'NONE', #2820, 3.000000000000002665 ) ;
#1637 = EDGE_CURVE ( 'NONE', #546, #1713, #2934, .T. ) ;
#1638 = FACE_OUTER_BOUND ( 'NONE', #3982, .T. ) ;
#1639 = CARTESIAN_POINT ( 'NONE',  ( 78.14999986499999807, -148.5699994899999865, 22.36000001000000381 ) ) ;
#1640 = ORIENTED_EDGE ( 'NONE', *, *, #2542, .F. ) ;
#1641 = CARTESIAN_POINT ( 'NONE',  ( 65.40000000000000568, -65.18000000000000682, 17.57687709138106769 ) ) ;
#1642 = DIRECTION ( 'NONE',  ( 0.000000000000000000, 0.000000000000000000, -1.000000000000000000 ) ) ;
#1643 = DIRECTION ( 'NONE',  ( 0.000000000000000000, 0.000000000000000000, 1.000000000000000000 ) ) ;
#1644 = DIRECTION ( 'NONE',  ( -0.000000000000000000, -0.000000000000000000, 1.000000000000000000 ) ) ;
#1645 = CYLINDRICAL_SURFACE ( 'NONE', #539, 2.875000000000002665 ) ;
#1646 = ORIENTED_EDGE ( 'NONE', *, *, #181, .F. ) ;
#1647 = VERTEX_POINT ( 'NONE', #2929 ) ;
#1648 = FACE_OUTER_BOUND ( 'NONE', #176, .T. ) ;
#1649 = DIRECTION ( 'NONE',  ( 1.000000000000000000, 0.000000000000000000, 0.000000000000000000 ) ) ;
#1650 = CARTESIAN_POINT ( 'NONE',  ( 77.94999986499999522, -152.9699994900000206, 13.50000000000000178 ) ) ;
#1651 = CARTESIAN_POINT ( 'NONE',  ( 75.24999986500000659, -149.5699994899999865, 13.50000000000000178 ) ) ;
#1652 = VERTEX_POINT ( 'NONE', #85 ) ;
#1653 = VECTOR ( 'NONE', #265, 1000.000000000000000 ) ;
#1654 = AXIS2_PLACEMENT_3D ( 'NONE', #2645, #529, #2959 ) ;
#1655 = CIRCLE ( 'NONE', #1720, 2.875000000000002665 ) ;
#1656 = CARTESIAN_POINT ( 'NONE',  ( 62.90000000000001279, -149.5699994899999865, 33.50000000000000000 ) ) ;
#1657 = LINE ( 'NONE', #731, #1390 ) ;
#1658 = ORIENTED_EDGE ( 'NONE', *, *, #4055, .T. ) ;
#1659 = AXIS2_PLACEMENT_3D ( 'NONE', #1104, #3907, #3952 ) ;
#1660 = DIRECTION ( 'NONE',  ( 0.000000000000000000, 0.000000000000000000, -1.000000000000000000 ) ) ;
#1661 = CARTESIAN_POINT ( 'NONE',  ( 124.6000000000000085, -112.6990521082558985, 39.57687709138104992 ) ) ;
#1662 = PLANE ( 'NONE',  #3564 ) ;
#1663 = DIRECTION ( 'NONE',  ( -1.000000000000000000, 0.000000000000000000, 0.000000000000000000 ) ) ;
#1664 = ORIENTED_EDGE ( 'NONE', *, *, #819, .F. ) ;
#1665 = VERTEX_POINT ( 'NONE', #1340 ) ;
#1666 = CARTESIAN_POINT ( 'NONE',  ( 78.14999986499999807, -153.3699994899999979, 22.36000001000000381 ) ) ;
#1667 = EDGE_CURVE ( 'NONE', #1567, #3334, #3461, .T. ) ;
#1668 = EDGE_CURVE ( 'NONE', #3868, #685, #1671, .T. ) ;
#1669 = DIRECTION ( 'NONE',  ( 1.000000000000000000, 0.000000000000000000, 0.000000000000000000 ) ) ;
#1670 = FACE_OUTER_BOUND ( 'NONE', #1470, .T. ) ;
#1671 = LINE ( 'NONE', #1032, #3772 ) ;
#1672 = ORIENTED_EDGE ( 'NONE', *, *, #1240, .T. ) ;
#1673 = VECTOR ( 'NONE', #2036, 1000.000000000000000 ) ;
#1674 = EDGE_LOOP ( 'NONE', ( #1812, #1198, #2971, #464 ) ) ;
#1675 = AXIS2_PLACEMENT_3D ( 'NONE', #3105, #2562, #3142 ) ;
#1676 = CARTESIAN_POINT ( 'NONE',  ( 118.6000000000000085, -147.5699994899999865, 7.843145750507614089 ) ) ;
#1677 = CARTESIAN_POINT ( 'NONE',  ( 105.6499998649999981, -152.9699994900000206, 13.50000000000000178 ) ) ;
#1678 = VERTEX_POINT ( 'NONE', #2828 ) ;
#1679 = TOROIDAL_SURFACE ( 'NONE', #2732, 18.00000000000000355, 2.000000000000000000 ) ;
#1680 = CARTESIAN_POINT ( 'NONE',  ( 100.8999998649999981, -151.4699994900000206, 27.31000001000000665 ) ) ;
#1681 = VECTOR ( 'NONE', #1073, 1000.000000000000000 ) ;
#1682 = CARTESIAN_POINT ( 'NONE',  ( 65.40000000000000568, -65.18000000000000682, 14.57687709138106769 ) ) ;
#1683 = CARTESIAN_POINT ( 'NONE',  ( 62.90000000000001279, -151.4699994900000206, 13.50000000000000178 ) ) ;
#1684 = AXIS2_PLACEMENT_3D ( 'NONE', #1871, #3830, #3810 ) ;
#1685 = SURFACE_SIDE_STYLE ('',( #1354 ) ) ;
#1686 = CARTESIAN_POINT ( 'NONE',  ( 118.6000000000000085, -147.5699994899999865, 26.50000000000000000 ) ) ;
#1687 = ORIENTED_EDGE ( 'NONE', *, *, #380, .F. ) ;
#1688 = ORIENTED_EDGE ( 'NONE', *, *, #3507, .T. ) ;
#1689 = CARTESIAN_POINT ( 'NONE',  ( 75.64999986500001228, -151.4699994900000206, 30.00000000000000355 ) ) ;
#1690 = EDGE_CURVE ( 'NONE', #484, #3081, #2207, .T. ) ;
#1691 = DIRECTION ( 'NONE',  ( 0.000000000000000000, 0.000000000000000000, 1.000000000000000000 ) ) ;
#1692 = CARTESIAN_POINT ( 'NONE',  ( 122.6000000000000085, -149.5699994899999865, 13.50000000000000178 ) ) ;
#1693 = ORIENTED_EDGE ( 'NONE', *, *, #1116, .F. ) ;
#1694 = ORIENTED_EDGE ( 'NONE', *, *, #135, .T. ) ;
#1695 = ORIENTED_EDGE ( 'NONE', *, *, #1400, .F. ) ;
#1696 = ORIENTED_EDGE ( 'NONE', *, *, #536, .T. ) ;
#1697 = PLANE ( 'NONE',  #3260 ) ;
#1698 = DIRECTION ( 'NONE',  ( 1.000000000000000000, 0.000000000000000000, 0.000000000000000000 ) ) ;
#1699 = EDGE_LOOP ( 'NONE', ( #2843, #814, #878, #3818, #2621, #1756, #2141, #961, #1464, #3173, #1631, #3336, #3851, #3015, #374, #1688, #301, #973, #674, #1624, #1335, #2115, #1236, #4043, #3270, #3536, #990, #2186, #3991, #128, #3823, #287, #2296, #1038, #3581, #23, #2677, #3832, #1919, #838, #3691, #290, #3985, #986, #1592, #3723, #335, #3776, #4044, #3281, #2806, #3748 ) ) ;
#1700 = AXIS2_PLACEMENT_3D ( 'NONE', #3068, #883, #578 ) ;
#1701 = LINE ( 'NONE', #3844, #2874 ) ;
#1702 = ADVANCED_FACE ( 'NONE', ( #2520 ), #1051, .F. ) ;
#1703 = DIRECTION ( 'NONE',  ( 1.000000000000000000, 0.000000000000000000, 0.000000000000000000 ) ) ;
#1704 = DIRECTION ( 'NONE',  ( 1.000000000000000000, 0.000000000000000000, 0.000000000000000000 ) ) ;
#1705 = DIRECTION ( 'NONE',  ( -1.000000000000000000, 0.000000000000000000, 0.000000000000000000 ) ) ;
#1706 = DIRECTION ( 'NONE',  ( 0.000000000000000000, 1.000000000000000000, 0.000000000000000000 ) ) ;
#1707 = EDGE_LOOP ( 'NONE', ( #1403, #873, #1448, #470 ) ) ;
#1708 = FILL_AREA_STYLE ('',( #3271 ) ) ;
#1709 = CARTESIAN_POINT ( 'NONE',  ( 77.94999986499999522, -152.9699994900000206, 30.00000000000000355 ) ) ;
#1710 = CARTESIAN_POINT ( 'NONE',  ( 114.1579734354689037, -146.8499994899999876, 26.50000000000000000 ) ) ;
#1711 = CARTESIAN_POINT ( 'NONE',  ( 60.90000000000001279, -149.5699994899999865, 33.50000000000000000 ) ) ;
#1712 = ORIENTED_EDGE ( 'NONE', *, *, #3219, .T. ) ;
#1713 = VERTEX_POINT ( 'NONE', #3275 ) ;
#1714 = VECTOR ( 'NONE', #1750, 1000.000000000000000 ) ;
#1715 = EDGE_LOOP ( 'NONE', ( #3817, #1273, #1026, #1425 ) ) ;
#1716 = EDGE_CURVE ( 'NONE', #1678, #546, #3914, .T. ) ;
#1717 = LINE ( 'NONE', #158, #3653 ) ;
#1718 = DIRECTION ( 'NONE',  ( 0.000000000000000000, 0.000000000000000000, -1.000000000000000000 ) ) ;
#1719 = VERTEX_POINT ( 'NONE', #1883 ) ;
#1720 = AXIS2_PLACEMENT_3D ( 'NONE', #325, #1520, #4035 ) ;
#1721 = CARTESIAN_POINT ( 'NONE',  ( 58.89999999999999147, -62.67999999999999972, 17.57687709138106769 ) ) ;
#1722 = EDGE_CURVE ( 'NONE', #3530, #2879, #3140, .T. ) ;
#1723 = CIRCLE ( 'NONE', #2245, 2.000000000000001776 ) ;
#1724 = FACE_OUTER_BOUND ( 'NONE', #3666, .T. ) ;
#1725 = CARTESIAN_POINT ( 'NONE',  ( 108.1499998649999839, -151.6699994900000092, 13.50000000000000178 ) ) ;
#1726 = CARTESIAN_POINT ( 'NONE',  ( 75.64999986500001228, -150.8699994899999979, 13.50000000000000178 ) ) ;
#1727 = LINE ( 'NONE', #2672, #255 ) ;
#1728 = AXIS2_PLACEMENT_3D ( 'NONE', #3739, #3472, #1598 ) ;
#1729 = CARTESIAN_POINT ( 'NONE',  ( 61.12918454895739728, -141.2530380501507636, 31.41276827499855173 ) ) ;
#1730 = ADVANCED_FACE ( 'NONE', ( #3352 ), #3261, .T. ) ;
#1731 = EDGE_CURVE ( 'NONE', #793, #2270, #1488, .T. ) ;
#1732 = CARTESIAN_POINT ( 'NONE',  ( 122.6000000000000085, -147.3699994899999979, 26.50000000000000000 ) ) ;
#1733 = LINE ( 'NONE', #1753, #2337 ) ;
#1734 = DIRECTION ( 'NONE',  ( -1.000000000000000000, 0.000000000000000000, 0.000000000000000000 ) ) ;
#1735 = ORIENTED_EDGE ( 'NONE', *, *, #1590, .F. ) ;
#1736 = ORIENTED_EDGE ( 'NONE', *, *, #27, .T. ) ;
#1737 = ADVANCED_FACE ( 'NONE', ( #2110 ), #4017, .F. ) ;
#1738 = EDGE_LOOP ( 'NONE', ( #3218, #1820, #508, #1895, #1490, #22, #3789, #652, #310, #101 ) ) ;
#1739 = ORIENTED_EDGE ( 'NONE', *, *, #31, .F. ) ;
#1740 = CARTESIAN_POINT ( 'NONE',  ( 100.8999998649999981, -148.5699994899999865, 27.11000001000000381 ) ) ;
#1741 = CARTESIAN_POINT ( 'NONE',  ( 108.1499998649999839, -152.5699994899999865, 30.00000000000000355 ) ) ;
#1742 = VERTEX_POINT ( 'NONE', #3624 ) ;
#1743 = EDGE_CURVE ( 'NONE', #1010, #1118, #1080, .T. ) ;
#1744 = DIRECTION ( 'NONE',  ( 0.000000000000000000, 0.000000000000000000, 1.000000000000000000 ) ) ;
#1745 = VECTOR ( 'NONE', #200, 1000.000000000000000 ) ;
#1746 = DIRECTION ( 'NONE',  ( 0.000000000000000000, 0.000000000000000000, -1.000000000000000000 ) ) ;
#1747 = DIRECTION ( 'NONE',  ( 0.000000000000000000, 1.000000000000000000, 0.000000000000000000 ) ) ;
#1748 = CARTESIAN_POINT ( 'NONE',  ( 82.89999986499999807, -152.7699994900000036, 27.31000001000000310 ) ) ;
#1749 = AXIS2_PLACEMENT_3D ( 'NONE', #3730, #1031, #1550 ) ;
#1750 = DIRECTION ( 'NONE',  ( 0.000000000000000000, 0.000000000000000000, -1.000000000000000000 ) ) ;
#1751 = AXIS2_PLACEMENT_3D ( 'NONE', #1111, #2388, #460 ) ;
#1752 = CYLINDRICAL_SURFACE ( 'NONE', #735, 0.2000000000000057288 ) ;
#1753 = CARTESIAN_POINT ( 'NONE',  ( 60.89999999999999858, -62.67999999999999972, 33.50000000000000000 ) ) ;
#1754 = CARTESIAN_POINT ( 'NONE',  ( 118.6000000000000085, -147.5699994899999865, 31.50000000000000000 ) ) ;
#1755 = VERTEX_POINT ( 'NONE', #3333 ) ;
#1756 = ORIENTED_EDGE ( 'NONE', *, *, #3290, .F. ) ;
#1757 = ORIENTED_EDGE ( 'NONE', *, *, #996, .F. ) ;
#1758 = ORIENTED_EDGE ( 'NONE', *, *, #2341, .F. ) ;
#1759 = EDGE_CURVE ( 'NONE', #2781, #2306, #2739, .T. ) ;
#1760 = CYLINDRICAL_SURFACE ( 'NONE', #3321, 0.2000000000000057288 ) ;
#1761 = PLANE ( 'NONE',  #1588 ) ;
#1762 = ORIENTED_EDGE ( 'NONE', *, *, #2519, .T. ) ;
#1763 = EDGE_CURVE ( 'NONE', #2197, #294, #2191, .T. ) ;
#1764 = CARTESIAN_POINT ( 'NONE',  ( 122.5999999999999801, -73.58269832014262590, 14.57687709138106591 ) ) ;
#1765 = CARTESIAN_POINT ( 'NONE',  ( 122.5999999999999943, -112.6990521082558985, 39.57687709138104992 ) ) ;
#1766 = CARTESIAN_POINT ( 'NONE',  ( 120.5999999999999801, -60.67999999999999972, 14.57687709138106769 ) ) ;
#1767 = CARTESIAN_POINT ( 'NONE',  ( 118.6000000000000085, -147.5699994899999865, 31.50000000000000000 ) ) ;
#1768 = DIRECTION ( 'NONE',  ( -0.000000000000000000, -1.095474339541231642E-16, 1.000000000000000000 ) ) ;
#1769 = AXIS2_PLACEMENT_3D ( 'NONE', #2404, #3346, #3679 ) ;
#1770 = LINE ( 'NONE', #3031, #2643 ) ;
#1771 = DIRECTION ( 'NONE',  ( -1.000000000000000000, -0.000000000000000000, -0.000000000000000000 ) ) ;
#1772 = DIRECTION ( 'NONE',  ( 1.000000000000000000, 0.000000000000000000, 0.000000000000000000 ) ) ;
#1773 = VERTEX_POINT ( 'NONE', #3979 ) ;
#1774 = ORIENTED_EDGE ( 'NONE', *, *, #211, .T. ) ;
#1775 = ORIENTED_EDGE ( 'NONE', *, *, #1777, .F. ) ;
#1776 = VERTEX_POINT ( 'NONE', #521 ) ;
#1777 = EDGE_CURVE ( 'NONE', #50, #2646, #3445, .T. ) ;
#1778 = EDGE_CURVE ( 'NONE', #3768, #316, #1173, .T. ) ;
#1779 = VECTOR ( 'NONE', #2869, 1000.000000000000000 ) ;
#1780 = CARTESIAN_POINT ( 'NONE',  ( 119.2000000000000171, -143.1101788658044427, 31.50000000000000000 ) ) ;
#1781 = CARTESIAN_POINT ( 'NONE',  ( 122.6000000000000085, -127.8647739931597584, 26.53843854569053207 ) ) ;
#1782 = ORIENTED_EDGE ( 'NONE', *, *, #1690, .T. ) ;
#1783 = DIRECTION ( 'NONE',  ( 0.000000000000000000, -1.000000000000000000, 0.000000000000000000 ) ) ;
#1784 = CARTESIAN_POINT ( 'NONE',  ( 100.8999998649999981, -153.3699994899999979, 27.11000001000000381 ) ) ;
#1785 = DIRECTION ( 'NONE',  ( -0.000000000000000000, -0.000000000000000000, -1.000000000000000000 ) ) ;
#1786 = DIRECTION ( 'NONE',  ( 1.000000000000000000, 0.000000000000000000, 0.000000000000000000 ) ) ;
#1787 = ADVANCED_FACE ( 'NONE', ( #1460 ), #189, .T. ) ;
#1788 = VECTOR ( 'NONE', #2380, 1000.000000000000000 ) ;
#1789 = DIRECTION ( 'NONE',  ( -1.000000000000000000, 0.000000000000000000, 0.000000000000000000 ) ) ;
#1790 = AXIS2_PLACEMENT_3D ( 'NONE', #2674, #1479, #2071 ) ;
#1791 = ADVANCED_FACE ( 'NONE', ( #1420 ), #2676, .T. ) ;
#1792 = DIRECTION ( 'NONE',  ( 0.000000000000000000, 1.000000000000000000, 0.000000000000000000 ) ) ;
#1793 = LINE ( 'NONE', #3685, #175 ) ;
#1794 = CARTESIAN_POINT ( 'NONE',  ( 63.89999999999999858, -73.58269832014261169, 17.57687709138106769 ) ) ;
#1795 = ORIENTED_EDGE ( 'NONE', *, *, #4076, .F. ) ;
#1796 = ORIENTED_EDGE ( 'NONE', *, *, #3621, .F. ) ;
#1797 = ADVANCED_FACE ( 'NONE', ( #1811 ), #481, .F. ) ;
#1798 = EDGE_CURVE ( 'NONE', #3208, #1875, #2091, .T. ) ;
#1799 = VERTEX_POINT ( 'NONE', #1112 ) ;
#1800 = CARTESIAN_POINT ( 'NONE',  ( 108.1499998649999839, -151.6699994900000092, 30.00000000000000355 ) ) ;
#1801 = PLANE ( 'NONE',  #3363 ) ;
#1802 = EDGE_LOOP ( 'NONE', ( #1634, #45, #1507, #4018 ) ) ;
#1803 = DIRECTION ( 'NONE',  ( -0.000000000000000000, -0.000000000000000000, -1.000000000000000000 ) ) ;
#1804 = CARTESIAN_POINT ( 'NONE',  ( 120.5999999999999943, -149.5699994899999865, 33.50000000000000000 ) ) ;
#1805 = DIRECTION ( 'NONE',  ( -0.000000000000000000, -1.095474339541231642E-16, 1.000000000000000000 ) ) ;
#1806 = CIRCLE ( 'NONE', #2528, 4.000000000000017764 ) ;
#1807 = CARTESIAN_POINT ( 'NONE',  ( 122.5999999999999801, -62.67999999999999972, 33.50000000000000000 ) ) ;
#1808 = DIRECTION ( 'NONE',  ( -1.000000000000000000, 0.000000000000000000, 0.000000000000000000 ) ) ;
#1809 = CYLINDRICAL_SURFACE ( 'NONE', #1391, 5.535533905932740417 ) ;
#1810 = CARTESIAN_POINT ( 'NONE',  ( 120.5999999999999801, -62.67999999999999972, 13.50000000000000178 ) ) ;
#1811 = FACE_OUTER_BOUND ( 'NONE', #739, .T. ) ;
#1812 = ORIENTED_EDGE ( 'NONE', *, *, #727, .F. ) ;
#1813 = TOROIDAL_SURFACE ( 'NONE', #3850, 22.00000000000000000, 2.000000000000000000 ) ;
#1814 = ORIENTED_EDGE ( 'NONE', *, *, #2847, .F. ) ;
#1815 = EDGE_CURVE ( 'NONE', #726, #1906, #1440, .T. ) ;
#1816 = VECTOR ( 'NONE', #767, 1000.000000000000000 ) ;
#1817 = AXIS2_PLACEMENT_3D ( 'NONE', #828, #2055, #1196 ) ;
#1818 = CIRCLE ( 'NONE', #439, 2.000000000000001776 ) ;
#1819 = ORIENTED_EDGE ( 'NONE', *, *, #135, .F. ) ;
#1820 = ORIENTED_EDGE ( 'NONE', *, *, #3369, .T. ) ;
#1821 = DIRECTION ( 'NONE',  ( 0.000000000000000000, 0.000000000000000000, -1.000000000000000000 ) ) ;
#1822 = DIRECTION ( 'NONE',  ( -0.000000000000000000, -0.000000000000000000, -1.000000000000000000 ) ) ;
#1823 = ORIENTED_EDGE ( 'NONE', *, *, #874, .T. ) ;
#1824 = CARTESIAN_POINT ( 'NONE',  ( 122.5999999999999801, -58.67999999999994287, 17.57687709138106769 ) ) ;
#1825 = CARTESIAN_POINT ( 'NONE',  ( 100.8999998649999981, -150.8699994899999979, 27.31000001000000665 ) ) ;
#1826 = AXIS2_PLACEMENT_3D ( 'NONE', #3825, #2290, #2312 ) ;
#1827 = DIRECTION ( 'NONE',  ( -3.194334880715847085E-16, 1.000000000000000000, 0.000000000000000000 ) ) ;
#1828 = AXIS2_PLACEMENT_3D ( 'NONE', #656, #2524, #358 ) ;
#1829 = CARTESIAN_POINT ( 'NONE',  ( 120.5999999999999943, -149.5699994899999865, 33.50000000000000000 ) ) ;
#1830 = DIRECTION ( 'NONE',  ( 3.194334880715847085E-16, -1.000000000000000000, 0.000000000000000000 ) ) ;
#1831 = DIRECTION ( 'NONE',  ( -1.000000000000000000, 0.000000000000000000, 0.000000000000000000 ) ) ;
#1832 = VERTEX_POINT ( 'NONE', #1134 ) ;
#1833 = AXIS2_PLACEMENT_3D ( 'NONE', #1124, #1744, #2382 ) ;
#1834 = CIRCLE ( 'NONE', #591, 21.99999999999999289 ) ;
#1835 = ADVANCED_FACE ( 'NONE', ( #2389 ), #206, .T. ) ;
#1836 = ORIENTED_EDGE ( 'NONE', *, *, #2017, .T. ) ;
#1837 = CIRCLE ( 'NONE', #2756, 3.000000000000002665 ) ;
#1838 = EDGE_CURVE ( 'NONE', #3904, #2111, #847, .T. ) ;
#1839 = VERTEX_POINT ( 'NONE', #1893 ) ;
#1840 = EDGE_LOOP ( 'NONE', ( #2129, #3379, #703, #1092 ) ) ;
#1841 = FACE_OUTER_BOUND ( 'NONE', #1380, .T. ) ;
#1842 = DIRECTION ( 'NONE',  ( 0.000000000000000000, 0.000000000000000000, 1.000000000000000000 ) ) ;
#1843 = ORIENTED_EDGE ( 'NONE', *, *, #2455, .F. ) ;
#1844 = EDGE_CURVE ( 'NONE', #3104, #1402, #1252, .T. ) ;
#1845 = CARTESIAN_POINT ( 'NONE',  ( 78.14999986499999807, -152.9699994900000206, 13.50000000000000178 ) ) ;
#1846 = DIRECTION ( 'NONE',  ( -0.000000000000000000, -0.000000000000000000, -1.000000000000000000 ) ) ;
#1847 = ADVANCED_FACE ( 'NONE', ( #1272 ), #3763, .T. ) ;
#1848 = DIRECTION ( 'NONE',  ( -0.000000000000000000, -0.000000000000000000, 1.000000000000000000 ) ) ;
#1849 = AXIS2_PLACEMENT_3D ( 'NONE', #2256, #1623, #2921 ) ;
#1850 = FACE_OUTER_BOUND ( 'NONE', #3117, .T. ) ;
#1851 = DIRECTION ( 'NONE',  ( -0.000000000000000000, -0.000000000000000000, -1.000000000000000000 ) ) ;
#1852 = FACE_BOUND ( 'NONE', #1444, .T. ) ;
#1853 = VERTEX_POINT ( 'NONE', #3394 ) ;
#1854 = ADVANCED_FACE ( 'NONE', ( #2172, #1852, #286 ), #38, .F. ) ;
#1855 = ADVANCED_FACE ( 'NONE', ( #944 ), #4037, .T. ) ;
#1856 = ORIENTED_EDGE ( 'NONE', *, *, #1938, .F. ) ;
#1857 = CARTESIAN_POINT ( 'NONE',  ( 63.90000000000001279, -140.0902009688855117, 26.50000000000000000 ) ) ;
#1858 = AXIS2_PLACEMENT_3D ( 'NONE', #324, #3495, #3454 ) ;
#1859 = AXIS2_PLACEMENT_3D ( 'NONE', #3638, #2006, #3594 ) ;
#1860 = EDGE_LOOP ( 'NONE', ( #1014, #850, #1735, #1774 ) ) ;
#1861 = ORIENTED_EDGE ( 'NONE', *, *, #3859, .T. ) ;
#1863 = ADVANCED_FACE ( 'NONE', ( #3477 ), #3458, .T. ) ;
#1862 = CARTESIAN_POINT ( 'NONE',  ( 105.8499998650000009, -151.0699994899999865, 30.00000000000000355 ) ) ;
#1864 = CARTESIAN_POINT ( 'NONE',  ( 118.0999999999999801, -65.18000000000000682, 14.57687709138106769 ) ) ;
#1865 = ORIENTED_EDGE ( 'NONE', *, *, #2889, .F. ) ;
#1866 = CARTESIAN_POINT ( 'NONE',  ( 82.89999986499999807, -151.2699994900000036, 22.36000001000000381 ) ) ;
#1867 = CARTESIAN_POINT ( 'NONE',  ( 58.89999999999999147, -62.67999999999999972, 17.57687709138106769 ) ) ;
#1868 = DIRECTION ( 'NONE',  ( 0.000000000000000000, 0.000000000000000000, -1.000000000000000000 ) ) ;
#1869 = CARTESIAN_POINT ( 'NONE',  ( 62.90000000000001279, -143.0304958780635900, 31.50000000000000000 ) ) ;
#1870 = DIRECTION ( 'NONE',  ( -1.000000000000000000, 0.000000000000000000, 0.000000000000000000 ) ) ;
#1871 = CARTESIAN_POINT ( 'NONE',  ( 73.80269832014261056, -63.67999999999999972, 14.57687709138106769 ) ) ;
#1872 = DIRECTION ( 'NONE',  ( -1.000000000000000000, 0.000000000000000000, 0.000000000000000000 ) ) ;
#1873 = EDGE_LOOP ( 'NONE', ( #258, #4027, #3959, #2319 ) ) ;
#1874 = VERTEX_POINT ( 'NONE', #1522 ) ;
#1875 = VERTEX_POINT ( 'NONE', #1581 ) ;
#1876 = AXIS2_PLACEMENT_3D ( 'NONE', #2619, #1345, #3878 ) ;
#1877 = ORIENTED_EDGE ( 'NONE', *, *, #3777, .T. ) ;
#1878 = ORIENTED_EDGE ( 'NONE', *, *, #1383, .T. ) ;
#1879 = CIRCLE ( 'NONE', #103, 0.2000000000000057288 ) ;
#1880 = VECTOR ( 'NONE', #2436, 1000.000000000000000 ) ;
#1881 = AXIS2_PLACEMENT_3D ( 'NONE', #2899, #2877, #700 ) ;
#1882 = STYLED_ITEM ( 'NONE', ( #2609 ), #3061 ) ;
#1883 = CARTESIAN_POINT ( 'NONE',  ( 62.89999999999999858, -60.67999999999999972, 19.57687709138106413 ) ) ;
#1884 = ORIENTED_EDGE ( 'NONE', *, *, #450, .F. ) ;
#1885 = CARTESIAN_POINT ( 'NONE',  ( 122.6000000000000085, -147.3699994899999979, 13.50000000000000178 ) ) ;
#1886 = CARTESIAN_POINT ( 'NONE',  ( 118.0999999999999801, -70.71553390593275878, 17.57687709138106769 ) ) ;
#1887 = EDGE_LOOP ( 'NONE', ( #2399, #2960, #334, #1093 ) ) ;
#1888 = EDGE_CURVE ( 'NONE', #2591, #484, #137, .T. ) ;
#1889 = CARTESIAN_POINT ( 'NONE',  ( 111.1966223924481625, -149.3699994899999979, 32.50000000000000000 ) ) ;
#1890 = CARTESIAN_POINT ( 'NONE',  ( 100.8999998649999981, -148.5699994899999865, 22.36000001000000381 ) ) ;
#1891 = DIRECTION ( 'NONE',  ( 0.000000000000000000, 0.000000000000000000, -1.000000000000000000 ) ) ;
#1892 = CARTESIAN_POINT ( 'NONE',  ( 119.6000000000000085, -140.1369651163407468, 31.50000000000000000 ) ) ;
#1893 = CARTESIAN_POINT ( 'NONE',  ( 77.94999986499999522, -152.7699994900000036, 13.50000000000000178 ) ) ;
#1894 = ORIENTED_EDGE ( 'NONE', *, *, #4005, .F. ) ;
#1895 = ORIENTED_EDGE ( 'NONE', *, *, #446, .T. ) ;
#1896 = DIRECTION ( 'NONE',  ( 0.000000000000000000, 0.000000000000000000, 1.000000000000000000 ) ) ;
#1897 = EDGE_CURVE ( 'NONE', #3277, #1567, #3884, .T. ) ;
#1898 = CIRCLE ( 'NONE', #1565, 4.750000000000000888 ) ;
#1899 = VERTEX_POINT ( 'NONE', #602 ) ;
#1900 = VERTEX_POINT ( 'NONE', #621 ) ;
#1901 = ORIENTED_EDGE ( 'NONE', *, *, #31, .T. ) ;
#1902 = EDGE_CURVE ( 'NONE', #2013, #2579, #2770, .T. ) ;
#1903 = EDGE_CURVE ( 'NONE', #771, #294, #992, .T. ) ;
#1904 = CARTESIAN_POINT ( 'NONE',  ( 75.64999986500001228, -152.5699994899999865, 30.00000000000000355 ) ) ;
#1905 = DIRECTION ( 'NONE',  ( 0.000000000000000000, 1.000000000000000000, 0.000000000000000000 ) ) ;
#1906 = VERTEX_POINT ( 'NONE', #3436 ) ;
#1907 = ADVANCED_FACE ( 'NONE', ( #967 ), #2220, .F. ) ;
#1908 = CARTESIAN_POINT ( 'NONE',  ( 62.89999999999999858, -58.67999999999999261, 13.50000000000000178 ) ) ;
#1909 = CARTESIAN_POINT ( 'NONE',  ( 65.77177978870814457, -149.3699994899999979, 7.843145750507614089 ) ) ;
#1910 = CARTESIAN_POINT ( 'NONE',  ( 105.8499998650000009, -151.2699994900000036, 22.36000001000000381 ) ) ;
#1911 = LINE ( 'NONE', #680, #2866 ) ;
#1912 = LINE ( 'NONE', #3167, #1653 ) ;
#1913 = ORIENTED_EDGE ( 'NONE', *, *, #1033, .F. ) ;
#1914 = EDGE_CURVE ( 'NONE', #208, #771, #1912, .T. ) ;
#1915 = ADVANCED_FACE ( 'NONE', ( #350 ), #1604, .T. ) ;
#1916 = ORIENTED_EDGE ( 'NONE', *, *, #486, .T. ) ;
#1917 = CARTESIAN_POINT ( 'NONE',  ( 75.44999986500000944, -151.6699994900000092, 30.00000000000000355 ) ) ;
#1918 = CIRCLE ( 'NONE', #3696, 0.1999999999999987899 ) ;
#1919 = ORIENTED_EDGE ( 'NONE', *, *, #3628, .F. ) ;
#1920 = EDGE_CURVE ( 'NONE', #2099, #1445, #4060, .T. ) ;
#1921 = AXIS2_PLACEMENT_3D ( 'NONE', #1741, #2063, #1405 ) ;
#1922 = AXIS2_PLACEMENT_3D ( 'NONE', #307, #4058, #4074 ) ;
#1923 = ORIENTED_EDGE ( 'NONE', *, *, #2518, .T. ) ;
#1924 = CIRCLE ( 'NONE', #154, 2.000000000000001776 ) ;
#1925 = CARTESIAN_POINT ( 'NONE',  ( 115.7250000000000085, -147.5699994899999865, 31.50000000000000000 ) ) ;
#1926 = DIRECTION ( 'NONE',  ( 0.000000000000000000, -1.000000000000000000, 0.000000000000000000 ) ) ;
#1927 = ORIENTED_EDGE ( 'NONE', *, *, #1400, .T. ) ;
#1928 = CARTESIAN_POINT ( 'NONE',  ( 77.94999986499999522, -151.0699994899999865, 30.00000000000000355 ) ) ;
#1929 = DIRECTION ( 'NONE',  ( -0.000000000000000000, 0.000000000000000000, -1.000000000000000000 ) ) ;
#1930 = DIRECTION ( 'NONE',  ( -0.000000000000000000, -1.000000000000000000, -0.000000000000000000 ) ) ;
#1931 = DIRECTION ( 'NONE',  ( 0.000000000000000000, 0.000000000000000000, 1.000000000000000000 ) ) ;
#1932 = CARTESIAN_POINT ( 'NONE',  ( 62.90000000000001279, -147.5699994899999865, 31.50000000000000000 ) ) ;
#1933 = VERTEX_POINT ( 'NONE', #1232 ) ;
#1934 = ORIENTED_EDGE ( 'NONE', *, *, #1606, .T. ) ;
#1935 = CARTESIAN_POINT ( 'NONE',  ( 122.6000000000000085, -140.1369651163407468, 26.50000000000000000 ) ) ;
#1936 = CARTESIAN_POINT ( 'NONE',  ( 105.8499998650000009, -151.0699994899999865, 13.50000000000000178 ) ) ;
#1937 = DIRECTION ( 'NONE',  ( 1.000000000000000000, 0.000000000000000000, 0.000000000000000000 ) ) ;
#1938 = EDGE_CURVE ( 'NONE', #1776, #3563, #3824, .T. ) ;
#1939 = VERTEX_POINT ( 'NONE', #453 ) ;
#1940 = EDGE_CURVE ( 'NONE', #2983, #2996, #402, .T. ) ;
#1941 = ORIENTED_EDGE ( 'NONE', *, *, #3891, .T. ) ;
#1942 = VECTOR ( 'NONE', #3090, 1000.000000000000000 ) ;
#1943 = AXIS2_PLACEMENT_3D ( 'NONE', #3051, #923, #205 ) ;
#1944 = CARTESIAN_POINT ( 'NONE',  ( 82.89999986499999807, -151.4699994900000206, 22.36000001000000381 ) ) ;
#1945 = CARTESIAN_POINT ( 'NONE',  ( 68.27500000000000568, -65.18000000000000682, 17.57687709138107479 ) ) ;
#1946 = ORIENTED_EDGE ( 'NONE', *, *, #727, .T. ) ;
#1947 = FACE_OUTER_BOUND ( 'NONE', #2134, .T. ) ;
#1948 = CYLINDRICAL_SURFACE ( 'NONE', #3299, 4.750000000000000888 ) ;
#1949 = DIRECTION ( 'NONE',  ( -0.000000000000000000, -0.000000000000000000, -1.000000000000000000 ) ) ;
#1950 = CARTESIAN_POINT ( 'NONE',  ( 122.6000000000000085, -149.5699994899999865, 31.50000000000000000 ) ) ;
#1951 = DIRECTION ( 'NONE',  ( 0.000000000000000000, 0.000000000000000000, -1.000000000000000000 ) ) ;
#1952 = ORIENTED_EDGE ( 'NONE', *, *, #3605, .F. ) ;
#1953 = ORIENTED_EDGE ( 'NONE', *, *, #1815, .T. ) ;
#1954 = DIRECTION ( 'NONE',  ( -0.000000000000000000, -0.000000000000000000, -1.000000000000000000 ) ) ;
#1955 = PLANE ( 'NONE',  #2686 ) ;
#1956 = LINE ( 'NONE', #3213, #303 ) ;
#1957 = CARTESIAN_POINT ( 'NONE',  ( 62.90000000000001279, -149.5699994899999865, 33.50000000000000000 ) ) ;
#1958 = ORIENTED_EDGE ( 'NONE', *, *, #3256, .T. ) ;
#1959 = CIRCLE ( 'NONE', #192, 3.000000000000002665 ) ;
#1960 = CIRCLE ( 'NONE', #1239, 4.000000000000017764 ) ;
#1961 = DIRECTION ( 'NONE',  ( -0.000000000000000000, -1.095474339541231642E-16, 1.000000000000000000 ) ) ;
#1962 = PLANE ( 'NONE',  #3559 ) ;
#1963 = ORIENTED_EDGE ( 'NONE', *, *, #486, .F. ) ;
#1964 = EDGE_CURVE ( 'NONE', #2456, #2852, #3888, .T. ) ;
#1965 = CARTESIAN_POINT ( 'NONE',  ( 64.90000000000001990, -147.5699994899999865, 7.843145750507614089 ) ) ;
#1966 = EDGE_CURVE ( 'NONE', #3484, #1988, #270, .T. ) ;
#1967 = DIRECTION ( 'NONE',  ( 1.000000000000000000, 1.597167440357923543E-16, -0.000000000000000000 ) ) ;
#1968 = CYLINDRICAL_SURFACE ( 'NONE', #254, 0.2000000000000057288 ) ;
#1969 = CARTESIAN_POINT ( 'NONE',  ( 73.80269832014261056, -60.67999999999999972, 14.57687709138106769 ) ) ;
#1970 = ORIENTED_EDGE ( 'NONE', *, *, #156, .T. ) ;
#1971 = ORIENTED_EDGE ( 'NONE', *, *, #2734, .F. ) ;
#1972 = DIRECTION ( 'NONE',  ( -0.000000000000000000, -1.000000000000000000, -0.000000000000000000 ) ) ;
#1973 = CYLINDRICAL_SURFACE ( 'NONE', #2513, 2.875000000000002665 ) ;
#1974 = DIRECTION ( 'NONE',  ( 1.000000000000000000, 0.000000000000000000, 0.000000000000000000 ) ) ;
#1975 = DIRECTION ( 'NONE',  ( 0.000000000000000000, 0.000000000000000000, -1.000000000000000000 ) ) ;
#1976 = ORIENTED_EDGE ( 'NONE', *, *, #3735, .T. ) ;
#1977 = ORIENTED_EDGE ( 'NONE', *, *, #3317, .F. ) ;
#1978 = CIRCLE ( 'NONE', #212, 2.875000000000002665 ) ;
#1979 = DIRECTION ( 'NONE',  ( 0.000000000000000000, -1.000000000000000000, 0.000000000000000000 ) ) ;
#1980 = FACE_OUTER_BOUND ( 'NONE', #1987, .T. ) ;
#1981 = VERTEX_POINT ( 'NONE', #119 ) ;
#1982 = EDGE_CURVE ( 'NONE', #2679, #3834, #2572, .T. ) ;
#1983 = CARTESIAN_POINT ( 'NONE',  ( 105.8499998650000009, -152.9699994900000206, 30.00000000000000355 ) ) ;
#1984 = FACE_BOUND ( 'NONE', #272, .T. ) ;
#1985 = DIRECTION ( 'NONE',  ( -0.000000000000000000, -0.000000000000000000, -1.000000000000000000 ) ) ;
#1986 = CARTESIAN_POINT ( 'NONE',  ( 82.89999986499999807, -153.3699994899999979, 22.36000001000000381 ) ) ;
#1987 = EDGE_LOOP ( 'NONE', ( #2416, #3713, #3526, #933 ) ) ;
#1988 = VERTEX_POINT ( 'NONE', #1932 ) ;
#1989 = DIRECTION ( 'NONE',  ( -0.000000000000000000, -0.000000000000000000, 1.000000000000000000 ) ) ;
#1990 = CARTESIAN_POINT ( 'NONE',  ( 60.89999999999999858, -58.67999999999996419, 17.57687709138106769 ) ) ;
#1991 = DIRECTION ( 'NONE',  ( -0.000000000000000000, -0.000000000000000000, -1.000000000000000000 ) ) ;
#1992 = ORIENTED_EDGE ( 'NONE', *, *, #2873, .T. ) ;
#1993 = AXIS2_PLACEMENT_3D ( 'NONE', #3541, #1569, #2012 ) ;
#1994 = VECTOR ( 'NONE', #624, 1000.000000000000000 ) ;
#1995 = EDGE_CURVE ( 'NONE', #1027, #2222, #427, .T. ) ;
#1996 = EDGE_LOOP ( 'NONE', ( #1467, #911, #812, #1206 ) ) ;
#1997 = AXIS2_PLACEMENT_3D ( 'NONE', #3448, #672, #615 ) ;
#1998 = CARTESIAN_POINT ( 'NONE',  ( 118.0999999999999801, -65.18000000000000682, 17.57687709138106769 ) ) ;
#1999 = DIRECTION ( 'NONE',  ( 0.000000000000000000, 1.000000000000000000, 1.095474339541231642E-16 ) ) ;
#2000 = EDGE_LOOP ( 'NONE', ( #2785, #1523, #3099, #2701, #749, #1861, #2375, #2037 ) ) ;
#2001 = AXIS2_PLACEMENT_3D ( 'NONE', #2372, #3894, #2928 ) ;
#2002 = FACE_OUTER_BOUND ( 'NONE', #1356, .T. ) ;
#2003 = CIRCLE ( 'NONE', #4051, 4.000000000000003553 ) ;
#2004 = AXIS2_PLACEMENT_3D ( 'NONE', #2597, #3856, #3561 ) ;
#2005 = CARTESIAN_POINT ( 'NONE',  ( 60.90000000000001279, -143.0304958780635900, 13.50000000000000178 ) ) ;
#2006 = DIRECTION ( 'NONE',  ( 0.000000000000000000, 0.000000000000000000, 1.000000000000000000 ) ) ;
#2007 = AXIS2_PLACEMENT_3D ( 'NONE', #3032, #520, #1459 ) ;
#2008 = CARTESIAN_POINT ( 'NONE',  ( 119.5999999999999801, -73.58269832014262590, 17.57687709138106769 ) ) ;
#2009 = ORIENTED_EDGE ( 'NONE', *, *, #3702, .T. ) ;
#2010 = DIRECTION ( 'NONE',  ( -1.000000000000000000, 0.000000000000000000, 0.000000000000000000 ) ) ;
#2011 = DIRECTION ( 'NONE',  ( 0.000000000000000000, 0.000000000000000000, 1.000000000000000000 ) ) ;
#2012 = DIRECTION ( 'NONE',  ( 1.000000000000000000, 0.000000000000000000, 0.000000000000000000 ) ) ;
#2013 = VERTEX_POINT ( 'NONE', #1969 ) ;
#2014 = EDGE_LOOP ( 'NONE', ( #752, #421, #1234, #1541 ) ) ;
#2015 = ADVANCED_FACE ( 'NONE', ( #1007, #3187 ), #1068, .F. ) ;
#2016 = EDGE_CURVE ( 'NONE', #951, #2013, #3867, .T. ) ;
#2017 = EDGE_CURVE ( 'NONE', #2326, #1275, #4021, .T. ) ;
#2018 = VECTOR ( 'NONE', #755, 1000.000000000000000 ) ;
#2019 = VERTEX_POINT ( 'NONE', #2900 ) ;
#2020 = CARTESIAN_POINT ( 'NONE',  ( 109.6973016798573610, -60.67999999999999972, 14.57687709138106769 ) ) ;
#2021 = PLANE ( 'NONE',  #3169 ) ;
#2022 = AXIS2_PLACEMENT_3D ( 'NONE', #3365, #2440, #880 ) ;
#2023 = ORIENTED_EDGE ( 'NONE', *, *, #129, .F. ) ;
#2024 = AXIS2_PLACEMENT_3D ( 'NONE', #1767, #3597, #3661 ) ;
#2025 = ADVANCED_FACE ( 'NONE', ( #1315 ), #1645, .F. ) ;
#2026 = ADVANCED_FACE ( 'NONE', ( #2275 ), #98, .T. ) ;
#2027 = CARTESIAN_POINT ( 'NONE',  ( 65.40000000000000568, -65.18000000000000682, 17.57687709138107479 ) ) ;
#2028 = DIRECTION ( 'NONE',  ( 6.308085367188391227E-16, -1.000000000000000000, 0.000000000000000000 ) ) ;
#2029 = CARTESIAN_POINT ( 'NONE',  ( 108.1499998649999839, -150.8699994899999979, 30.00000000000000355 ) ) ;
#2030 = APPLICATION_PROTOCOL_DEFINITION ( 'draft international standard', 'automotive_design', 1998, #3531 ) ;
#2031 = CARTESIAN_POINT ( 'NONE',  ( 82.89999986499999807, -150.8699994899999979, 27.31000001000000310 ) ) ;
#2032 = CYLINDRICAL_SURFACE ( 'NONE', #2159, 4.750000000000000888 ) ;
#2033 = EDGE_CURVE ( 'NONE', #3744, #830, #2835, .T. ) ;
#2034 = CARTESIAN_POINT ( 'NONE',  ( 60.90000000000001279, -147.3699994899999979, 13.50000000000000178 ) ) ;
#2035 = PLANE ( 'NONE',  #3527 ) ;
#2036 = DIRECTION ( 'NONE',  ( 0.000000000000000000, 0.000000000000000000, 1.000000000000000000 ) ) ;
#2037 = ORIENTED_EDGE ( 'NONE', *, *, #3729, .F. ) ;
#2038 = ORIENTED_EDGE ( 'NONE', *, *, #2455, .T. ) ;
#2039 = EDGE_CURVE ( 'NONE', #1388, #732, #2422, .T. ) ;
#2040 = ORIENTED_EDGE ( 'NONE', *, *, #1363, .T. ) ;
#2041 = ORIENTED_EDGE ( 'NONE', *, *, #1536, .F. ) ;
#2042 = AXIS2_PLACEMENT_3D ( 'NONE', #1214, #1831, #2799 ) ;
#2043 = CARTESIAN_POINT ( 'NONE',  ( 62.89999999999999858, -62.67999999999999972, 17.57687709138106769 ) ) ;
#2044 = CARTESIAN_POINT ( 'NONE',  ( 108.3499998649999867, -150.6699994899999808, 30.00000000000000355 ) ) ;
#2045 = VERTEX_POINT ( 'NONE', #77 ) ;
#2046 = AXIS2_PLACEMENT_3D ( 'NONE', #981, #1620, #2837 ) ;
#2047 = CARTESIAN_POINT ( 'NONE',  ( 60.90000000000001279, -140.0902009688855117, 26.50000000000000000 ) ) ;
#2048 = VECTOR ( 'NONE', #2918, 1000.000000000000000 ) ;
#2049 = FACE_OUTER_BOUND ( 'NONE', #1347, .T. ) ;
#2050 = DIRECTION ( 'NONE',  ( 1.000000000000000000, -0.000000000000000000, -0.000000000000000000 ) ) ;
#2051 = DIRECTION ( 'NONE',  ( 0.000000000000000000, 0.000000000000000000, -1.000000000000000000 ) ) ;
#2052 = FACE_OUTER_BOUND ( 'NONE', #2157, .T. ) ;
#2053 = DIRECTION ( 'NONE',  ( 1.000000000000000000, 0.000000000000000000, 0.000000000000000000 ) ) ;
#2054 = CARTESIAN_POINT ( 'NONE',  ( 62.90000000000001279, -147.5699994899999865, 7.843145750507614089 ) ) ;
#2055 = DIRECTION ( 'NONE',  ( -0.000000000000000000, -0.000000000000000000, 1.000000000000000000 ) ) ;
#2056 = ORIENTED_EDGE ( 'NONE', *, *, #1115, .T. ) ;
#2057 = EDGE_LOOP ( 'NONE', ( #3916, #1075, #3584, #3771 ) ) ;
#2058 = ADVANCED_FACE ( 'NONE', ( #2590 ), #3848, .F. ) ;
#2059 = ORIENTED_EDGE ( 'NONE', *, *, #3780, .F. ) ;
#2060 = ORIENTED_EDGE ( 'NONE', *, *, #839, .T. ) ;
#2061 = PRODUCT ( 'esp32-canboard-case-top', 'esp32-canboard-case-top', '', ( #1024 ) ) ;
#2062 = DIRECTION ( 'NONE',  ( -1.000000000000000000, 0.000000000000000000, 0.000000000000000000 ) ) ;
#2063 = DIRECTION ( 'NONE',  ( 0.000000000000000000, 0.000000000000000000, 1.000000000000000000 ) ) ;
#2064 = EDGE_LOOP ( 'NONE', ( #1161, #2541 ) ) ;
#2065 = DIRECTION ( 'NONE',  ( -1.000000000000000000, 0.000000000000000000, 0.000000000000000000 ) ) ;
#2066 = AXIS2_PLACEMENT_3D ( 'NONE', #1450, #1746, #2710 ) ;
#2067 = LINE ( 'NONE', #3995, #715 ) ;
#2068 = CARTESIAN_POINT ( 'NONE',  ( 64.42720779386421270, -70.62938629089666165, 14.57687709138106769 ) ) ;
#2069 = AXIS2_PLACEMENT_3D ( 'NONE', #2603, #2248, #1386 ) ;
#2070 = AXIS2_PLACEMENT_3D ( 'NONE', #1320, #931, #2906 ) ;
#2071 = DIRECTION ( 'NONE',  ( 0.000000000000000000, 0.000000000000000000, 1.000000000000000000 ) ) ;
#2072 = DIRECTION ( 'NONE',  ( -0.000000000000000000, 0.000000000000000000, 1.000000000000000000 ) ) ;
#2073 = DIRECTION ( 'NONE',  ( 0.000000000000000000, 0.000000000000000000, 1.000000000000000000 ) ) ;
#2074 = ORIENTED_EDGE ( 'NONE', *, *, #2698, .F. ) ;
#2075 = ORIENTED_EDGE ( 'NONE', *, *, #3065, .T. ) ;
#2076 = ORIENTED_EDGE ( 'NONE', *, *, #1487, .F. ) ;
#2077 = ORIENTED_EDGE ( 'NONE', *, *, #640, .F. ) ;
#2078 = DIRECTION ( 'NONE',  ( -1.000000000000000000, 0.000000000000000000, 0.000000000000000000 ) ) ;
#2079 = DIRECTION ( 'NONE',  ( -1.000000000000000000, 0.000000000000000000, 0.000000000000000000 ) ) ;
#2080 = ORIENTED_EDGE ( 'NONE', *, *, #2892, .T. ) ;
#2081 = DIRECTION ( 'NONE',  ( -1.000000000000000000, 0.000000000000000000, 0.000000000000000000 ) ) ;
#2082 = EDGE_CURVE ( 'NONE', #1279, #968, #654, .T. ) ;
#2083 = AXIS2_PLACEMENT_3D ( 'NONE', #3816, #989, #705 ) ;
#2084 = CARTESIAN_POINT ( 'NONE',  ( 58.89999999999999147, -112.6990521082558985, 39.57687709138104992 ) ) ;
#2085 = DIRECTION ( 'NONE',  ( 1.000000000000000000, 0.000000000000000000, 0.000000000000000000 ) ) ;
#2086 = LINE ( 'NONE', #140, #55 ) ;
#2087 = EDGE_CURVE ( 'NONE', #524, #761, #1635, .T. ) ;
#2088 = DIRECTION ( 'NONE',  ( 0.000000000000000000, 1.000000000000000000, 1.095474339541231642E-16 ) ) ;
#2089 = DIRECTION ( 'NONE',  ( 0.000000000000000000, 1.000000000000000000, 0.000000000000000000 ) ) ;
#2090 = CARTESIAN_POINT ( 'NONE',  ( 118.0999999999999801, -65.18000000000000682, 17.57687709138107479 ) ) ;
#2091 = LINE ( 'NONE', #1504, #2100 ) ;
#2092 = ORIENTED_EDGE ( 'NONE', *, *, #1982, .T. ) ;
#2093 = ORIENTED_EDGE ( 'NONE', *, *, #447, .F. ) ;
#2094 = ORIENTED_EDGE ( 'NONE', *, *, #1061, .F. ) ;
#2095 = VECTOR ( 'NONE', #2853, 1000.000000000000000 ) ;
#2096 = VECTOR ( 'NONE', #3693, 1000.000000000000000 ) ;
#2097 = FACE_OUTER_BOUND ( 'NONE', #1482, .T. ) ;
#2098 = FACE_OUTER_BOUND ( 'NONE', #1873, .T. ) ;
#2099 = VERTEX_POINT ( 'NONE', #2964 ) ;
#2100 = VECTOR ( 'NONE', #3938, 1000.000000000000000 ) ;
#2101 = CARTESIAN_POINT ( 'NONE',  ( 69.38850051266712171, -146.8470513617169786, 31.50000000000000000 ) ) ;
#2102 = DIRECTION ( 'NONE',  ( -3.194334880715847085E-16, 1.000000000000000000, 1.095474339541231642E-16 ) ) ;
#2103 = LINE ( 'NONE', #3449, #3210 ) ;
#2104 = CARTESIAN_POINT ( 'NONE',  ( 60.89999999999999858, -73.58269832014261169, 17.57687709138106769 ) ) ;
#2105 = EDGE_CURVE ( 'NONE', #790, #1421, #1292, .T. ) ;
#2106 = AXIS2_PLACEMENT_3D ( 'NONE', #2663, #3634, #1447 ) ;
#2107 = CARTESIAN_POINT ( 'NONE',  ( 120.5999999999999801, -60.67999999999999972, 17.57687709138106769 ) ) ;
#2108 = DIRECTION ( 'NONE',  ( -1.000000000000000000, 0.000000000000000000, 0.000000000000000000 ) ) ;
#2109 = DIRECTION ( 'NONE',  ( 0.000000000000000000, 1.000000000000000000, -0.000000000000000000 ) ) ;
#2110 = FACE_OUTER_BOUND ( 'NONE', #2160, .T. ) ;
#2111 = VERTEX_POINT ( 'NONE', #475 ) ;
#2112 = VECTOR ( 'NONE', #599, 1000.000000000000000 ) ;
#2113 = ORIENTED_EDGE ( 'NONE', *, *, #1995, .F. ) ;
#2114 = ORIENTED_EDGE ( 'NONE', *, *, #2504, .F. ) ;
#2115 = ORIENTED_EDGE ( 'NONE', *, *, #2630, .F. ) ;
#2116 = DIRECTION ( 'NONE',  ( 1.000000000000000000, 0.000000000000000000, -0.000000000000000000 ) ) ;
#2117 = CARTESIAN_POINT ( 'NONE',  ( 122.6000000000000085, -149.5699994899999865, 26.50000000000000000 ) ) ;
#2118 = ORIENTED_EDGE ( 'NONE', *, *, #3796, .T. ) ;
#2119 = ADVANCED_FACE ( 'NONE', ( #3347 ), #3047, .F. ) ;
#2120 = DIRECTION ( 'NONE',  ( 3.194334880715847085E-16, -1.000000000000000000, -0.000000000000000000 ) ) ;
#2121 = DIRECTION ( 'NONE',  ( -1.000000000000000000, 0.000000000000000000, 0.000000000000000000 ) ) ;
#2122 = DIRECTION ( 'NONE',  ( 1.000000000000000000, 0.000000000000000000, 0.000000000000000000 ) ) ;
#2123 = FACE_OUTER_BOUND ( 'NONE', #1738, .T. ) ;
#2124 = CARTESIAN_POINT ( 'NONE',  ( 61.46390800502444307, -141.8495768246792181, 31.46172339718388855 ) ) ;
#2125 = PRODUCT_RELATED_PRODUCT_CATEGORY ( 'part', '', ( #2061 ) ) ;
#2126 = FACE_OUTER_BOUND ( 'NONE', #3506, .T. ) ;
#2127 = CARTESIAN_POINT ( 'NONE',  ( 100.8999998649999981, -151.2699994900000036, 27.31000001000000310 ) ) ;
#2128 = CARTESIAN_POINT ( 'NONE',  ( 58.89999999999999147, -143.0304958780635900, 13.50000000000000178 ) ) ;
#2129 = ORIENTED_EDGE ( 'NONE', *, *, #3300, .F. ) ;
#2130 = AXIS2_PLACEMENT_3D ( 'NONE', #1283, #2543, #3801 ) ;
#2131 = ORIENTED_EDGE ( 'NONE', *, *, #892, .F. ) ;
#2132 = CIRCLE ( 'NONE', #956, 2.875000000000002665 ) ;
#2133 = CIRCLE ( 'NONE', #110, 2.000000000000000000 ) ;
#2134 = EDGE_LOOP ( 'NONE', ( #2535, #1052, #588, #3709 ) ) ;
#2135 = ADVANCED_FACE ( 'NONE', ( #2731 ), #535, .F. ) ;
#2136 = ORIENTED_EDGE ( 'NONE', *, *, #3101, .F. ) ;
#2137 = EDGE_CURVE ( 'NONE', #1933, #1445, #849, .T. ) ;
#2138 = DIRECTION ( 'NONE',  ( -1.000000000000000000, 0.000000000000000000, 0.000000000000000000 ) ) ;
#2139 = EDGE_CURVE ( 'NONE', #2841, #269, #2954, .T. ) ;
#2140 = DIRECTION ( 'NONE',  ( 0.000000000000000000, 0.000000000000000000, -1.000000000000000000 ) ) ;
#2141 = ORIENTED_EDGE ( 'NONE', *, *, #156, .F. ) ;
#2142 = ADVANCED_FACE ( 'NONE', ( #3975 ), #2712, .F. ) ;
#2143 = EDGE_CURVE ( 'NONE', #2956, #3468, #2425, .T. ) ;
#2144 = CARTESIAN_POINT ( 'NONE',  ( 58.90000000000000568, -143.0304958780635900, 31.50000000000000000 ) ) ;
#2145 = CARTESIAN_POINT ( 'NONE',  ( 75.64999986500001228, -152.5699994899999865, 30.00000000000000355 ) ) ;
#2146 = CIRCLE ( 'NONE', #1101, 2.000000000000001776 ) ;
#2147 = CARTESIAN_POINT ( 'NONE',  ( 105.6499998649999981, -148.5699994899999865, 22.36000001000000381 ) ) ;
#2148 = AXIS2_PLACEMENT_3D ( 'NONE', #2584, #10, #977 ) ;
#2149 = CARTESIAN_POINT ( 'NONE',  ( 65.40000000000000568, -65.18000000000000682, 14.57687709138106769 ) ) ;
#2150 = CARTESIAN_POINT ( 'NONE',  ( 60.89999999999999858, -62.67999999999999972, 17.57687709138106769 ) ) ;
#2151 = DIRECTION ( 'NONE',  ( -1.000000000000000000, 0.000000000000000000, 0.000000000000000000 ) ) ;
#2152 = ORIENTED_EDGE ( 'NONE', *, *, #2948, .T. ) ;
#2153 = CIRCLE ( 'NONE', #1833, 2.000000000000001776 ) ;
#2154 = VECTOR ( 'NONE', #1627, 1000.000000000000000 ) ;
#2155 = CIRCLE ( 'NONE', #3215, 2.000000000000001776 ) ;
#2156 = VERTEX_POINT ( 'NONE', #3308 ) ;
#2157 = EDGE_LOOP ( 'NONE', ( #1258, #1695, #3690, #2094 ) ) ;
#2158 = ADVANCED_FACE ( 'NONE', ( #2346, #1106 ), #1148, .T. ) ;
#2159 = AXIS2_PLACEMENT_3D ( 'NONE', #3289, #1972, #476 ) ;
#2160 = EDGE_LOOP ( 'NONE', ( #3949, #3915, #1546, #1941 ) ) ;
#2161 = EDGE_LOOP ( 'NONE', ( #1757, #352, #3276, #925 ) ) ;
#2162 = FACE_OUTER_BOUND ( 'NONE', #3082, .T. ) ;
#2163 = CARTESIAN_POINT ( 'NONE',  ( 58.90000000000000568, -149.5699994899999865, 33.50000000000000000 ) ) ;
#2164 = EDGE_LOOP ( 'NONE', ( #3400, #3353, #3357, #213 ) ) ;
#2165 = FACE_OUTER_BOUND ( 'NONE', #2783, .T. ) ;
#2166 = DIRECTION ( 'NONE',  ( 1.000000000000000000, 3.194334880715847085E-16, -0.000000000000000000 ) ) ;
#2167 = LINE ( 'NONE', #3452, #1003 ) ;
#2168 = AXIS2_PLACEMENT_3D ( 'NONE', #2196, #1872, #3150 ) ;
#2169 = CARTESIAN_POINT ( 'NONE',  ( 62.02500000000001279, -147.5699994899999865, 31.50000000000000000 ) ) ;
#2170 = LINE ( 'NONE', #887, #1589 ) ;
#2171 = DIRECTION ( 'NONE',  ( 0.000000000000000000, 0.000000000000000000, -1.000000000000000000 ) ) ;
#2172 = FACE_BOUND ( 'NONE', #3543, .T. ) ;
#2173 = VERTEX_POINT ( 'NONE', #1748 ) ;
#2174 = VECTOR ( 'NONE', #2140, 1000.000000000000000 ) ;
#2175 = EDGE_LOOP ( 'NONE', ( #3141, #3416, #589, #3180 ) ) ;
#2176 = CIRCLE ( 'NONE', #1130, 2.000000000000000000 ) ;
#2177 = DIRECTION ( 'NONE',  ( -0.000000000000000000, -0.000000000000000000, 1.000000000000000000 ) ) ;
#2178 = CIRCLE ( 'NONE', #412, 4.000000000000003553 ) ;
#2179 = AXIS2_PLACEMENT_3D ( 'NONE', #3828, #1985, #737 ) ;
#2180 = ORIENTED_EDGE ( 'NONE', *, *, #2210, .F. ) ;
#2181 = EDGE_LOOP ( 'NONE', ( #7, #3946, #1185, #322 ) ) ;
#2182 = EDGE_CURVE ( 'NONE', #761, #628, #2086, .T. ) ;
#2183 = EDGE_CURVE ( 'NONE', #732, #1114, #1477, .T. ) ;
#2184 = CARTESIAN_POINT ( 'NONE',  ( 122.6000000000000085, -143.0304958780635900, 13.50000000000000178 ) ) ;
#2185 = DIRECTION ( 'NONE',  ( 1.000000000000000000, 0.000000000000000000, 0.000000000000000000 ) ) ;
#2186 = ORIENTED_EDGE ( 'NONE', *, *, #3049, .T. ) ;
#2187 = DIRECTION ( 'NONE',  ( -0.000000000000000000, -0.000000000000000000, 1.000000000000000000 ) ) ;
#2188 = DIRECTION ( 'NONE',  ( 1.000000000000000000, 0.000000000000000000, 0.000000000000000000 ) ) ;
#2189 = VERTEX_POINT ( 'NONE', #2068 ) ;
#2190 = FACE_OUTER_BOUND ( 'NONE', #1316, .T. ) ;
#2191 = CIRCLE ( 'NONE', #92, 3.000000000000002665 ) ;
#2192 = AXIS2_PLACEMENT_3D ( 'NONE', #3463, #3480, #684 ) ;
#2193 = CARTESIAN_POINT ( 'NONE',  ( 115.2249999999999801, -65.18000000000000682, 17.57687709138107479 ) ) ;
#2194 = LINE ( 'NONE', #16, #3898 ) ;
#2195 = DIRECTION ( 'NONE',  ( 1.000000000000000000, 0.000000000000000000, -0.000000000000000000 ) ) ;
#2196 = CARTESIAN_POINT ( 'NONE',  ( 75.64999986500001228, -151.2699994900000036, 27.31000001000000310 ) ) ;
#2197 = VERTEX_POINT ( 'NONE', #2104 ) ;
#2198 = ORIENTED_EDGE ( 'NONE', *, *, #786, .F. ) ;
#2199 = EDGE_LOOP ( 'NONE', ( #1201, #682, #232, #1143 ) ) ;
#2200 = AXIS2_PLACEMENT_3D ( 'NONE', #1682, #1408, #3929 ) ;
#2201 = EDGE_CURVE ( 'NONE', #1773, #2965, #1128, .T. ) ;
#2202 = EDGE_CURVE ( 'NONE', #1174, #2973, #515, .T. ) ;
#2203 = EDGE_LOOP ( 'NONE', ( #368, #3814, #20, #1429 ) ) ;
#2204 = ORIENTED_EDGE ( 'NONE', *, *, #457, .F. ) ;
#2205 = VECTOR ( 'NONE', #1419, 1000.000000000000000 ) ;
#2206 = AXIS2_PLACEMENT_3D ( 'NONE', #1119, #3021, #2724 ) ;
#2207 = CIRCLE ( 'NONE', #561, 2.000000000000000000 ) ;
#2208 = CIRCLE ( 'NONE', #3263, 2.000000000000001776 ) ;
#2209 = ORIENTED_EDGE ( 'NONE', *, *, #1260, .T. ) ;
#2210 = EDGE_CURVE ( 'NONE', #3, #947, #2652, .T. ) ;
#2211 = CARTESIAN_POINT ( 'NONE',  ( 65.40000000000000568, -65.18000000000000682, 17.57687709138107479 ) ) ;
#2212 = CARTESIAN_POINT ( 'NONE',  ( 105.6499998649999981, -151.0699994899999865, 13.50000000000000178 ) ) ;
#2213 = ORIENTED_EDGE ( 'NONE', *, *, #1562, .F. ) ;
#2214 = DIRECTION ( 'NONE',  ( -0.000000000000000000, -1.000000000000000000, -0.000000000000000000 ) ) ;
#2215 = CIRCLE ( 'NONE', #2547, 2.875000000000002665 ) ;
#2216 = DIRECTION ( 'NONE',  ( -0.000000000000000000, -0.000000000000000000, -1.000000000000000000 ) ) ;
#2217 = CARTESIAN_POINT ( 'NONE',  ( 58.90000000000000568, -129.3813461816501444, 25.23459469112148668 ) ) ;
#2218 = EDGE_CURVE ( 'NONE', #3485, #3265, #3806, .T. ) ;
#2219 = DIRECTION ( 'NONE',  ( 1.000000000000000000, 0.000000000000000000, 0.000000000000000000 ) ) ;
#2220 = CYLINDRICAL_SURFACE ( 'NONE', #1519, 2.875000000000002665 ) ;
#2221 = ORIENTED_EDGE ( 'NONE', *, *, #3800, .T. ) ;
#2222 = VERTEX_POINT ( 'NONE', #2031 ) ;
#2223 = EDGE_CURVE ( 'NONE', #3644, #3016, #1452, .T. ) ;
#2224 = ORIENTED_EDGE ( 'NONE', *, *, #2283, .F. ) ;
#2225 = ORIENTED_EDGE ( 'NONE', *, *, #2747, .F. ) ;
#2226 = AXIS2_PLACEMENT_3D ( 'NONE', #1011, #1808, #3933 ) ;
#2227 = ORIENTED_EDGE ( 'NONE', *, *, #1123, .F. ) ;
#2228 = DIRECTION ( 'NONE',  ( 1.000000000000000000, 0.000000000000000000, 0.000000000000000000 ) ) ;
#2229 = CARTESIAN_POINT ( 'NONE',  ( 70.84938629089666051, -64.20720779386421384, 14.57687709138106769 ) ) ;
#2230 = ORIENTED_EDGE ( 'NONE', *, *, #1838, .F. ) ;
#2231 = CARTESIAN_POINT ( 'NONE',  ( 105.8499998650000009, -153.5699994899999865, 33.50000000000000000 ) ) ;
#2232 = AXIS2_PLACEMENT_3D ( 'NONE', #804, #3662, #1789 ) ;
#2233 = DIRECTION ( 'NONE',  ( 1.000000000000000000, 0.000000000000000000, 0.000000000000000000 ) ) ;
#2234 = DIRECTION ( 'NONE',  ( 0.000000000000000000, 0.000000000000000000, 1.000000000000000000 ) ) ;
#2235 = EDGE_CURVE ( 'NONE', #1421, #2013, #1727, .T. ) ;
#2236 = DIRECTION ( 'NONE',  ( 1.000000000000000000, 0.000000000000000000, 0.000000000000000000 ) ) ;
#2237 = CARTESIAN_POINT ( 'NONE',  ( 62.90000000000001279, -153.5699994899999865, 13.50000000000000178 ) ) ;
#2238 = ORIENTED_EDGE ( 'NONE', *, *, #862, .T. ) ;
#2239 = EDGE_CURVE ( 'NONE', #3104, #291, #202, .T. ) ;
#2240 = EDGE_LOOP ( 'NONE', ( #2392, #1060, #3153, #4001, #2998 ) ) ;
#2241 = CARTESIAN_POINT ( 'NONE',  ( 108.1499998649999839, -150.6699994899999808, 30.00000000000000355 ) ) ;
#2242 = CARTESIAN_POINT ( 'NONE',  ( 60.90000000000000568, -112.6990521082558985, 39.57687709138104992 ) ) ;
#2243 = AXIS2_PLACEMENT_3D ( 'NONE', #3704, #600, #1891 ) ;
#2244 = ORIENTED_EDGE ( 'NONE', *, *, #568, .T. ) ;
#2245 = AXIS2_PLACEMENT_3D ( 'NONE', #138, #1392, #1642 ) ;
#2246 = EDGE_LOOP ( 'NONE', ( #1255, #855, #605, #2244 ) ) ;
#2247 = ORIENTED_EDGE ( 'NONE', *, *, #2182, .T. ) ;
#2248 = DIRECTION ( 'NONE',  ( -0.000000000000000000, -0.000000000000000000, -1.000000000000000000 ) ) ;
#2249 = FACE_OUTER_BOUND ( 'NONE', #2161, .T. ) ;
#2250 = ORIENTED_EDGE ( 'NONE', *, *, #1798, .T. ) ;
#2251 = CARTESIAN_POINT ( 'NONE',  ( 75.64999986500001228, -152.7699994900000036, 30.00000000000000355 ) ) ;
#2252 = ADVANCED_FACE ( 'NONE', ( #1500 ), #1190, .F. ) ;
#2253 = DIRECTION ( 'NONE',  ( 0.000000000000000000, 0.000000000000000000, -1.000000000000000000 ) ) ;
#2254 = CARTESIAN_POINT ( 'NONE',  ( 62.89999999999999858, -58.67999999999999261, 33.50000000000000000 ) ) ;
#2255 = CARTESIAN_POINT ( 'NONE',  ( 62.89999999999999858, -60.67999999999999972, 17.57687709138106769 ) ) ;
#2256 = CARTESIAN_POINT ( 'NONE',  ( 65.40000000000000568, -65.18000000000000682, 17.57687709138106769 ) ) ;
#2257 = ORIENTED_EDGE ( 'NONE', *, *, #1903, .F. ) ;
#2258 = VERTEX_POINT ( 'NONE', #3387 ) ;
#2259 = CARTESIAN_POINT ( 'NONE',  ( 105.8499998650000009, -151.4699994900000206, 22.36000001000000381 ) ) ;
#2260 = DIRECTION ( 'NONE',  ( 0.000000000000000000, -0.000000000000000000, 1.000000000000000000 ) ) ;
#2261 = CYLINDRICAL_SURFACE ( 'NONE', #1222, 0.2000000000000057288 ) ;
#2262 = DIRECTION ( 'NONE',  ( 0.000000000000000000, 0.000000000000000000, 1.000000000000000000 ) ) ;
#2263 = EDGE_LOOP ( 'NONE', ( #3635, #1696, #2304, #1836 ) ) ;
#2264 = CIRCLE ( 'NONE', #233, 18.00000000000001421 ) ;
#2265 = EDGE_CURVE ( 'NONE', #3834, #3116, #1898, .T. ) ;
#2266 = ADVANCED_FACE ( 'NONE', ( #2123 ), #3701, .T. ) ;
#2267 = VECTOR ( 'NONE', #1090, 1000.000000000000000 ) ;
#2268 = CARTESIAN_POINT ( 'NONE',  ( 62.90000000000001279, -151.5699994899999865, 33.50000000000000000 ) ) ;
#2269 = DIRECTION ( 'NONE',  ( 0.000000000000000000, 1.000000000000000000, 0.000000000000000000 ) ) ;
#2270 = VERTEX_POINT ( 'NONE', #1030 ) ;
#2271 = CARTESIAN_POINT ( 'NONE',  ( 120.6000000000000085, -149.3699994899999979, 13.50000000000000178 ) ) ;
#2272 = EDGE_CURVE ( 'NONE', #868, #1742, #1304, .T. ) ;
#2273 = CYLINDRICAL_SURFACE ( 'NONE', #2447, 0.2000000000000057288 ) ;
#2274 = CARTESIAN_POINT ( 'NONE',  ( 77.94999986499999522, -153.3699994899999979, 22.36000001000000381 ) ) ;
#2275 = FACE_OUTER_BOUND ( 'NONE', #3037, .T. ) ;
#2276 = ORIENTED_EDGE ( 'NONE', *, *, #268, .F. ) ;
#2277 = ORIENTED_EDGE ( 'NONE', *, *, #2139, .T. ) ;
#2278 = DIRECTION ( 'NONE',  ( 0.000000000000000000, 0.000000000000000000, -1.000000000000000000 ) ) ;
#2279 = CARTESIAN_POINT ( 'NONE',  ( 100.8999998649999981, -152.7699994900000036, 22.36000001000000381 ) ) ;
#2280 = CARTESIAN_POINT ( 'NONE',  ( 105.6499998649999981, -149.5699994899999865, 13.50000000000000178 ) ) ;
#2281 = DIRECTION ( 'NONE',  ( 0.000000000000000000, -1.000000000000000000, 0.000000000000000000 ) ) ;
#2282 = ORIENTED_EDGE ( 'NONE', *, *, #281, .F. ) ;
#2283 = EDGE_CURVE ( 'NONE', #1773, #1665, #784, .T. ) ;
#2284 = AXIS2_PLACEMENT_3D ( 'NONE', #2008, #3269, #1706 ) ;
#2285 = ORIENTED_EDGE ( 'NONE', *, *, #3984, .F. ) ;
#2286 = VECTOR ( 'NONE', #3737, 1000.000000000000000 ) ;
#2287 = LINE ( 'NONE', #2309, #295 ) ;
#2288 = CARTESIAN_POINT ( 'NONE',  ( 108.5499998649999895, -149.3699994899999979, 32.50000000000000000 ) ) ;
#2289 = ORIENTED_EDGE ( 'NONE', *, *, #2669, .T. ) ;
#2290 = DIRECTION ( 'NONE',  ( -0.000000000000000000, 1.000000000000000000, 0.000000000000000000 ) ) ;
#2291 = CARTESIAN_POINT ( 'NONE',  ( 78.14999986499999807, -151.0699994899999865, 13.50000000000000178 ) ) ;
#2292 = CARTESIAN_POINT ( 'NONE',  ( 64.90000000000001990, -147.5699994899999865, 7.843145750507614089 ) ) ;
#2293 = PLANE ( 'NONE',  #1417 ) ;
#2294 = DIRECTION ( 'NONE',  ( 0.000000000000000000, 0.000000000000000000, -1.000000000000000000 ) ) ;
#2295 = ORIENTED_EDGE ( 'NONE', *, *, #1629, .F. ) ;
#2296 = ORIENTED_EDGE ( 'NONE', *, *, #1606, .F. ) ;
#2297 = TOROIDAL_SURFACE ( 'NONE', #3354, 2.000000000000003553, 2.000000000000000000 ) ;
#2298 = TOROIDAL_SURFACE ( 'NONE', #1063, 2.000000000000003553, 2.000000000000000000 ) ;
#2299 = ADVANCED_FACE ( 'NONE', ( #2322 ), #2556, .F. ) ;
#2300 = FACE_OUTER_BOUND ( 'NONE', #3194, .T. ) ;
#2301 = LINE ( 'NONE', #148, #2865 ) ;
#2302 = DIRECTION ( 'NONE',  ( 1.000000000000000000, 0.000000000000000000, 0.000000000000000000 ) ) ;
#2303 = AXIS2_PLACEMENT_3D ( 'NONE', #559, #3374, #3958 ) ;
#2304 = ORIENTED_EDGE ( 'NONE', *, *, #395, .T. ) ;
#2305 = VECTOR ( 'NONE', #29, 1000.000000000000000 ) ;
#2306 = VERTEX_POINT ( 'NONE', #743 ) ;
#2307 = CIRCLE ( 'NONE', #273, 5.535533905932747523 ) ;
#2308 = EDGE_CURVE ( 'NONE', #910, #207, #1834, .T. ) ;
#2309 = CARTESIAN_POINT ( 'NONE',  ( 75.64999986500001228, -150.8699994899999979, 30.00000000000000355 ) ) ;
#2310 = CARTESIAN_POINT ( 'NONE',  ( 62.89999999999999858, -62.67999999999999972, 17.57687709138106769 ) ) ;
#2311 = VERTEX_POINT ( 'NONE', #1359 ) ;
#2312 = DIRECTION ( 'NONE',  ( 0.000000000000000000, 0.000000000000000000, 1.000000000000000000 ) ) ;
#2313 = CARTESIAN_POINT ( 'NONE',  ( 117.7282202112918839, -149.3699994899999979, 7.843145750507614089 ) ) ;
#2314 = FACE_OUTER_BOUND ( 'NONE', #2240, .T. ) ;
#2315 = ADVANCED_FACE ( 'NONE', ( #1049 ), #383, .T. ) ;
#2316 =( NAMED_UNIT ( * ) SI_UNIT ( $, .STERADIAN. ) SOLID_ANGLE_UNIT ( ) );
#2317 = DIRECTION ( 'NONE',  ( 0.000000000000000000, 0.000000000000000000, -1.000000000000000000 ) ) ;
#2318 = EDGE_CURVE ( 'NONE', #484, #2819, #370, .T. ) ;
#2319 = ORIENTED_EDGE ( 'NONE', *, *, #879, .F. ) ;
#2320 = CARTESIAN_POINT ( 'NONE',  ( 65.40000000000000568, -65.18000000000000682, 14.57687709138107479 ) ) ;
#2321 = EDGE_CURVE ( 'NONE', #1755, #1421, #2886, .T. ) ;
#2322 = FACE_OUTER_BOUND ( 'NONE', #818, .T. ) ;
#2323 = CARTESIAN_POINT ( 'NONE',  ( 112.6506137091033111, -64.20720779386421384, 14.57687709138106769 ) ) ;
#2324 = CARTESIAN_POINT ( 'NONE',  ( 58.89999999999999147, -62.67999999999999972, 33.50000000000000000 ) ) ;
#2325 = VERTEX_POINT ( 'NONE', #459 ) ;
#2326 = VERTEX_POINT ( 'NONE', #3522 ) ;
#2327 = EDGE_CURVE ( 'NONE', #294, #2189, #2632, .T. ) ;
#2328 = ADVANCED_FACE ( 'NONE', ( #3854 ), #1955, .T. ) ;
#2329 = AXIS2_PLACEMENT_3D ( 'NONE', #866, #3314, #2073 ) ;
#2330 = ORIENTED_EDGE ( 'NONE', *, *, #2341, .T. ) ;
#2331 = EDGE_LOOP ( 'NONE', ( #2493, #3813, #1527, #872 ) ) ;
#2332 = EDGE_CURVE ( 'NONE', #1095, #1678, #2575, .T. ) ;
#2333 = CIRCLE ( 'NONE', #2997, 2.000000000000001776 ) ;
#2334 = CARTESIAN_POINT ( 'NONE',  ( 120.9749999999999801, -65.18000000000000682, 17.57687709138107479 ) ) ;
#2335 = FACE_OUTER_BOUND ( 'NONE', #1139, .T. ) ;
#2336 = ORIENTED_EDGE ( 'NONE', *, *, #3238, .F. ) ;
#2337 = VECTOR ( 'NONE', #3274, 1000.000000000000000 ) ;
#2338 = FACE_OUTER_BOUND ( 'NONE', #3797, .T. ) ;
#2339 = EDGE_CURVE ( 'NONE', #1178, #1357, #2814, .T. ) ;
#2340 = CIRCLE ( 'NONE', #3069, 2.000000000000001776 ) ;
#2341 = EDGE_CURVE ( 'NONE', #2045, #3468, #3837, .T. ) ;
#2342 = LINE ( 'NONE', #2650, #3125 ) ;
#2343 = DIRECTION ( 'NONE',  ( 0.000000000000000000, 0.000000000000000000, 1.000000000000000000 ) ) ;
#2344 = AXIS2_PLACEMENT_3D ( 'NONE', #2150, #2109, #865 ) ;
#2345 = DIRECTION ( 'NONE',  ( -0.000000000000000000, 0.000000000000000000, -1.000000000000000000 ) ) ;
#2346 = FACE_BOUND ( 'NONE', #1000, .T. ) ;
#2347 = CARTESIAN_POINT ( 'NONE',  ( 72.35032790664052982, -146.3699994899999979, 26.50000000000000000 ) ) ;
#2348 = ADVANCED_FACE ( 'NONE', ( #3539 ), #1973, .F. ) ;
#2349 = LINE ( 'NONE', #3312, #3296 ) ;
#2350 = DIRECTION ( 'NONE',  ( -1.000000000000000000, 0.000000000000000000, 0.000000000000000000 ) ) ;
#2351 = DIRECTION ( 'NONE',  ( 0.000000000000000000, 0.000000000000000000, -1.000000000000000000 ) ) ;
#2352 = ORIENTED_EDGE ( 'NONE', *, *, #3177, .T. ) ;
#2353 = ORIENTED_EDGE ( 'NONE', *, *, #1668, .F. ) ;
#2354 = AXIS2_PLACEMENT_3D ( 'NONE', #1928, #3305, #840 ) ;
#2355 = VERTEX_POINT ( 'NONE', #3212 ) ;
#2356 = ORIENTED_EDGE ( 'NONE', *, *, #3910, .T. ) ;
#2357 = VECTOR ( 'NONE', #1284, 1000.000000000000000 ) ;
#2358 = DIRECTION ( 'NONE',  ( -0.000000000000000000, -0.000000000000000000, -1.000000000000000000 ) ) ;
#2359 = DIRECTION ( 'NONE',  ( 1.000000000000000000, 0.000000000000000000, -0.000000000000000000 ) ) ;
#2360 = VECTOR ( 'NONE', #3553, 1000.000000000000000 ) ;
#2361 = ORIENTED_EDGE ( 'NONE', *, *, #3673, .T. ) ;
#2362 = AXIS2_PLACEMENT_3D ( 'NONE', #1373, #2317, #3573 ) ;
#2363 = EDGE_CURVE ( 'NONE', #1027, #3904, #1918, .T. ) ;
#2364 = LINE ( 'NONE', #3344, #1630 ) ;
#2365 = AXIS2_PLACEMENT_3D ( 'NONE', #1689, #721, #2966 ) ;
#2366 = DIRECTION ( 'NONE',  ( -0.000000000000000000, -0.000000000000000000, -1.000000000000000000 ) ) ;
#2367 = CARTESIAN_POINT ( 'NONE',  ( 60.90000000000000568, -112.6990521082558985, 17.57687709138106058 ) ) ;
#2368 = DIRECTION ( 'NONE',  ( 0.000000000000000000, 0.000000000000000000, 1.000000000000000000 ) ) ;
#2369 = DIRECTION ( 'NONE',  ( 0.000000000000000000, 1.000000000000000000, 1.095474339541231642E-16 ) ) ;
#2370 = EDGE_CURVE ( 'NONE', #2173, #441, #478, .T. ) ;
#2371 = CARTESIAN_POINT ( 'NONE',  ( 64.90000000000001990, -147.5699994899999865, 26.50000000000000000 ) ) ;
#2372 = CARTESIAN_POINT ( 'NONE',  ( 120.5999999999999801, -62.67999999999999972, 14.57687709138106769 ) ) ;
#2373 = DIRECTION ( 'NONE',  ( 0.000000000000000000, 0.000000000000000000, 1.000000000000000000 ) ) ;
#2374 = ORIENTED_EDGE ( 'NONE', *, *, #4046, .F. ) ;
#2375 = ORIENTED_EDGE ( 'NONE', *, *, #209, .F. ) ;
#2376 = ORIENTED_EDGE ( 'NONE', *, *, #1048, .T. ) ;
#2377 = VERTEX_POINT ( 'NONE', #3253 ) ;
#2378 = AXIS2_PLACEMENT_3D ( 'NONE', #1986, #3498, #3227 ) ;
#2379 = DIRECTION ( 'NONE',  ( 0.000000000000000000, 0.000000000000000000, -1.000000000000000000 ) ) ;
#2380 = DIRECTION ( 'NONE',  ( -0.000000000000000000, -1.000000000000000000, -0.000000000000000000 ) ) ;
#2381 = ORIENTED_EDGE ( 'NONE', *, *, #2370, .F. ) ;
#2382 = DIRECTION ( 'NONE',  ( 1.000000000000000000, 0.000000000000000000, 0.000000000000000000 ) ) ;
#2383 = DIRECTION ( 'NONE',  ( -0.000000000000000000, -0.000000000000000000, -1.000000000000000000 ) ) ;
#2384 = LINE ( 'NONE', #2029, #2491 ) ;
#2385 = CARTESIAN_POINT ( 'NONE',  ( 108.3499998649999867, -151.6699994900000092, 30.00000000000000355 ) ) ;
#2386 = DIRECTION ( 'NONE',  ( 0.000000000000000000, 0.000000000000000000, 1.000000000000000000 ) ) ;
#2387 = CARTESIAN_POINT ( 'NONE',  ( 58.90000000000000568, -149.5699994899999865, 31.50000000000000000 ) ) ;
#2388 = DIRECTION ( 'NONE',  ( 0.000000000000000000, -1.000000000000000000, 0.000000000000000000 ) ) ;
#2389 = FACE_OUTER_BOUND ( 'NONE', #177, .T. ) ;
#2390 = ORIENTED_EDGE ( 'NONE', *, *, #3370, .T. ) ;
#2391 = ORIENTED_EDGE ( 'NONE', *, *, #565, .F. ) ;
#2392 = ORIENTED_EDGE ( 'NONE', *, *, #354, .F. ) ;
#2393 = ORIENTED_EDGE ( 'NONE', *, *, #3011, .T. ) ;
#2394 = AXIS2_PLACEMENT_3D ( 'NONE', #1864, #4007, #293 ) ;
#2395 = ADVANCED_FACE ( 'NONE', ( #2300 ), #433, .T. ) ;
#2396 = ADVANCED_FACE ( 'NONE', ( #168 ), #1752, .T. ) ;
#2397 = CARTESIAN_POINT ( 'NONE',  ( 75.44999986500000944, -150.6699994899999808, 13.50000000000000178 ) ) ;
#2398 = FACE_OUTER_BOUND ( 'NONE', #798, .T. ) ;
#2399 = ORIENTED_EDGE ( 'NONE', *, *, #2218, .F. ) ;
#2400 = EDGE_CURVE ( 'NONE', #1279, #1164, #540, .T. ) ;
#2401 = DIRECTION ( 'NONE',  ( -1.000000000000000000, -0.000000000000000000, -0.000000000000000000 ) ) ;
#2402 = VECTOR ( 'NONE', #260, 1000.000000000000000 ) ;
#2403 = CARTESIAN_POINT ( 'NONE',  ( 100.8999998649999981, -152.9699994900000206, 27.11000001000000381 ) ) ;
#2404 = CARTESIAN_POINT ( 'NONE',  ( 118.6000000000000085, -147.5699994899999865, 13.50000000000000178 ) ) ;
#2405 = DIRECTION ( 'NONE',  ( 1.000000000000000000, 0.000000000000000000, 0.000000000000000000 ) ) ;
#2406 = AXIS2_PLACEMENT_3D ( 'NONE', #1072, #1397, #3560 ) ;
#2407 = CIRCLE ( 'NONE', #3787, 0.1999999999999987899 ) ;
#2408 = VECTOR ( 'NONE', #1991, 1000.000000000000000 ) ;
#2409 = CARTESIAN_POINT ( 'NONE',  ( 61.79160261284778244, -142.2522488170112354, 31.48517835169613477 ) ) ;
#2410 = AXIS2_PLACEMENT_3D ( 'NONE', #3095, #846, #264 ) ;
#2411 = DIRECTION ( 'NONE',  ( -0.000000000000000000, -0.000000000000000000, 1.000000000000000000 ) ) ;
#2412 = DIRECTION ( 'NONE',  ( 1.000000000000000000, 0.000000000000000000, -0.000000000000000000 ) ) ;
#2413 = DIRECTION ( 'NONE',  ( -1.000000000000000000, 0.000000000000000000, 0.000000000000000000 ) ) ;
#2414 = ORIENTED_EDGE ( 'NONE', *, *, #3238, .T. ) ;
#2415 = ORIENTED_EDGE ( 'NONE', *, *, #2698, .T. ) ;
#2416 = ORIENTED_EDGE ( 'NONE', *, *, #688, .T. ) ;
#2417 = EDGE_CURVE ( 'NONE', #648, #269, #2737, .T. ) ;
#2418 = CARTESIAN_POINT ( 'NONE',  ( 82.89999986499999807, -151.0699994899999865, 27.31000001000000310 ) ) ;
#2419 = DIRECTION ( 'NONE',  ( 0.000000000000000000, 1.000000000000000000, 0.000000000000000000 ) ) ;
#2420 = EDGE_LOOP ( 'NONE', ( #2740, #2080, #1570, #195, #2075, #1927 ) ) ;
#2421 = FACE_OUTER_BOUND ( 'NONE', #3812, .T. ) ;
#2422 = CIRCLE ( 'NONE', #1039, 4.546349178010951064 ) ;
#2423 = CARTESIAN_POINT ( 'NONE',  ( 75.64999986500001228, -152.7699994900000036, 30.00000000000000355 ) ) ;
#2424 = CARTESIAN_POINT ( 'NONE',  ( 119.6000000000000085, -140.1369651163407468, 26.50000000000000000 ) ) ;
#2425 = LINE ( 'NONE', #1394, #1108 ) ;
#2426 = FACE_OUTER_BOUND ( 'NONE', #3160, .T. ) ;
#2427 = CARTESIAN_POINT ( 'NONE',  ( 60.90000000000001279, -147.3699994899999979, 13.50000000000000178 ) ) ;
#2428 = DIRECTION ( 'NONE',  ( -1.000000000000000000, -3.194334880715847085E-16, 0.000000000000000000 ) ) ;
#2429 = DIRECTION ( 'NONE',  ( 0.000000000000000000, 0.000000000000000000, 1.000000000000000000 ) ) ;
#2430 = ORIENTED_EDGE ( 'NONE', *, *, #1179, .F. ) ;
#2431 = EDGE_LOOP ( 'NONE', ( #1574, #3246, #3923, #1646, #1658, #2415, #1399, #566 ) ) ;
#2432 = EDGE_CURVE ( 'NONE', #524, #1121, #2307, .T. ) ;
#2433 = EDGE_LOOP ( 'NONE', ( #2276, #88, #2638, #2800 ) ) ;
#2434 = ORIENTED_EDGE ( 'NONE', *, *, #2016, .T. ) ;
#2435 = CIRCLE ( 'NONE', #3881, 2.000000000000001776 ) ;
#2436 = DIRECTION ( 'NONE',  ( 1.000000000000000000, -0.000000000000000000, -0.000000000000000000 ) ) ;
#2437 = CARTESIAN_POINT ( 'NONE',  ( 64.02822021129188101, -149.3699994899999979, 13.50000000000000178 ) ) ;
#2438 = ORIENTED_EDGE ( 'NONE', *, *, #3972, .F. ) ;
#2439 = VECTOR ( 'NONE', #2451, 1000.000000000000000 ) ;
#2440 = DIRECTION ( 'NONE',  ( 1.000000000000000000, 1.597167440357923543E-16, -0.000000000000000000 ) ) ;
#2441 = LINE ( 'NONE', #1497, #2402 ) ;
#2442 = CARTESIAN_POINT ( 'NONE',  ( 122.6000000000000085, -140.1369651163407468, 31.26590779360749650 ) ) ;
#2443 = VECTOR ( 'NONE', #3074, 1000.000000000000000 ) ;
#2444 = DIRECTION ( 'NONE',  ( 0.000000000000000000, 0.000000000000000000, 1.000000000000000000 ) ) ;
#2445 = VECTOR ( 'NONE', #1926, 1000.000000000000000 ) ;
#2446 = FACE_OUTER_BOUND ( 'NONE', #651, .T. ) ;
#2447 = AXIS2_PLACEMENT_3D ( 'NONE', #386, #3552, #95 ) ;
#2448 = EDGE_CURVE ( 'NONE', #3419, #1832, #3350, .T. ) ;
#2449 = CARTESIAN_POINT ( 'NONE',  ( 62.89999999999999858, -62.67999999999999972, 13.50000000000000178 ) ) ;
#2450 = LINE ( 'NONE', #1231, #1614 ) ;
#2451 = DIRECTION ( 'NONE',  ( -1.000000000000000000, 0.000000000000000000, 0.000000000000000000 ) ) ;
#2452 = EDGE_LOOP ( 'NONE', ( #1856, #113, #3843, #126 ) ) ;
#2453 = VECTOR ( 'NONE', #2214, 1000.000000000000000 ) ;
#2454 = ORIENTED_EDGE ( 'NONE', *, *, #2272, .F. ) ;
#2455 = EDGE_CURVE ( 'NONE', #2646, #50, #1978, .T. ) ;
#2456 = VERTEX_POINT ( 'NONE', #1150 ) ;
#2457 = VERTEX_POINT ( 'NONE', #2387 ) ;
#2458 = EDGE_CURVE ( 'NONE', #2696, #1587, #2349, .T. ) ;
#2459 = EDGE_CURVE ( 'NONE', #3904, #3053, #343, .T. ) ;
#2460 = DIRECTION ( 'NONE',  ( 0.000000000000000000, 0.000000000000000000, 1.000000000000000000 ) ) ;
#2461 = CARTESIAN_POINT ( 'NONE',  ( 62.90000000000001279, -149.5699994899999865, 13.50000000000000178 ) ) ;
#2462 = EDGE_LOOP ( 'NONE', ( #2521, #2077, #2994, #1693, #1884 ) ) ;
#2463 = CARTESIAN_POINT ( 'NONE',  ( 65.14939487889152758, -143.0304958780635900, 31.50000000000000000 ) ) ;
#2464 = DIRECTION ( 'NONE',  ( 1.000000000000000000, 0.000000000000000000, 0.000000000000000000 ) ) ;
#2465 = ADVANCED_FACE ( 'NONE', ( #3956 ), #224, .F. ) ;
#2466 = DIRECTION ( 'NONE',  ( -1.000000000000000000, -1.597167440357923543E-16, 0.000000000000000000 ) ) ;
#2467 = AXIS2_PLACEMENT_3D ( 'NONE', #3005, #3951, #2688 ) ;
#2468 = DIRECTION ( 'NONE',  ( -0.000000000000000000, -1.095474339541231642E-16, 1.000000000000000000 ) ) ;
#2469 = CARTESIAN_POINT ( 'NONE',  ( 62.89999999999999858, -60.67999999999999972, 33.50000000000000000 ) ) ;
#2470 = DIRECTION ( 'NONE',  ( -0.000000000000000000, -1.000000000000000000, -0.000000000000000000 ) ) ;
#2471 = ORIENTED_EDGE ( 'NONE', *, *, #747, .T. ) ;
#2472 = VECTOR ( 'NONE', #4052, 1000.000000000000000 ) ;
#2473 = ORIENTED_EDGE ( 'NONE', *, *, #2582, .F. ) ;
#2474 = ORIENTED_EDGE ( 'NONE', *, *, #1305, .T. ) ;
#2475 = TOROIDAL_SURFACE ( 'NONE', #2599, 22.00000000000000000, 2.000000000000000000 ) ;
#2476 = EDGE_CURVE ( 'NONE', #1981, #3334, #2176, .T. ) ;
#2477 = ORIENTED_EDGE ( 'NONE', *, *, #1599, .T. ) ;
#2478 = ORIENTED_EDGE ( 'NONE', *, *, #770, .T. ) ;
#2479 = CARTESIAN_POINT ( 'NONE',  ( 105.8499998650000009, -153.3699994899999979, 9.460000009999998127 ) ) ;
#2480 = DIRECTION ( 'NONE',  ( -0.000000000000000000, -0.000000000000000000, 1.000000000000000000 ) ) ;
#2481 = ORIENTED_EDGE ( 'NONE', *, *, #3587, .T. ) ;
#2482 = FACE_OUTER_BOUND ( 'NONE', #2000, .T. ) ;
#2483 = DIRECTION ( 'NONE',  ( -0.000000000000000000, -0.000000000000000000, -1.000000000000000000 ) ) ;
#2484 = DIRECTION ( 'NONE',  ( 1.000000000000000000, 0.000000000000000000, -0.000000000000000000 ) ) ;
#2485 = FACE_OUTER_BOUND ( 'NONE', #2014, .T. ) ;
#2486 = CARTESIAN_POINT ( 'NONE',  ( 70.84938629089666051, -64.20720779386421384, 14.57687709138106769 ) ) ;
#2487 = CARTESIAN_POINT ( 'NONE',  ( 108.3499998649999867, -152.5699994899999865, 30.00000000000000355 ) ) ;
#2488 = EDGE_CURVE ( 'NONE', #1900, #2516, #3012, .T. ) ;
#2489 = DIRECTION ( 'NONE',  ( 0.000000000000000000, 1.000000000000000000, 0.000000000000000000 ) ) ;
#2490 = EDGE_LOOP ( 'NONE', ( #3645, #2824, #583, #1739 ) ) ;
#2491 = VECTOR ( 'NONE', #2050, 1000.000000000000000 ) ;
#2492 = VERTEX_POINT ( 'NONE', #1732 ) ;
#2493 = ORIENTED_EDGE ( 'NONE', *, *, #395, .F. ) ;
#2494 = ADVANCED_FACE ( 'NONE', ( #2693 ), #1171, .T. ) ;
#2495 = ORIENTED_EDGE ( 'NONE', *, *, #2669, .F. ) ;
#2496 = ORIENTED_EDGE ( 'NONE', *, *, #2476, .T. ) ;
#2497 = FACE_OUTER_BOUND ( 'NONE', #1840, .T. ) ;
#2498 = FACE_OUTER_BOUND ( 'NONE', #1699, .T. ) ;
#2499 = ORIENTED_EDGE ( 'NONE', *, *, #143, .F. ) ;
#2500 = PLANE ( 'NONE',  #1344 ) ;
#2501 = CARTESIAN_POINT ( 'NONE',  ( 120.5512170373493888, -142.9869457271542785, 31.50000000000001421 ) ) ;
#2502 = VERTEX_POINT ( 'NONE', #826 ) ;
#2503 = LINE ( 'NONE', #1889, #485 ) ;
#2504 = EDGE_CURVE ( 'NONE', #2019, #968, #3331, .T. ) ;
#2505 = EDGE_CURVE ( 'NONE', #3744, #2156, #1770, .T. ) ;
#2506 = FACE_OUTER_BOUND ( 'NONE', #542, .T. ) ;
#2507 = DIRECTION ( 'NONE',  ( 0.000000000000000000, 0.000000000000000000, -1.000000000000000000 ) ) ;
#2508 = CYLINDRICAL_SURFACE ( 'NONE', #1684, 3.000000000000002665 ) ;
#2509 = CARTESIAN_POINT ( 'NONE',  ( 75.44999986500000944, -151.6699994900000092, 30.00000000000000355 ) ) ;
#2510 = ORIENTED_EDGE ( 'NONE', *, *, #2321, .T. ) ;
#2511 = VECTOR ( 'NONE', #3612, 1000.000000000000000 ) ;
#2512 = EDGE_LOOP ( 'NONE', ( #1526, #2534, #1977, #2113 ) ) ;
#2513 = AXIS2_PLACEMENT_3D ( 'NONE', #3231, #1989, #1649 ) ;
#2514 = VERTEX_POINT ( 'NONE', #3600 ) ;
#2515 = CIRCLE ( 'NONE', #3044, 4.950000000000002842 ) ;
#2516 = VERTEX_POINT ( 'NONE', #2034 ) ;
#2517 = EDGE_LOOP ( 'NONE', ( #2352, #2938, #1220, #2076 ) ) ;
#2518 = EDGE_CURVE ( 'NONE', #1665, #2627, #3372, .T. ) ;
#2519 = EDGE_CURVE ( 'NONE', #3341, #198, #3912, .T. ) ;
#2520 = FACE_OUTER_BOUND ( 'NONE', #482, .T. ) ;
#2521 = ORIENTED_EDGE ( 'NONE', *, *, #1453, .F. ) ;
#2522 = EDGE_CURVE ( 'NONE', #3732, #595, #3364, .T. ) ;
#2523 = PLANE ( 'NONE',  #2862 ) ;
#2524 = DIRECTION ( 'NONE',  ( 0.000000000000000000, 0.000000000000000000, 1.000000000000000000 ) ) ;
#2525 = ORIENTED_EDGE ( 'NONE', *, *, #2948, .F. ) ;
#2526 = EDGE_CURVE ( 'NONE', #2591, #2571, #1261, .T. ) ;
#2527 = CARTESIAN_POINT ( 'NONE',  ( 63.90000000000001279, -140.0902009688855117, 31.50000000000000000 ) ) ;
#2528 = AXIS2_PLACEMENT_3D ( 'NONE', #2615, #1398, #3255 ) ;
#2529 = AXIS2_PLACEMENT_3D ( 'NONE', #2241, #2536, #3725 ) ;
#2530 = DIRECTION ( 'NONE',  ( -1.000000000000000000, 0.000000000000000000, 0.000000000000000000 ) ) ;
#2531 = CARTESIAN_POINT ( 'NONE',  ( 62.89999999999999858, -62.67999999999999972, 33.50000000000000000 ) ) ;
#2532 = DIRECTION ( 'NONE',  ( 0.000000000000000000, 0.000000000000000000, 1.000000000000000000 ) ) ;
#2533 = DIRECTION ( 'NONE',  ( 0.000000000000000000, 0.000000000000000000, 1.000000000000000000 ) ) ;
#2534 = ORIENTED_EDGE ( 'NONE', *, *, #3370, .F. ) ;
#2535 = ORIENTED_EDGE ( 'NONE', *, *, #3668, .F. ) ;
#2536 = DIRECTION ( 'NONE',  ( 0.000000000000000000, 0.000000000000000000, -1.000000000000000000 ) ) ;
#2537 = AXIS2_PLACEMENT_3D ( 'NONE', #3566, #1961, #1979 ) ;
#2538 = ORIENTED_EDGE ( 'NONE', *, *, #1668, .T. ) ;
#2539 = VECTOR ( 'NONE', #2351, 1000.000000000000000 ) ;
#2540 = AXIS2_PLACEMENT_3D ( 'NONE', #3721, #285, #1539 ) ;
#2541 = ORIENTED_EDGE ( 'NONE', *, *, #2139, .F. ) ;
#2542 = EDGE_CURVE ( 'NONE', #2700, #572, #3128, .T. ) ;
#2543 = DIRECTION ( 'NONE',  ( 0.000000000000000000, 0.000000000000000000, -1.000000000000000000 ) ) ;
#2544 = CARTESIAN_POINT ( 'NONE',  ( 82.89999986499999807, -148.5699994899999865, 22.36000001000000381 ) ) ;
#2545 = EDGE_LOOP ( 'NONE', ( #2786, #3087 ) ) ;
#2546 = CARTESIAN_POINT ( 'NONE',  ( 120.6000000000000085, -147.3699994899999979, 26.50000000000000000 ) ) ;
#2547 = AXIS2_PLACEMENT_3D ( 'NONE', #182, #3616, #3286 ) ;
#2548 = DIRECTION ( 'NONE',  ( 1.000000000000000000, 0.000000000000000000, 0.000000000000000000 ) ) ;
#2549 = FACE_OUTER_BOUND ( 'NONE', #2431, .T. ) ;
#2550 = CARTESIAN_POINT ( 'NONE',  ( 62.90000000000001279, -151.4699994900000206, 13.50000000000000178 ) ) ;
#2551 = CARTESIAN_POINT ( 'NONE',  ( 58.89999999999999147, -60.67999999999999972, 17.57687709138106769 ) ) ;
#2552 = ORIENTED_EDGE ( 'NONE', *, *, #3084, .F. ) ;
#2553 = EDGE_LOOP ( 'NONE', ( #2902, #180, #4038, #3518, #2477, #2250 ) ) ;
#2554 = LINE ( 'NONE', #3746, #2723 ) ;
#2555 = VECTOR ( 'NONE', #3225, 1000.000000000000000 ) ;
#2556 = PLANE ( 'NONE',  #122 ) ;
#2557 = AXIS2_PLACEMENT_3D ( 'NONE', #3504, #3192, #1669 ) ;
#2558 = ORIENTED_EDGE ( 'NONE', *, *, #3605, .T. ) ;
#2559 = AXIS2_PLACEMENT_3D ( 'NONE', #2320, #2573, #3575 ) ;
#2560 = VERTEX_POINT ( 'NONE', #3094 ) ;
#2561 = ADVANCED_FACE ( 'NONE', ( #2126 ), #3562, .T. ) ;
#2562 = DIRECTION ( 'NONE',  ( 0.000000000000000000, -0.000000000000000000, 1.000000000000000000 ) ) ;
#2563 = CARTESIAN_POINT ( 'NONE',  ( 78.14999986499999807, -151.2699994900000036, 22.36000001000000381 ) ) ;
#2564 = ORIENTED_EDGE ( 'NONE', *, *, #2087, .T. ) ;
#2565 = CARTESIAN_POINT ( 'NONE',  ( 116.6000000000000085, -147.5699994899999865, 7.843145750507614089 ) ) ;
#2566 = CARTESIAN_POINT ( 'NONE',  ( 77.94999986500000944, -150.8699994899999979, 22.36000001000000381 ) ) ;
#2567 = DIRECTION ( 'NONE',  ( 0.000000000000000000, 0.000000000000000000, -1.000000000000000000 ) ) ;
#2568 = DIRECTION ( 'NONE',  ( 0.000000000000000000, 0.000000000000000000, -1.000000000000000000 ) ) ;
#2569 = DIRECTION ( 'NONE',  ( -1.000000000000000000, 0.000000000000000000, 0.000000000000000000 ) ) ;
#2570 = ORIENTED_EDGE ( 'NONE', *, *, #4076, .T. ) ;
#2571 = VERTEX_POINT ( 'NONE', #580 ) ;
#2572 = CIRCLE ( 'NONE', #1193, 0.2000000000000057288 ) ;
#2573 = DIRECTION ( 'NONE',  ( 0.000000000000000000, 0.000000000000000000, 1.000000000000000000 ) ) ;
#2574 = ADVANCED_FACE ( 'NONE', ( #2778 ), #2816, .T. ) ;
#2575 = LINE ( 'NONE', #765, #913 ) ;
#2576 = DIRECTION ( 'NONE',  ( 0.000000000000000000, -1.000000000000000000, 5.300543954373572675E-15 ) ) ;
#2577 = EDGE_CURVE ( 'NONE', #291, #2270, #2170, .T. ) ;
#2578 = VECTOR ( 'NONE', #1110, 1000.000000000000000 ) ;
#2579 = VERTEX_POINT ( 'NONE', #2486 ) ;
#2580 = AXIS2_PLACEMENT_3D ( 'NONE', #3514, #2854, #2548 ) ;
#2581 = EDGE_CURVE ( 'NONE', #994, #2822, #263, .T. ) ;
#2582 = EDGE_CURVE ( 'NONE', #945, #3241, #1655, .T. ) ;
#2583 = DIRECTION ( 'NONE',  ( -1.597167440357923543E-16, 1.000000000000000000, 0.000000000000000000 ) ) ;
#2584 = CARTESIAN_POINT ( 'NONE',  ( 105.8499998650000009, -152.9699994900000206, 13.50000000000000178 ) ) ;
#2585 = ORIENTED_EDGE ( 'NONE', *, *, #3608, .F. ) ;
#2586 = LINE ( 'NONE', #2896, #585 ) ;
#2587 = FACE_OUTER_BOUND ( 'NONE', #40, .T. ) ;
#2588 = DIRECTION ( 'NONE',  ( 1.000000000000000000, 0.000000000000000000, -0.000000000000000000 ) ) ;
#2589 = DIRECTION ( 'NONE',  ( 1.000000000000000000, 0.000000000000000000, 0.000000000000000000 ) ) ;
#2590 = FACE_OUTER_BOUND ( 'NONE', #410, .T. ) ;
#2591 = VERTEX_POINT ( 'NONE', #1250 ) ;
#2592 = EDGE_CURVE ( 'NONE', #1853, #3133, #2194, .T. ) ;
#2593 = ORIENTED_EDGE ( 'NONE', *, *, #1182, .T. ) ;
#2594 = LINE ( 'NONE', #1087, #792 ) ;
#2595 = DIRECTION ( 'NONE',  ( -1.000000000000000000, 0.000000000000000000, -0.000000000000000000 ) ) ;
#2596 = DIRECTION ( 'NONE',  ( 1.000000000000000000, 3.194334880715847085E-16, -0.000000000000000000 ) ) ;
#2597 = CARTESIAN_POINT ( 'NONE',  ( 122.5999999999999943, -112.6990521082558985, 39.57687709138104992 ) ) ;
#2598 = ORIENTED_EDGE ( 'NONE', *, *, #211, .F. ) ;
#2599 = AXIS2_PLACEMENT_3D ( 'NONE', #480, #2614, #3999 ) ;
#2600 = AXIS2_PLACEMENT_3D ( 'NONE', #1944, #235, #509 ) ;
#2601 = ORIENTED_EDGE ( 'NONE', *, *, #2860, .F. ) ;
#2602 = VECTOR ( 'NONE', #3873, 1000.000000000000000 ) ;
#2603 = CARTESIAN_POINT ( 'NONE',  ( 75.64999986500001228, -150.6699994899999808, 13.50000000000000178 ) ) ;
#2604 = DIRECTION ( 'NONE',  ( 0.000000000000000000, 0.000000000000000000, 1.000000000000000000 ) ) ;
#2605 = ORIENTED_EDGE ( 'NONE', *, *, #3451, .F. ) ;
#2606 = CARTESIAN_POINT ( 'NONE',  ( 58.89999999999999858, -112.6990521082558985, 39.57687709138104992 ) ) ;
#2607 = CYLINDRICAL_SURFACE ( 'NONE', #361, 5.535533905932740417 ) ;
#2608 = CARTESIAN_POINT ( 'NONE',  ( 75.44999986500000944, -149.5699994899999865, 30.00000000000000355 ) ) ;
#2609 = PRESENTATION_STYLE_ASSIGNMENT (( #118 ) ) ;
#2610 = CARTESIAN_POINT ( 'NONE',  ( 82.89999986499999807, -150.8699994899999979, 27.31000001000000310 ) ) ;
#2611 = ORIENTED_EDGE ( 'NONE', *, *, #592, .T. ) ;
#2612 = VERTEX_POINT ( 'NONE', #1194 ) ;
#2613 = DIRECTION ( 'NONE',  ( 0.000000000000000000, 1.000000000000000000, 1.095474339541231642E-16 ) ) ;
#2614 = DIRECTION ( 'NONE',  ( 1.000000000000000000, 1.597167440357923543E-16, -0.000000000000000000 ) ) ;
#2615 = CARTESIAN_POINT ( 'NONE',  ( 120.5999999999999943, -149.5699994899999865, 13.50000000000000178 ) ) ;
#2616 = ADVANCED_FACE ( 'NONE', ( #3761 ), #1212, .T. ) ;
#2617 = ORIENTED_EDGE ( 'NONE', *, *, #1305, .F. ) ;
#2618 = VECTOR ( 'NONE', #3996, 1000.000000000000000 ) ;
#2619 = CARTESIAN_POINT ( 'NONE',  ( 63.89999999999999858, -73.58269832014261169, 14.57687709138106591 ) ) ;
#2620 = CARTESIAN_POINT ( 'NONE',  ( 105.6499998649999981, -148.5699994899999865, 22.36000001000000381 ) ) ;
#2621 = ORIENTED_EDGE ( 'NONE', *, *, #465, .F. ) ;
#2622 = CYLINDRICAL_SURFACE ( 'NONE', #2647, 0.2000000000000057288 ) ;
#2623 = DIRECTION ( 'NONE',  ( 0.000000000000000000, 0.000000000000000000, 1.000000000000000000 ) ) ;
#2624 = DIRECTION ( 'NONE',  ( -1.000000000000000000, -0.000000000000000000, -0.000000000000000000 ) ) ;
#2625 = DIRECTION ( 'NONE',  ( 0.000000000000000000, 0.000000000000000000, -1.000000000000000000 ) ) ;
#2626 = ORIENTED_EDGE ( 'NONE', *, *, #1061, .T. ) ;
#2627 = VERTEX_POINT ( 'NONE', #942 ) ;
#2628 = DIRECTION ( 'NONE',  ( -1.000000000000000000, 0.000000000000000000, 0.000000000000000000 ) ) ;
#2629 = ADVANCED_FACE ( 'NONE', ( #619 ), #1809, .T. ) ;
#2630 = EDGE_CURVE ( 'NONE', #330, #1174, #152, .T. ) ;
#2631 = AXIS2_PLACEMENT_3D ( 'NONE', #2794, #2836, #323 ) ;
#2632 = LINE ( 'NONE', #3872, #2154 ) ;
#2633 = FACE_OUTER_BOUND ( 'NONE', #928, .T. ) ;
#2634 = LINE ( 'NONE', #1379, #1681 ) ;
#2635 = VERTEX_POINT ( 'NONE', #644 ) ;
#2636 = EDGE_CURVE ( 'NONE', #503, #109, #997, .T. ) ;
#2637 = AXIS2_PLACEMENT_3D ( 'NONE', #3076, #1734, #248 ) ;
#2638 = ORIENTED_EDGE ( 'NONE', *, *, #3897, .T. ) ;
#2639 = ADVANCED_FACE ( 'NONE', ( #1850 ), #1270, .F. ) ;
#2640 = EDGE_CURVE ( 'NONE', #3277, #2696, #3110, .T. ) ;
#2641 = AXIS2_PLACEMENT_3D ( 'NONE', #571, #2745, #3086 ) ;
#2642 = VERTEX_POINT ( 'NONE', #2217 ) ;
#2643 = VECTOR ( 'NONE', #2108, 1000.000000000000000 ) ;
#2644 = DIRECTION ( 'NONE',  ( 0.000000000000000000, -0.000000000000000000, -1.000000000000000000 ) ) ;
#2645 = CARTESIAN_POINT ( 'NONE',  ( 118.0999999999999801, -65.18000000000000682, 14.57687709138106769 ) ) ;
#2646 = VERTEX_POINT ( 'NONE', #557 ) ;
#2647 = AXIS2_PLACEMENT_3D ( 'NONE', #1983, #3864, #3532 ) ;
#2648 = EDGE_CURVE ( 'NONE', #1121, #1617, #4024, .T. ) ;
#2649 = DIRECTION ( 'NONE',  ( -1.000000000000000000, 0.000000000000000000, 0.000000000000000000 ) ) ;
#2650 = CARTESIAN_POINT ( 'NONE',  ( 60.89999999999999858, -58.67999999999996419, 19.57687709138106413 ) ) ;
#2651 = CARTESIAN_POINT ( 'NONE',  ( 100.8999998649999981, -150.8699994899999979, 22.36000001000000381 ) ) ;
#2652 = LINE ( 'NONE', #1807, #3473 ) ;
#2653 = CARTESIAN_POINT ( 'NONE',  ( 105.6499998649999981, -148.5699994899999865, 9.460000009999998127 ) ) ;
#2654 = DIRECTION ( 'NONE',  ( 0.000000000000000000, 0.000000000000000000, 1.000000000000000000 ) ) ;
#2655 = DIRECTION ( 'NONE',  ( 0.000000000000000000, -0.000000000000000000, -1.000000000000000000 ) ) ;
#2656 = CARTESIAN_POINT ( 'NONE',  ( 109.6973016798573610, -63.67999999999999972, 17.57687709138106769 ) ) ;
#2657 = ORIENTED_EDGE ( 'NONE', *, *, #2505, .F. ) ;
#2658 = ORIENTED_EDGE ( 'NONE', *, *, #1920, .T. ) ;
#2659 = ORIENTED_EDGE ( 'NONE', *, *, #1211, .F. ) ;
#2660 = VERTEX_POINT ( 'NONE', #347 ) ;
#2661 = CIRCLE ( 'NONE', #1280, 0.2000000000000057288 ) ;
#2662 = CARTESIAN_POINT ( 'NONE',  ( 77.94999986500000944, -152.9699994900000206, 22.36000001000000381 ) ) ;
#2663 = CARTESIAN_POINT ( 'NONE',  ( 105.8499998650000009, -151.0699994899999865, 22.36000001000000381 ) ) ;
#2664 = ORIENTED_EDGE ( 'NONE', *, *, #1158, .T. ) ;
#2665 = ADVANCED_FACE ( 'NONE', ( #1578 ), #941, .T. ) ;
#2666 = CIRCLE ( 'NONE', #633, 4.546349178010951064 ) ;
#2667 = CARTESIAN_POINT ( 'NONE',  ( 119.0727922061357731, -70.62938629089667586, 14.57687709138106769 ) ) ;
#2668 = COLOUR_RGB ( '',0.7921568627450980005, 0.8196078431372548767, 0.9333333333333333481 ) ;
#2669 = EDGE_CURVE ( 'NONE', #945, #985, #1557, .T. ) ;
#2670 = CARTESIAN_POINT ( 'NONE',  ( 62.90000000000001279, -149.5699994899999865, 31.50000000000000000 ) ) ;
#2671 = CARTESIAN_POINT ( 'NONE',  ( 64.90000000000001990, -147.5699994899999865, 26.50000000000000000 ) ) ;
#2672 = CARTESIAN_POINT ( 'NONE',  ( 73.80269832014261056, -60.67999999999999972, 33.50000000000000000 ) ) ;
#2673 = FACE_BOUND ( 'NONE', #2895, .T. ) ;
#2674 = CARTESIAN_POINT ( 'NONE',  ( 58.89999999999999147, -143.0304958780635900, 13.50000000000000178 ) ) ;
#2675 = DIRECTION ( 'NONE',  ( 0.000000000000000000, 0.000000000000000000, 1.000000000000000000 ) ) ;
#2676 = CYLINDRICAL_SURFACE ( 'NONE', #2303, 0.1999999999999987899 ) ;
#2677 = ORIENTED_EDGE ( 'NONE', *, *, #2823, .T. ) ;
#2678 = ORIENTED_EDGE ( 'NONE', *, *, #3177, .F. ) ;
#2679 = VERTEX_POINT ( 'NONE', #2566 ) ;
#2680 = VERTEX_POINT ( 'NONE', #659 ) ;
#2681 = VECTOR ( 'NONE', #321, 1000.000000000000000 ) ;
#2682 = CARTESIAN_POINT ( 'NONE',  ( 72.35032790664052982, -149.3699994899999979, 31.50000000000000000 ) ) ;
#2683 = DIRECTION ( 'NONE',  ( 0.000000000000000000, -0.000000000000000000, 1.000000000000000000 ) ) ;
#2684 = CIRCLE ( 'NONE', #3942, 2.000000000000001776 ) ;
#2685 = ORIENTED_EDGE ( 'NONE', *, *, #1383, .F. ) ;
#2686 = AXIS2_PLACEMENT_3D ( 'NONE', #3892, #3577, #2613 ) ;
#2687 = FACE_OUTER_BOUND ( 'NONE', #70, .T. ) ;
#2688 = DIRECTION ( 'NONE',  ( 1.000000000000000000, 0.000000000000000000, 0.000000000000000000 ) ) ;
#2689 = CARTESIAN_POINT ( 'NONE',  ( 118.0999999999999801, -65.18000000000000682, 17.57687709138107479 ) ) ;
#2690 = CARTESIAN_POINT ( 'NONE',  ( 0.000000000000000000, 0.000000000000000000, 0.000000000000000000 ) ) ;
#2691 = DIRECTION ( 'NONE',  ( -0.000000000000000000, -0.000000000000000000, 1.000000000000000000 ) ) ;
#2692 = CYLINDRICAL_SURFACE ( 'NONE', #1187, 2.000000000000000000 ) ;
#2693 = FACE_OUTER_BOUND ( 'NONE', #891, .T. ) ;
#2694 = DIRECTION ( 'NONE',  ( -1.000000000000000000, 0.000000000000000000, -0.000000000000000000 ) ) ;
#2695 = DIRECTION ( 'NONE',  ( -1.000000000000000000, -0.000000000000000000, 0.000000000000000000 ) ) ;
#2696 = VERTEX_POINT ( 'NONE', #3781 ) ;
#2697 = ORIENTED_EDGE ( 'NONE', *, *, #2400, .T. ) ;
#2698 = EDGE_CURVE ( 'NONE', #3629, #3285, #1289, .T. ) ;
#2699 = ADVANCED_FACE ( 'NONE', ( #2485 ), #3474, .F. ) ;
#2700 = VERTEX_POINT ( 'NONE', #1249 ) ;
#2701 = ORIENTED_EDGE ( 'NONE', *, *, #2235, .T. ) ;
#2702 = AXIS2_PLACEMENT_3D ( 'NONE', #1044, #718, #738 ) ;
#2703 = DIRECTION ( 'NONE',  ( 0.000000000000000000, 1.000000000000000000, 0.000000000000000000 ) ) ;
#2704 = LINE ( 'NONE', #2620, #3042 ) ;
#2705 = ORIENTED_EDGE ( 'NONE', *, *, #2787, .F. ) ;
#2706 = AXIS2_PLACEMENT_3D ( 'NONE', #3903, #2982, #751 ) ;
#2707 = VECTOR ( 'NONE', #479, 1000.000000000000000 ) ;
#2708 = CARTESIAN_POINT ( 'NONE',  ( 120.5999999999999801, -58.67999999999999261, 33.50000000000000000 ) ) ;
#2709 = CIRCLE ( 'NONE', #3432, 0.2000000000000057288 ) ;
#2710 = DIRECTION ( 'NONE',  ( -1.000000000000000000, 0.000000000000000000, 0.000000000000000000 ) ) ;
#2711 = DIRECTION ( 'NONE',  ( -0.000000000000000000, -0.000000000000000000, -1.000000000000000000 ) ) ;
#2712 = CYLINDRICAL_SURFACE ( 'NONE', #523, 2.875000000000002665 ) ;
#2713 = B_SPLINE_CURVE_WITH_KNOTS ( 'NONE', 3,
 ( #2803, #3071, #223, #1501, #2409, #2124, #2989, #3309, #1729, #4014, #203, #556 ),
 .UNSPECIFIED., .F., .F.,
 ( 4, 2, 2, 2, 2, 4 ),
 ( 0.000000000000000000, 0.001026951548466314805, 0.002053903096932629610, 0.002567378871165824743, 0.003080854645399019875, 0.004107806193865332078 ),
 .UNSPECIFIED. ) ;
#2714 = LINE ( 'NONE', #3997, #463 ) ;
#2715 = DIRECTION ( 'NONE',  ( -0.000000000000000000, -0.000000000000000000, -1.000000000000000000 ) ) ;
#2716 = CARTESIAN_POINT ( 'NONE',  ( 100.8999998649999981, -148.5699994899999865, 27.11000001000000381 ) ) ;
#2717 = CARTESIAN_POINT ( 'NONE',  ( 75.64999986500001228, -152.5699994899999865, 13.50000000000000178 ) ) ;
#2718 = ORIENTED_EDGE ( 'NONE', *, *, #3908, .T. ) ;
#2719 = ORIENTED_EDGE ( 'NONE', *, *, #1176, .F. ) ;
#2720 = EDGE_CURVE ( 'NONE', #3316, #2841, #306, .T. ) ;
#2721 = EDGE_LOOP ( 'NONE', ( #1843, #1612, #543, #2023 ) ) ;
#2722 = CIRCLE ( 'NONE', #753, 5.535533905932734200 ) ;
#2723 = VECTOR ( 'NONE', #3439, 1000.000000000000000 ) ;
#2724 = DIRECTION ( 'NONE',  ( 0.000000000000000000, 0.7582860942451919994, 0.6519219272845268032 ) ) ;
#2725 = FACE_OUTER_BOUND ( 'NONE', #3980, .T. ) ;
#2726 = ORIENTED_EDGE ( 'NONE', *, *, #1629, .T. ) ;
#2727 = CARTESIAN_POINT ( 'NONE',  ( 75.64999986500001228, -151.6699994900000092, 13.50000000000000178 ) ) ;
#2728 = CIRCLE ( 'NONE', #2931, 2.875000000000002665 ) ;
#2729 = CARTESIAN_POINT ( 'NONE',  ( 122.5999999999999943, -112.6990521082558985, 39.57687709138104992 ) ) ;
#2730 = DIRECTION ( 'NONE',  ( -0.000000000000000000, -0.000000000000000000, 1.000000000000000000 ) ) ;
#2731 = FACE_OUTER_BOUND ( 'NONE', #1715, .T. ) ;
#2732 = AXIS2_PLACEMENT_3D ( 'NONE', #3075, #2428, #1830 ) ;
#2733 = AXIS2_PLACEMENT_3D ( 'NONE', #3199, #376, #256 ) ;
#2734 = EDGE_CURVE ( 'NONE', #1164, #2019, #1200, .T. ) ;
#2735 = CARTESIAN_POINT ( 'NONE',  ( 77.94999986499999522, -150.8699994899999979, 13.50000000000000178 ) ) ;
#2736 = VECTOR ( 'NONE', #1314, 1000.000000000000000 ) ;
#2737 = LINE ( 'NONE', #1418, #2908 ) ;
#2738 = FACE_OUTER_BOUND ( 'NONE', #3396, .T. ) ;
#2739 = LINE ( 'NONE', #226, #1147 ) ;
#2740 = ORIENTED_EDGE ( 'NONE', *, *, #3876, .T. ) ;
#2741 = EDGE_LOOP ( 'NONE', ( #1509, #2038 ) ) ;
#2742 = ORIENTED_EDGE ( 'NONE', *, *, #1940, .T. ) ;
#2743 = CIRCLE ( 'NONE', #1826, 4.750000000000000888 ) ;
#2744 = DIRECTION ( 'NONE',  ( 0.000000000000000000, 0.000000000000000000, 1.000000000000000000 ) ) ;
#2745 = DIRECTION ( 'NONE',  ( 1.315416689193894979E-15, 0.6519219272845266921, -0.7582860942451919994 ) ) ;
#2746 = ORIENTED_EDGE ( 'NONE', *, *, #337, .T. ) ;
#2747 = EDGE_CURVE ( 'NONE', #2612, #3627, #934, .T. ) ;
#2748 = DIRECTION ( 'NONE',  ( -0.000000000000000000, -0.000000000000000000, 1.000000000000000000 ) ) ;
#2749 = ADVANCED_FACE ( 'NONE', ( #4073 ), #921, .T. ) ;
#2750 = AXIS2_PLACEMENT_3D ( 'NONE', #166, #1169, #3639 ) ;
#2751 = CARTESIAN_POINT ( 'NONE',  ( 105.6499998649999981, -151.0699994899999865, 22.36000001000000381 ) ) ;
#2752 = FACE_OUTER_BOUND ( 'NONE', #2462, .T. ) ;
#2753 = ADVANCED_FACE ( 'NONE', ( #678 ), #964, .F. ) ;
#2754 = DIRECTION ( 'NONE',  ( 0.000000000000000000, 1.000000000000000000, 0.000000000000000000 ) ) ;
#2755 = CARTESIAN_POINT ( 'NONE',  ( 60.90000000000000568, -112.6990521082558985, 39.57687709138104992 ) ) ;
#2756 = AXIS2_PLACEMENT_3D ( 'NONE', #2347, #3598, #3852 ) ;
#2757 = CARTESIAN_POINT ( 'NONE',  ( 62.90000000000001279, -153.5699994899999865, 13.50000000000000178 ) ) ;
#2758 = DIRECTION ( 'NONE',  ( -1.000000000000000000, 0.000000000000000000, 0.000000000000000000 ) ) ;
#2759 = CARTESIAN_POINT ( 'NONE',  ( 124.6000000000000227, -149.5699994899999865, 33.50000000000000000 ) ) ;
#2760 = ORIENTED_EDGE ( 'NONE', *, *, #3608, .T. ) ;
#2761 = ADVANCED_FACE ( 'NONE', ( #2506 ), #3184, .F. ) ;
#2762 = ADVANCED_FACE ( 'NONE', ( #2875 ), #1948, .F. ) ;
#2763 = ORIENTED_EDGE ( 'NONE', *, *, #2582, .T. ) ;
#2764 = ORIENTED_EDGE ( 'NONE', *, *, #3833, .T. ) ;
#2765 = ORIENTED_EDGE ( 'NONE', *, *, #3198, .F. ) ;
#2767 = EDGE_CURVE ( 'NONE', #3135, #2492, #283, .T. ) ;
#2766 = CARTESIAN_POINT ( 'NONE',  ( 122.5999999999999943, -112.6990521082558985, 17.57687709138106058 ) ) ;
#2768 = DIRECTION ( 'NONE',  ( -1.000000000000000000, 0.000000000000000000, 0.000000000000000000 ) ) ;
#2769 = ORIENTED_EDGE ( 'NONE', *, *, #1966, .F. ) ;
#2770 = CIRCLE ( 'NONE', #3424, 3.000000000000002665 ) ;
#2771 = DIRECTION ( 'NONE',  ( 1.000000000000000000, 0.000000000000000000, 0.000000000000000000 ) ) ;
#2772 = DIRECTION ( 'NONE',  ( -1.000000000000000000, 0.000000000000000000, 0.000000000000000000 ) ) ;
#2773 = AXIS2_PLACEMENT_3D ( 'NONE', #2449, #3413, #3455 ) ;
#2774 = ADVANCED_FACE ( 'NONE', ( #2796 ), #1269, .F. ) ;
#2775 = UNCERTAINTY_MEASURE_WITH_UNIT (LENGTH_MEASURE( 1.000000000000000082E-05 ), #3887, 'distance_accuracy_value', 'NONE');
#2776 = CARTESIAN_POINT ( 'NONE',  ( 77.94999986500000944, -152.7699994900000036, 22.36000001000000381 ) ) ;
#2777 = AXIS2_PLACEMENT_3D ( 'NONE', #2005, #1967, #3845 ) ;
#2778 = FACE_OUTER_BOUND ( 'NONE', #1707, .T. ) ;
#2779 = CYLINDRICAL_SURFACE ( 'NONE', #2540, 5.535533905932740417 ) ;
#2780 = DIRECTION ( 'NONE',  ( 0.000000000000000000, 1.095474339541231642E-16, -1.000000000000000000 ) ) ;
#2781 = VERTEX_POINT ( 'NONE', #2169 ) ;
#2782 = AXIS2_PLACEMENT_3D ( 'NONE', #2527, #1556, #642 ) ;
#2783 = EDGE_LOOP ( 'NONE', ( #4002, #1300, #3869, #848, #466, #522, #3144, #2658, #1544, #3098 ) ) ;
#2784 = ORIENTED_EDGE ( 'NONE', *, *, #1722, .T. ) ;
#2785 = ORIENTED_EDGE ( 'NONE', *, *, #1122, .F. ) ;
#2786 = ORIENTED_EDGE ( 'NONE', *, *, #1313, .F. ) ;
#2787 = EDGE_CURVE ( 'NONE', #3565, #1388, #3433, .T. ) ;
#2788 = DIRECTION ( 'NONE',  ( -0.000000000000000000, -0.000000000000000000, -1.000000000000000000 ) ) ;
#2789 = CARTESIAN_POINT ( 'NONE',  ( 64.90000000000001990, -147.5699994899999865, 31.50000000000000000 ) ) ;
#2790 = ORIENTED_EDGE ( 'NONE', *, *, #884, .F. ) ;
#2791 = CARTESIAN_POINT ( 'NONE',  ( 108.3499998649999867, -150.6699994899999808, 30.00000000000000355 ) ) ;
#2792 = LINE ( 'NONE', #69, #781 ) ;
#2793 = EDGE_CURVE ( 'NONE', #648, #3316, #3109, .T. ) ;
#2794 = CARTESIAN_POINT ( 'NONE',  ( 118.0999999999999801, -65.18000000000000682, 14.57687709138107479 ) ) ;
#2795 = AXIS2_PLACEMENT_3D ( 'NONE', #1824, #2102, #513 ) ;
#2796 = FACE_OUTER_BOUND ( 'NONE', #978, .T. ) ;
#2797 = CARTESIAN_POINT ( 'NONE',  ( 58.90000000000000568, -143.0304958780635900, 33.50000000000000000 ) ) ;
#2798 = LINE ( 'NONE', #2716, #833 ) ;
#2799 = DIRECTION ( 'NONE',  ( 0.000000000000000000, 0.000000000000000000, 1.000000000000000000 ) ) ;
#2800 = ORIENTED_EDGE ( 'NONE', *, *, #2432, .T. ) ;
#2801 = VECTOR ( 'NONE', #3038, 1000.000000000000000 ) ;
#2802 = ORIENTED_EDGE ( 'NONE', *, *, #1562, .T. ) ;
#2803 = CARTESIAN_POINT ( 'NONE',  ( 63.30446171654434551, -143.0304958780635900, 31.50000000000000000 ) ) ;
#2804 = VECTOR ( 'NONE', #1503, 1000.000000000000000 ) ;
#2805 = ORIENTED_EDGE ( 'NONE', *, *, #1731, .T. ) ;
#2806 = ORIENTED_EDGE ( 'NONE', *, *, #3621, .T. ) ;
#2807 = CARTESIAN_POINT ( 'NONE',  ( 105.8499998650000009, -150.8699994899999979, 22.36000001000000381 ) ) ;
#2808 = CARTESIAN_POINT ( 'NONE',  ( 75.64999986500001228, -151.4699994900000206, 13.50000000000000178 ) ) ;
#2809 = ORIENTED_EDGE ( 'NONE', *, *, #2308, .T. ) ;
#2810 = CYLINDRICAL_SURFACE ( 'NONE', #3986, 0.2000000000000057288 ) ;
#2811 = CARTESIAN_POINT ( 'NONE',  ( 72.35032790664052982, -146.3699994899999979, 31.50000000000000000 ) ) ;
#2812 = ORIENTED_EDGE ( 'NONE', *, *, #385, .T. ) ;
#2813 = CARTESIAN_POINT ( 'NONE',  ( 62.90000000000001279, -151.5699994899999865, 31.50000000000000000 ) ) ;
#2814 = CIRCLE ( 'NONE', #3963, 0.2000000000000057288 ) ;
#2815 = DIRECTION ( 'NONE',  ( -0.000000000000000000, -0.000000000000000000, 1.000000000000000000 ) ) ;
#2816 = CYLINDRICAL_SURFACE ( 'NONE', #545, 4.000000000000017764 ) ;
#2817 = CARTESIAN_POINT ( 'NONE',  ( 64.90000000000001990, -147.5699994899999865, 26.50000000000000000 ) ) ;
#2818 = DIRECTION ( 'NONE',  ( 1.000000000000000000, 0.000000000000000000, 0.000000000000000000 ) ) ;
#2819 = VERTEX_POINT ( 'NONE', #1371 ) ;
#2820 = AXIS2_PLACEMENT_3D ( 'NONE', #2811, #1846, #3700 ) ;
#2821 = ORIENTED_EDGE ( 'NONE', *, *, #3377, .T. ) ;
#2822 = VERTEX_POINT ( 'NONE', #3533 ) ;
#2823 = EDGE_CURVE ( 'NONE', #3563, #1178, #1021, .T. ) ;
#2824 = ORIENTED_EDGE ( 'NONE', *, *, #3311, .F. ) ;
#2825 = ORIENTED_EDGE ( 'NONE', *, *, #1763, .T. ) ;
#2826 = ADVANCED_FACE ( 'NONE', ( #2587 ), #1462, .T. ) ;
#2827 = EDGE_CURVE ( 'NONE', #813, #2560, #801, .T. ) ;
#2828 = CARTESIAN_POINT ( 'NONE',  ( 75.24999986500000659, -149.3699994899999979, 30.00000000000000355 ) ) ;
#2829 = VERTEX_POINT ( 'NONE', #3243 ) ;
#2830 = AXIS2_PLACEMENT_3D ( 'NONE', #3010, #2386, #537 ) ;
#2831 = AXIS2_PLACEMENT_3D ( 'NONE', #3119, #1493, #257 ) ;
#2832 = DIRECTION ( 'NONE',  ( -0.000000000000000000, -1.095474339541231642E-16, 1.000000000000000000 ) ) ;
#2833 = CARTESIAN_POINT ( 'NONE',  ( 108.5499998649999895, -149.3699994899999979, 30.00000000000000355 ) ) ;
#2834 = ORIENTED_EDGE ( 'NONE', *, *, #465, .T. ) ;
#2835 = CIRCLE ( 'NONE', #2972, 2.000000000000001776 ) ;
#2836 = DIRECTION ( 'NONE',  ( -0.000000000000000000, -0.000000000000000000, 1.000000000000000000 ) ) ;
#2837 = DIRECTION ( 'NONE',  ( 0.000000000000000000, -0.000000000000000000, 1.000000000000000000 ) ) ;
#2838 = DIRECTION ( 'NONE',  ( 0.000000000000000000, 0.000000000000000000, 1.000000000000000000 ) ) ;
#2839 = DIRECTION ( 'NONE',  ( -1.000000000000000000, 0.000000000000000000, 0.000000000000000000 ) ) ;
#2840 = DIRECTION ( 'NONE',  ( 0.000000000000000000, -1.000000000000000000, 0.000000000000000000 ) ) ;
#2841 = VERTEX_POINT ( 'NONE', #74 ) ;
#2842 = CIRCLE ( 'NONE', #3753, 2.875000000000002665 ) ;
#2843 = ORIENTED_EDGE ( 'NONE', *, *, #869, .T. ) ;
#2844 = AXIS2_PLACEMENT_3D ( 'NONE', #2990, #1502, #1870 ) ;
#2845 = FACE_OUTER_BOUND ( 'NONE', #2057, .T. ) ;
#2846 = ORIENTED_EDGE ( 'NONE', *, *, #329, .F. ) ;
#2847 = EDGE_CURVE ( 'NONE', #1278, #2696, #1327, .T. ) ;
#2848 = ORIENTED_EDGE ( 'NONE', *, *, #2636, .F. ) ;
#2849 = VERTEX_POINT ( 'NONE', #406 ) ;
#2850 = CARTESIAN_POINT ( 'NONE',  ( 82.89999986499999807, -151.0699994899999865, 27.11000001000000381 ) ) ;
#2851 = DIRECTION ( 'NONE',  ( 0.000000000000000000, 0.000000000000000000, -1.000000000000000000 ) ) ;
#2852 = VERTEX_POINT ( 'NONE', #3224 ) ;
#2853 = DIRECTION ( 'NONE',  ( 0.000000000000000000, 1.000000000000000000, 0.000000000000000000 ) ) ;
#2854 = DIRECTION ( 'NONE',  ( 0.000000000000000000, 0.000000000000000000, 1.000000000000000000 ) ) ;
#2855 = CYLINDRICAL_SURFACE ( 'NONE', #3632, 0.2000000000000057288 ) ;
#2856 = CARTESIAN_POINT ( 'NONE',  ( 64.90000000000001990, -147.5699994899999865, 33.50000000000000000 ) ) ;
#2857 = DIRECTION ( 'NONE',  ( -1.000000000000000000, -3.194334880715847085E-16, 0.000000000000000000 ) ) ;
#2858 = VERTEX_POINT ( 'NONE', #2291 ) ;
#2859 = ORIENTED_EDGE ( 'NONE', *, *, #2648, .F. ) ;
#2860 = EDGE_CURVE ( 'NONE', #1215, #2457, #2178, .T. ) ;
#2861 = ORIENTED_EDGE ( 'NONE', *, *, #2592, .F. ) ;
#2862 = AXIS2_PLACEMENT_3D ( 'NONE', #976, #3178, #3774 ) ;
#2863 = DIRECTION ( 'NONE',  ( 1.000000000000000000, 0.000000000000000000, 0.000000000000000000 ) ) ;
#2864 = ORIENTED_EDGE ( 'NONE', *, *, #1363, .F. ) ;
#2865 = VECTOR ( 'NONE', #2072, 1000.000000000000000 ) ;
#2866 = VECTOR ( 'NONE', #3516, 1000.000000000000000 ) ;
#2867 = ORIENTED_EDGE ( 'NONE', *, *, #1472, .F. ) ;
#2868 = FACE_OUTER_BOUND ( 'NONE', #2331, .T. ) ;
#2869 = DIRECTION ( 'NONE',  ( 0.000000000000000000, -0.000000000000000000, -1.000000000000000000 ) ) ;
#2870 = ORIENTED_EDGE ( 'NONE', *, *, #1571, .T. ) ;
#2871 = EDGE_CURVE ( 'NONE', #1981, #852, #3631, .T. ) ;
#2872 = CARTESIAN_POINT ( 'NONE',  ( 118.6000000000000085, -147.5699994899999865, 26.50000000000000000 ) ) ;
#2873 = EDGE_CURVE ( 'NONE', #3016, #3744, #163, .T. ) ;
#2874 = VECTOR ( 'NONE', #3493, 1000.000000000000000 ) ;
#2875 = FACE_OUTER_BOUND ( 'NONE', #3749, .T. ) ;
#2876 = DIRECTION ( 'NONE',  ( 0.000000000000000000, 0.000000000000000000, 1.000000000000000000 ) ) ;
#2877 = DIRECTION ( 'NONE',  ( 0.000000000000000000, 1.095474339541231642E-16, -1.000000000000000000 ) ) ;
#2878 = DIRECTION ( 'NONE',  ( -0.000000000000000000, -0.000000000000000000, 1.000000000000000000 ) ) ;
#2879 = VERTEX_POINT ( 'NONE', #3571 ) ;
#2880 = ADVANCED_FACE ( 'NONE', ( #2962 ), #2273, .T. ) ;
#2881 = ORIENTED_EDGE ( 'NONE', *, *, #2860, .T. ) ;
#2882 = CARTESIAN_POINT ( 'NONE',  ( 62.90000000000001279, -150.8699994899999979, 13.50000000000000178 ) ) ;
#2883 = AXIS2_PLACEMENT_3D ( 'NONE', #3755, #2166, #858 ) ;
#2884 = AXIS2_PLACEMENT_3D ( 'NONE', #3676, #3927, #3658 ) ;
#2885 = CARTESIAN_POINT ( 'NONE',  ( 120.5999999999999801, -58.67999999999999261, 33.50000000000000000 ) ) ;
#2886 = CIRCLE ( 'NONE', #2083, 3.000000000000002665 ) ;
#2887 = ADVANCED_FACE ( 'NONE', ( #3203 ), #1083, .T. ) ;
#2888 = DIRECTION ( 'NONE',  ( 0.000000000000000000, 0.000000000000000000, 1.000000000000000000 ) ) ;
#2889 = EDGE_CURVE ( 'NONE', #1875, #2258, #1723, .T. ) ;
#2890 = ORIENTED_EDGE ( 'NONE', *, *, #3734, .T. ) ;
#2891 = VECTOR ( 'NONE', #2924, 1000.000000000000000 ) ;
#2892 = EDGE_CURVE ( 'NONE', #2849, #664, #2342, .T. ) ;
#2893 = DIRECTION ( 'NONE',  ( 0.000000000000000000, -0.000000000000000000, -1.000000000000000000 ) ) ;
#2894 = DIRECTION ( 'NONE',  ( 0.000000000000000000, 0.000000000000000000, 1.000000000000000000 ) ) ;
#2895 = EDGE_LOOP ( 'NONE', ( #3002, #1034 ) ) ;
#2896 = CARTESIAN_POINT ( 'NONE',  ( 105.8499998650000009, -151.4699994900000206, 13.50000000000000178 ) ) ;
#2897 = CARTESIAN_POINT ( 'NONE',  ( 122.6000000000000085, -129.3813461816501444, 25.23459469112148668 ) ) ;
#2898 = CARTESIAN_POINT ( 'NONE',  ( 122.5999999999999801, -73.58269832014262590, 17.57687709138106769 ) ) ;
#2899 = CARTESIAN_POINT ( 'NONE',  ( 62.89999999999999858, -62.67999999999999972, 14.57687709138106769 ) ) ;
#2900 = CARTESIAN_POINT ( 'NONE',  ( 77.94999986499999522, -151.4699994900000206, 13.50000000000000178 ) ) ;
#2901 = EDGE_LOOP ( 'NONE', ( #1079, #627, #289, #4063, #150, #3508, #507, #1992 ) ) ;
#2902 = ORIENTED_EDGE ( 'NONE', *, *, #2940, .T. ) ;
#2903 = VECTOR ( 'NONE', #984, 1000.000000000000000 ) ;
#2904 = CARTESIAN_POINT ( 'NONE',  ( 105.8499998650000009, -152.7699994900000036, 22.36000001000000381 ) ) ;
#2905 = DIRECTION ( 'NONE',  ( -1.000000000000000000, 0.000000000000000000, 0.000000000000000000 ) ) ;
#2906 = DIRECTION ( 'NONE',  ( 0.000000000000000000, -0.000000000000000000, 1.000000000000000000 ) ) ;
#2907 = DIRECTION ( 'NONE',  ( 1.000000000000000000, 0.000000000000000000, 0.000000000000000000 ) ) ;
#2908 = VECTOR ( 'NONE', #204, 1000.000000000000000 ) ;
#2909 = ORIENTED_EDGE ( 'NONE', *, *, #2581, .T. ) ;
#2910 = AXIS2_PLACEMENT_3D ( 'NONE', #1661, #424, #2028 ) ;
#2911 = AXIS2_PLACEMENT_3D ( 'NONE', #2292, #3808, #1372 ) ;
#2912 = VERTEX_POINT ( 'NONE', #2897 ) ;
#2913 = CARTESIAN_POINT ( 'NONE',  ( 65.77177978870814457, -149.3699994899999979, 13.50000000000000178 ) ) ;
#2914 = DIRECTION ( 'NONE',  ( -0.000000000000000000, -0.000000000000000000, 1.000000000000000000 ) ) ;
#2915 = ORIENTED_EDGE ( 'NONE', *, *, #551, .F. ) ;
#2916 = LINE ( 'NONE', #3905, #4030 ) ;
#2917 = ADVANCED_FACE ( 'NONE', ( #1351 ), #2607, .T. ) ;
#2918 = DIRECTION ( 'NONE',  ( 0.000000000000000000, 1.000000000000000000, 0.000000000000000000 ) ) ;
#2919 = CARTESIAN_POINT ( 'NONE',  ( 65.40000000000000568, -70.71553390593274457, 17.57687709138106769 ) ) ;
#2920 = ADVANCED_FACE ( 'NONE', ( #1984, #1724 ), #2986, .T. ) ;
#2921 = DIRECTION ( 'NONE',  ( 0.000000000000000000, 1.000000000000000000, 1.095474339541231642E-16 ) ) ;
#2922 = ORIENTED_EDGE ( 'NONE', *, *, #1763, .F. ) ;
#2923 = ORIENTED_EDGE ( 'NONE', *, *, #2522, .F. ) ;
#2924 = DIRECTION ( 'NONE',  ( -1.000000000000000000, 0.000000000000000000, 0.000000000000000000 ) ) ;
#2925 = AXIS2_PLACEMENT_3D ( 'NONE', #2656, #6, #3524 ) ;
#2926 = AXIS2_PLACEMENT_3D ( 'NONE', #1857, #2177, #1217 ) ;
#2927 = CARTESIAN_POINT ( 'NONE',  ( 82.89999986499999807, -152.7699994900000036, 22.36000001000000381 ) ) ;
#2928 = DIRECTION ( 'NONE',  ( 0.000000000000000000, 1.000000000000000000, 0.000000000000000000 ) ) ;
#2929 = CARTESIAN_POINT ( 'NONE',  ( 119.4717797887081474, -149.3699994899999979, 13.50000000000000178 ) ) ;
#2930 = EDGE_LOOP ( 'NONE', ( #3544, #1687, #1586, #1154 ) ) ;
#2931 = AXIS2_PLACEMENT_3D ( 'NONE', #183, #3715, #3045 ) ;
#2932 = AXIS2_PLACEMENT_3D ( 'NONE', #2184, #2596, #2576 ) ;
#2933 = VECTOR ( 'NONE', #2379, 1000.000000000000000 ) ;
#2934 = CIRCLE ( 'NONE', #1157, 0.2000000000000057288 ) ;
#2935 = PRESENTATION_LAYER_ASSIGNMENT (  '', '', ( #1882 ) ) ;
#2936 = DIRECTION ( 'NONE',  ( 0.000000000000000000, 1.000000000000000000, 1.095474339541231642E-16 ) ) ;
#2937 = FACE_OUTER_BOUND ( 'NONE', #2246, .T. ) ;
#2938 = ORIENTED_EDGE ( 'NONE', *, *, #2542, .T. ) ;
#2939 = ADVANCED_FACE ( 'NONE', ( #2942 ), #1103, .T. ) ;
#2940 = EDGE_CURVE ( 'NONE', #1875, #1140, #1483, .T. ) ;
#2941 = DIRECTION ( 'NONE',  ( -3.154042683594195614E-16, 1.000000000000000000, 0.000000000000000000 ) ) ;
#2942 = FACE_OUTER_BOUND ( 'NONE', #3840, .T. ) ;
#2943 = DIRECTION ( 'NONE',  ( -1.000000000000000000, 0.000000000000000000, 0.000000000000000000 ) ) ;
#2944 = DIRECTION ( 'NONE',  ( 0.000000000000000000, -0.000000000000000000, 1.000000000000000000 ) ) ;
#2945 = VERTEX_POINT ( 'NONE', #881 ) ;
#2946 = ORIENTED_EDGE ( 'NONE', *, *, #2458, .F. ) ;
#2947 = FACE_OUTER_BOUND ( 'NONE', #1674, .T. ) ;
#2948 = EDGE_CURVE ( 'NONE', #3341, #1388, #912, .T. ) ;
#2949 = DIRECTION ( 'NONE',  ( -1.000000000000000000, 0.000000000000000000, 0.000000000000000000 ) ) ;
#2950 = CARTESIAN_POINT ( 'NONE',  ( 62.90000000000001279, -150.8699994899999979, 13.50000000000000178 ) ) ;
#2951 = DIRECTION ( 'NONE',  ( -0.000000000000000000, -0.000000000000000000, -1.000000000000000000 ) ) ;
#2952 = ORIENTED_EDGE ( 'NONE', *, *, #2400, .F. ) ;
#2953 = ORIENTED_EDGE ( 'NONE', *, *, #839, .F. ) ;
#2954 = CIRCLE ( 'NONE', #975, 2.000000000000001776 ) ;
#2955 = EDGE_CURVE ( 'NONE', #3669, #2326, #3973, .T. ) ;
#2956 = VERTEX_POINT ( 'NONE', #1473 ) ;
#2957 = ADVANCED_FACE ( 'NONE', ( #1145 ), #3994, .T. ) ;
#2958 = DIRECTION ( 'NONE',  ( 0.000000000000000000, 0.000000000000000000, 1.000000000000000000 ) ) ;
#2959 = DIRECTION ( 'NONE',  ( 0.000000000000000000, 1.000000000000000000, 0.000000000000000000 ) ) ;
#2960 = ORIENTED_EDGE ( 'NONE', *, *, #3677, .F. ) ;
#2961 = DIRECTION ( 'NONE',  ( 0.000000000000000000, 1.095474339541231642E-16, -1.000000000000000000 ) ) ;
#2962 = FACE_OUTER_BOUND ( 'NONE', #2452, .T. ) ;
#2963 = FACE_OUTER_BOUND ( 'NONE', #3707, .T. ) ;
#2964 = CARTESIAN_POINT ( 'NONE',  ( 120.6000000000000085, -149.3699994899999979, 26.50000000000000000 ) ) ;
#2965 = VERTEX_POINT ( 'NONE', #3345 ) ;
#2966 = DIRECTION ( 'NONE',  ( 0.000000000000000000, -0.000000000000000000, -1.000000000000000000 ) ) ;
#2967 = CIRCLE ( 'NONE', #2782, 3.000000000000002665 ) ;
#2968 = CARTESIAN_POINT ( 'NONE',  ( 75.64999986500001228, -152.7699994900000036, 30.00000000000000355 ) ) ;
#2969 = CARTESIAN_POINT ( 'NONE',  ( 120.5999999999999801, -60.67999999999999972, 33.50000000000000000 ) ) ;
#2970 = DIRECTION ( 'NONE',  ( -0.000000000000000000, -1.095474339541231642E-16, 1.000000000000000000 ) ) ;
#2971 = ORIENTED_EDGE ( 'NONE', *, *, #2318, .T. ) ;
#2972 = AXIS2_PLACEMENT_3D ( 'NONE', #1686, #1951, #2569 ) ;
#2973 = VERTEX_POINT ( 'NONE', #3366 ) ;
#2974 = VECTOR ( 'NONE', #2815, 1000.000000000000000 ) ;
#2975 = ADVANCED_FACE ( 'NONE', ( #3637 ), #1813, .T. ) ;
#2976 = VECTOR ( 'NONE', #132, 1000.000000000000000 ) ;
#2977 = ORIENTED_EDGE ( 'NONE', *, *, #1047, .F. ) ;
#2978 = ORIENTED_EDGE ( 'NONE', *, *, #2417, .F. ) ;
#2979 = EDGE_CURVE ( 'NONE', #1609, #3786, #576, .T. ) ;
#2980 = VECTOR ( 'NONE', #3146, 1000.000000000000000 ) ;
#2981 = CARTESIAN_POINT ( 'NONE',  ( 122.6000000000000085, -143.0304958780635900, 33.50000000000000000 ) ) ;
#2982 = DIRECTION ( 'NONE',  ( -0.000000000000000000, -0.000000000000000000, -1.000000000000000000 ) ) ;
#2983 = VERTEX_POINT ( 'NONE', #2403 ) ;
#2984 = AXIS2_PLACEMENT_3D ( 'NONE', #940, #3804, #1210 ) ;
#2985 = CYLINDRICAL_SURFACE ( 'NONE', #2884, 4.000000000000003553 ) ;
#2986 = PLANE ( 'NONE',  #2200 ) ;
#2987 = CARTESIAN_POINT ( 'NONE',  ( 120.9749999999999801, -65.18000000000000682, 17.57687709138107479 ) ) ;
#2988 = DIRECTION ( 'NONE',  ( 1.000000000000000000, 0.000000000000000000, 0.000000000000000000 ) ) ;
#2989 = CARTESIAN_POINT ( 'NONE',  ( 61.36774368978652916, -141.7078625702295653, 31.45196239116842563 ) ) ;
#2990 = CARTESIAN_POINT ( 'NONE',  ( 118.6000000000000085, -147.5699994899999865, 26.50000000000000000 ) ) ;
#2991 = LINE ( 'NONE', #1990, #2267 ) ;
#2992 = DIRECTION ( 'NONE',  ( -0.000000000000000000, -0.000000000000000000, -1.000000000000000000 ) ) ;
#2993 = ORIENTED_EDGE ( 'NONE', *, *, #3800, .F. ) ;
#2994 = ORIENTED_EDGE ( 'NONE', *, *, #4042, .F. ) ;
#2995 = EDGE_CURVE ( 'NONE', #227, #2858, #3453, .T. ) ;
#2996 = VERTEX_POINT ( 'NONE', #4031 ) ;
#2997 = AXIS2_PLACEMENT_3D ( 'NONE', #1126, #2832, #340 ) ;
#2998 = ORIENTED_EDGE ( 'NONE', *, *, #245, .F. ) ;
#2999 = AXIS2_PLACEMENT_3D ( 'NONE', #490, #816, #3421 ) ;
#3000 = DIRECTION ( 'NONE',  ( 0.000000000000000000, 1.095474339541231642E-16, -1.000000000000000000 ) ) ;
#3001 = CARTESIAN_POINT ( 'NONE',  ( 123.1000000000000085, -149.3699994899999979, 32.50000000000000000 ) ) ;
#3002 = ORIENTED_EDGE ( 'NONE', *, *, #2793, .T. ) ;
#3003 = AXIS2_PLACEMENT_3D ( 'NONE', #1650, #3855, #1628 ) ;
#3004 = CARTESIAN_POINT ( 'NONE',  ( 64.29754322643083242, -143.0637442060217950, 26.50000000000000000 ) ) ;
#3005 = CARTESIAN_POINT ( 'NONE',  ( 111.1966223924481625, -146.3699994899999979, 26.50000000000000000 ) ) ;
#3006 = DIRECTION ( 'NONE',  ( -1.000000000000000000, 0.000000000000000000, 0.000000000000000000 ) ) ;
#3007 = CARTESIAN_POINT ( 'NONE',  ( 108.1499998649999839, -150.6699994899999808, 30.00000000000000355 ) ) ;
#3008 = CARTESIAN_POINT ( 'NONE',  ( 65.40000000000000568, -65.18000000000000682, 14.57687709138107479 ) ) ;
#3009 = EDGE_CURVE ( 'NONE', #1899, #1243, #2728, .T. ) ;
#3010 = CARTESIAN_POINT ( 'NONE',  ( 65.40000000000000568, -65.18000000000000682, 19.57687709138107124 ) ) ;
#3011 = EDGE_CURVE ( 'NONE', #2912, #3556, #3191, .T. ) ;
#3012 = LINE ( 'NONE', #2427, #3429 ) ;
#3013 = CARTESIAN_POINT ( 'NONE',  ( 82.89999986499999807, -152.9699994900000206, 27.31000001000000310 ) ) ;
#3014 = CARTESIAN_POINT ( 'NONE',  ( 65.40000000000000568, -65.18000000000000682, 19.57687709138107124 ) ) ;
#3015 = ORIENTED_EDGE ( 'NONE', *, *, #1731, .F. ) ;
#3016 = VERTEX_POINT ( 'NONE', #1167 ) ;
#3017 = EDGE_CURVE ( 'NONE', #910, #3556, #2441, .T. ) ;
#3018 = ORIENTED_EDGE ( 'NONE', *, *, #2432, .F. ) ;
#3019 = ORIENTED_EDGE ( 'NONE', *, *, #2448, .T. ) ;
#3020 = CIRCLE ( 'NONE', #2148, 0.2000000000000057288 ) ;
#3021 = DIRECTION ( 'NONE',  ( 0.000000000000000000, 0.6519219272845266921, -0.7582860942451919994 ) ) ;
#3022 = PLANE ( 'NONE',  #2 ) ;
#3023 = ORIENTED_EDGE ( 'NONE', *, *, #819, .T. ) ;
#3024 = VECTOR ( 'NONE', #1451, 1000.000000000000000 ) ;
#3025 = DIRECTION ( 'NONE',  ( 1.000000000000000000, 0.000000000000000000, 0.000000000000000000 ) ) ;
#3026 = EDGE_CURVE ( 'NONE', #3419, #793, #1207, .T. ) ;
#3027 = DIRECTION ( 'NONE',  ( 1.000000000000000000, 0.000000000000000000, 0.000000000000000000 ) ) ;
#3028 = LINE ( 'NONE', #201, #3024 ) ;
#3029 = DIRECTION ( 'NONE',  ( 0.000000000000000000, -0.000000000000000000, -1.000000000000000000 ) ) ;
#3030 = CARTESIAN_POINT ( 'NONE',  ( 65.40000000000000568, -70.71553390593274457, 14.57687709138106769 ) ) ;
#3031 = CARTESIAN_POINT ( 'NONE',  ( 123.1000000000000085, -149.3699994899999979, 26.50000000000000000 ) ) ;
#3032 = CARTESIAN_POINT ( 'NONE',  ( 62.89999999999999858, -62.67999999999999972, 19.57687709138106413 ) ) ;
#3033 = DIRECTION ( 'NONE',  ( 0.000000000000000000, 1.000000000000000000, 0.000000000000000000 ) ) ;
#3034 = ORIENTED_EDGE ( 'NONE', *, *, #551, .T. ) ;
#3035 = ORIENTED_EDGE ( 'NONE', *, *, #3614, .T. ) ;
#3036 = EDGE_LOOP ( 'NONE', ( #1153, #2558 ) ) ;
#3037 = EDGE_LOOP ( 'NONE', ( #2570, #3100, #867, #2198 ) ) ;
#3038 = DIRECTION ( 'NONE',  ( -0.000000000000000000, -0.000000000000000000, -1.000000000000000000 ) ) ;
#3039 = DIRECTION ( 'NONE',  ( 1.000000000000000000, 0.000000000000000000, 0.000000000000000000 ) ) ;
#3040 = EDGE_CURVE ( 'NONE', #356, #3438, #33, .T. ) ;
#3041 = EDGE_LOOP ( 'NONE', ( #3896, #1582, #2922, #351 ) ) ;
#3042 = VECTOR ( 'NONE', #179, 1000.000000000000000 ) ;
#3043 = CARTESIAN_POINT ( 'NONE',  ( 108.3499998649999867, -152.5699994899999865, 13.50000000000000178 ) ) ;
#3044 = AXIS2_PLACEMENT_3D ( 'NONE', #2651, #514, #2343 ) ;
#3045 = DIRECTION ( 'NONE',  ( 1.000000000000000000, 0.000000000000000000, 0.000000000000000000 ) ) ;
#3046 = CARTESIAN_POINT ( 'NONE',  ( 109.6973016798573610, -63.67999999999999972, 14.57687709138106769 ) ) ;
#3047 = PLANE ( 'NONE',  #2750 ) ;
#3048 = DIRECTION ( 'NONE',  ( -1.000000000000000000, -1.597167440357923543E-16, 0.000000000000000000 ) ) ;
#3049 = EDGE_CURVE ( 'NONE', #994, #3768, #2661, .T. ) ;
#3050 = DIRECTION ( 'NONE',  ( 1.000000000000000000, 0.000000000000000000, 0.000000000000000000 ) ) ;
#3051 = CARTESIAN_POINT ( 'NONE',  ( 60.90000000000000568, -112.6990521082558985, 17.57687709138105348 ) ) ;
#3052 = DIRECTION ( 'NONE',  ( 0.000000000000000000, -0.000000000000000000, 1.000000000000000000 ) ) ;
#3053 = VERTEX_POINT ( 'NONE', #2751 ) ;
#3054 = ORIENTED_EDGE ( 'NONE', *, *, #3398, .F. ) ;
#3055 = EDGE_CURVE ( 'NONE', #2045, #3629, #4011, .T. ) ;
#3056 = EDGE_LOOP ( 'NONE', ( #3465, #2471, #2784, #2746, #1253, #3444, #4008 ) ) ;
#3057 = TOROIDAL_SURFACE ( 'NONE', #1277, 4.950000000000001954, 0.2000000000000000111 ) ;
#3058 = LINE ( 'NONE', #3672, #2801 ) ;
#3059 = PLANE ( 'NONE',  #930 ) ;
#3060 = ORIENTED_EDGE ( 'NONE', *, *, #3683, .T. ) ;
#3061 = ADVANCED_BREP_SHAPE_REPRESENTATION ( 'esp32-canboard-case-top', ( #93, #3921 ), #3718 ) ;
#3062 = DIRECTION ( 'NONE',  ( 0.000000000000000000, 0.000000000000000000, 1.000000000000000000 ) ) ;
#3063 = AXIS2_PLACEMENT_3D ( 'NONE', #1265, #1572, #3427 ) ;
#3064 = ADVANCED_FACE ( 'NONE', ( #2049 ), #3306, .F. ) ;
#3065 = EDGE_CURVE ( 'NONE', #3081, #2571, #2333, .T. ) ;
#3066 = CARTESIAN_POINT ( 'NONE',  ( 64.81670140009207159, -143.0213707478902165, 31.50000000000000000 ) ) ;
#3067 = DIRECTION ( 'NONE',  ( 0.000000000000000000, 1.000000000000000000, 0.000000000000000000 ) ) ;
#3068 = CARTESIAN_POINT ( 'NONE',  ( 64.90000000000001990, -147.5699994899999865, 31.50000000000000000 ) ) ;
#3069 = AXIS2_PLACEMENT_3D ( 'NONE', #1950, #1271, #2532 ) ;
#3070 = VECTOR ( 'NONE', #417, 1000.000000000000000 ) ;
#3071 = CARTESIAN_POINT ( 'NONE',  ( 62.96413568091661972, -142.9615649750986108, 31.49999999999999289 ) ) ;
#3072 = ADVANCED_FACE ( 'NONE', ( #3122 ), #2523, .T. ) ;
#3073 = VECTOR ( 'NONE', #2195, 1000.000000000000000 ) ;
#3074 = DIRECTION ( 'NONE',  ( -1.000000000000000000, 0.000000000000000000, -0.000000000000000000 ) ) ;
#3075 = CARTESIAN_POINT ( 'NONE',  ( 122.6000000000000085, -143.0304958780635900, 13.50000000000000178 ) ) ;
#3076 = CARTESIAN_POINT ( 'NONE',  ( 78.14999986499999807, -148.5699994899999865, 22.36000001000000381 ) ) ;
#3077 = ORIENTED_EDGE ( 'NONE', *, *, #393, .T. ) ;
#3078 = EDGE_LOOP ( 'NONE', ( #692, #608, #1368, #3756, #3849, #2726, #4 ) ) ;
#3079 = ADVANCED_FACE ( 'NONE', ( #1244 ), #2500, .T. ) ;
#3080 = ADVANCED_FACE ( 'NONE', ( #2868 ), #48, .F. ) ;
#3081 = VERTEX_POINT ( 'NONE', #3469 ) ;
#3082 = EDGE_LOOP ( 'NONE', ( #3437, #3603, #1672, #1916 ) ) ;
#3083 = CIRCLE ( 'NONE', #1299, 2.000000000000001776 ) ;
#3084 = EDGE_CURVE ( 'NONE', #2646, #25, #959, .T. ) ;
#3085 = CARTESIAN_POINT ( 'NONE',  ( 100.8999998649999981, -151.0699994899999865, 27.11000001000000381 ) ) ;
#3086 = DIRECTION ( 'NONE',  ( 0.000000000000000000, 0.7582860942451919994, 0.6519219272845268032 ) ) ;
#3087 = ORIENTED_EDGE ( 'NONE', *, *, #3919, .F. ) ;
#3088 = AXIS2_PLACEMENT_3D ( 'NONE', #49, #1905, #2894 ) ;
#3089 = AXIS2_PLACEMENT_3D ( 'NONE', #3326, #778, #3025 ) ;
#3090 = DIRECTION ( 'NONE',  ( -0.000000000000000000, -0.000000000000000000, 1.000000000000000000 ) ) ;
#3091 = CARTESIAN_POINT ( 'NONE',  ( 122.6000000000000227, -140.4625067930274440, 31.31892871810282486 ) ) ;
#3092 = CARTESIAN_POINT ( 'NONE',  ( 58.90000000000000568, -143.0304958780635900, 31.50000000000000000 ) ) ;
#3093 = VECTOR ( 'NONE', #3538, 1000.000000000000000 ) ;
#3094 = CARTESIAN_POINT ( 'NONE',  ( 100.8999998649999981, -153.5699994899999865, 27.31000001000000665 ) ) ;
#3095 = CARTESIAN_POINT ( 'NONE',  ( 82.89999986499999807, -148.5699994899999865, 22.36000001000000381 ) ) ;
#3096 = CARTESIAN_POINT ( 'NONE',  ( 123.1000000000000085, -149.3699994899999979, 26.50000000000000000 ) ) ;
#3097 = EDGE_LOOP ( 'NONE', ( #3139, #3726, #638, #237 ) ) ;
#3098 = ORIENTED_EDGE ( 'NONE', *, *, #458, .F. ) ;
#3099 = ORIENTED_EDGE ( 'NONE', *, *, #2105, .T. ) ;
#3100 = ORIENTED_EDGE ( 'NONE', *, *, #747, .F. ) ;
#3101 = EDGE_CURVE ( 'NONE', #1243, #1899, #895, .T. ) ;
#3102 = DIRECTION ( 'NONE',  ( -1.000000000000000000, 0.000000000000000000, 0.000000000000000000 ) ) ;
#3103 = DIRECTION ( 'NONE',  ( 0.000000000000000000, 0.000000000000000000, 1.000000000000000000 ) ) ;
#3104 = VERTEX_POINT ( 'NONE', #1553 ) ;
#3105 = CARTESIAN_POINT ( 'NONE',  ( 108.5499998649999895, -149.5699994899999865, 32.50000000000000000 ) ) ;
#3106 = DIRECTION ( 'NONE',  ( 0.000000000000000000, 0.000000000000000000, 1.000000000000000000 ) ) ;
#3107 = AXIS2_PLACEMENT_3D ( 'NONE', #2371, #2411, #3050 ) ;
#3108 = DIRECTION ( 'NONE',  ( -0.000000000000000000, -0.000000000000000000, 1.000000000000000000 ) ) ;
#3109 = CIRCLE ( 'NONE', #811, 2.000000000000001776 ) ;
#3110 = LINE ( 'NONE', #2797, #2443 ) ;
#3111 = DIRECTION ( 'NONE',  ( 0.000000000000000000, 0.000000000000000000, 1.000000000000000000 ) ) ;
#3112 = CARTESIAN_POINT ( 'NONE',  ( 65.40000000000000568, -65.18000000000000682, 17.57687709138107479 ) ) ;
#3113 = ORIENTED_EDGE ( 'NONE', *, *, #1914, .T. ) ;
#3114 = EDGE_LOOP ( 'NONE', ( #2760, #3441, #1375, #2525, #1762, #120, #2336, #2659 ) ) ;
#3115 = CARTESIAN_POINT ( 'NONE',  ( 115.7250000000000085, -147.5699994899999865, 33.50000000000000000 ) ) ;
#3116 = VERTEX_POINT ( 'NONE', #2850 ) ;
#3117 = EDGE_LOOP ( 'NONE', ( #2438, #2361, #3188, #3418 ) ) ;
#3118 = CARTESIAN_POINT ( 'NONE',  ( 82.89999986499999807, -151.4699994900000206, 27.31000001000000310 ) ) ;
#3119 = CARTESIAN_POINT ( 'NONE',  ( 82.89999986499999807, -153.5699994899999865, 22.36000001000000381 ) ) ;
#3120 = ORIENTED_EDGE ( 'NONE', *, *, #3017, .F. ) ;
#3121 = STYLED_ITEM ( 'NONE', ( #1318 ), #93 ) ;
#3122 = FACE_OUTER_BOUND ( 'NONE', #1069, .T. ) ;
#3123 = DIRECTION ( 'NONE',  ( 0.000000000000000000, 0.000000000000000000, 1.000000000000000000 ) ) ;
#3124 = DIRECTION ( 'NONE',  ( -1.597167440357923543E-16, 1.000000000000000000, 0.000000000000000000 ) ) ;
#3125 = VECTOR ( 'NONE', #3906, 1000.000000000000000 ) ;
#3126 = EDGE_CURVE ( 'NONE', #2311, #2680, #1613, .T. ) ;
#3127 = CARTESIAN_POINT ( 'NONE',  ( 120.6000000000000085, -147.3699994899999979, 32.50000000000000000 ) ) ;
#3128 = LINE ( 'NONE', #922, #609 ) ;
#3129 = VECTOR ( 'NONE', #724, 1000.000000000000000 ) ;
#3130 = EDGE_CURVE ( 'NONE', #2156, #3732, #3779, .T. ) ;
#3131 = LINE ( 'NONE', #3762, #3588 ) ;
#3132 = DIRECTION ( 'NONE',  ( -1.000000000000000000, 0.000000000000000000, 0.000000000000000000 ) ) ;
#3133 = VERTEX_POINT ( 'NONE', #3754 ) ;
#3134 = CIRCLE ( 'NONE', #634, 0.2000000000000057288 ) ;
#3135 = VERTEX_POINT ( 'NONE', #1885 ) ;
#3136 = CARTESIAN_POINT ( 'NONE',  ( 122.5999999999999801, -62.67999999999999972, 14.57687709138106769 ) ) ;
#3137 = AXIS2_PLACEMENT_3D ( 'NONE', #1333, #2568, #3847 ) ;
#3138 = ORIENTED_EDGE ( 'NONE', *, *, #1903, .T. ) ;
#3139 = ORIENTED_EDGE ( 'NONE', *, *, #1211, .T. ) ;
#3140 = LINE ( 'NONE', #2759, #228 ) ;
#3141 = ORIENTED_EDGE ( 'NONE', *, *, #1123, .T. ) ;
#3142 = DIRECTION ( 'NONE',  ( 1.000000000000000000, 0.000000000000000000, 0.000000000000000000 ) ) ;
#3143 = LINE ( 'NONE', #3386, #1632 ) ;
#3144 = ORIENTED_EDGE ( 'NONE', *, *, #398, .F. ) ;
#3145 = CARTESIAN_POINT ( 'NONE',  ( 78.14999986499999807, -152.9699994900000206, 22.36000001000000381 ) ) ;
#3146 = DIRECTION ( 'NONE',  ( -1.000000000000000000, -0.000000000000000000, 0.000000000000000000 ) ) ;
#3147 = DIRECTION ( 'NONE',  ( -1.000000000000000000, 0.000000000000000000, 0.000000000000000000 ) ) ;
#3148 = ADVANCED_FACE ( 'NONE', ( #636 ), #1306, .T. ) ;
#3149 = DIRECTION ( 'NONE',  ( 0.000000000000000000, 0.000000000000000000, -1.000000000000000000 ) ) ;
#3150 = DIRECTION ( 'NONE',  ( 0.000000000000000000, 0.000000000000000000, 1.000000000000000000 ) ) ;
#3151 = ORIENTED_EDGE ( 'NONE', *, *, #2370, .T. ) ;
#3152 = ADVANCED_FACE ( 'NONE', ( #320 ), #2810, .F. ) ;
#3153 = ORIENTED_EDGE ( 'NONE', *, *, #14, .F. ) ;
#3154 = LINE ( 'NONE', #1585, #1994 ) ;
#3155 = ORIENTED_EDGE ( 'NONE', *, *, #2476, .F. ) ;
#3156 = ORIENTED_EDGE ( 'NONE', *, *, #3794, .T. ) ;
#3157 = ORIENTED_EDGE ( 'NONE', *, *, #1179, .T. ) ;
#3158 = CARTESIAN_POINT ( 'NONE',  ( 75.64999986500001228, -150.6699994899999808, 30.00000000000000355 ) ) ;
#3159 = LINE ( 'NONE', #1677, #1779 ) ;
#3160 = EDGE_LOOP ( 'NONE', ( #2481, #2056, #3298, #2474, #442, #769, #3440 ) ) ;
#3161 = ADVANCED_FACE ( 'NONE', ( #2165 ), #1226, .T. ) ;
#3162 = VECTOR ( 'NONE', #3811, 1000.000000000000000 ) ;
#3163 = DIRECTION ( 'NONE',  ( 0.000000000000000000, 0.000000000000000000, -1.000000000000000000 ) ) ;
#3164 = DIRECTION ( 'NONE',  ( 0.000000000000000000, 0.000000000000000000, -1.000000000000000000 ) ) ;
#3165 = DIRECTION ( 'NONE',  ( 1.000000000000000000, 0.000000000000000000, 0.000000000000000000 ) ) ;
#3166 = DIRECTION ( 'NONE',  ( 0.000000000000000000, 0.000000000000000000, -1.000000000000000000 ) ) ;
#3167 = CARTESIAN_POINT ( 'NONE',  ( 65.40000000000000568, -70.71553390593274457, 14.57687709138106769 ) ) ;
#3168 = ORIENTED_EDGE ( 'NONE', *, *, #3219, .F. ) ;
#3169 = AXIS2_PLACEMENT_3D ( 'NONE', #444, #1698, #1718 ) ;
#3170 = EDGE_LOOP ( 'NONE', ( #3520, #3537, #1970, #1113, #604, #429, #993, #2890, #1583, #3651 ) ) ;
#3171 = DIRECTION ( 'NONE',  ( -0.000000000000000000, -0.000000000000000000, -1.000000000000000000 ) ) ;
#3172 = CIRCLE ( 'NONE', #2984, 0.1999999999999987899 ) ;
#3173 = ORIENTED_EDGE ( 'NONE', *, *, #2734, .T. ) ;
#3174 = ADVANCED_FACE ( 'NONE', ( #357 ), #172, .T. ) ;
#3175 = EDGE_CURVE ( 'NONE', #2457, #359, #900, .T. ) ;
#3176 = VERTEX_POINT ( 'NONE', #1845 ) ;
#3177 = EDGE_CURVE ( 'NONE', #2829, #2700, #1533, .T. ) ;
#3178 = DIRECTION ( 'NONE',  ( -1.000000000000000000, -3.194334880715847085E-16, 0.000000000000000000 ) ) ;
#3179 = CARTESIAN_POINT ( 'NONE',  ( 60.90000000000000568, -127.8647739931597584, 26.53843854569053207 ) ) ;
#3180 = ORIENTED_EDGE ( 'NONE', *, *, #3614, .F. ) ;
#3181 = DIRECTION ( 'NONE',  ( -0.000000000000000000, 1.000000000000000000, 0.000000000000000000 ) ) ;
#3182 = ADVANCED_FACE ( 'NONE', ( #2482 ), #3736, .T. ) ;
#3183 = ADVANCED_FACE ( 'NONE', ( #3239 ), #3589, .F. ) ;
#3184 = CYLINDRICAL_SURFACE ( 'NONE', #3431, 2.875000000000002665 ) ;
#3185 = CARTESIAN_POINT ( 'NONE',  ( 60.90000000000001279, -140.0902009688855117, 33.50000000000000000 ) ) ;
#3186 = FACE_OUTER_BOUND ( 'NONE', #3315, .T. ) ;
#3187 = FACE_OUTER_BOUND ( 'NONE', #4003, .T. ) ;
#3188 = ORIENTED_EDGE ( 'NONE', *, *, #3482, .F. ) ;
#3189 = ORIENTED_EDGE ( 'NONE', *, *, #319, .T. ) ;
#3190 = ORIENTED_EDGE ( 'NONE', *, *, #3777, .F. ) ;
#3191 = CIRCLE ( 'NONE', #567, 21.99999999999999289 ) ;
#3192 = DIRECTION ( 'NONE',  ( 0.000000000000000000, 0.000000000000000000, 1.000000000000000000 ) ) ;
#3193 = CARTESIAN_POINT ( 'NONE',  ( 120.3921361820820692, -143.0304958780635900, 31.50000000000000000 ) ) ;
#3194 = EDGE_LOOP ( 'NONE', ( #313, #338, #2059, #1597, #1505, #2152 ) ) ;
#3195 = AXIS2_PLACEMENT_3D ( 'NONE', #3013, #3254, #2675 ) ;
#3196 = ADVANCED_FACE ( 'NONE', ( #998, #1638 ), #1077, .F. ) ;
#3197 = ORIENTED_EDGE ( 'NONE', *, *, #3928, .T. ) ;
#3198 = EDGE_CURVE ( 'NONE', #3053, #1178, #1017, .T. ) ;
#3199 = CARTESIAN_POINT ( 'NONE',  ( 100.8999998649999981, -151.2699994900000036, 22.36000001000000381 ) ) ;
#3200 = DIRECTION ( 'NONE',  ( -0.000000000000000000, -0.000000000000000000, 1.000000000000000000 ) ) ;
#3201 = ORIENTED_EDGE ( 'NONE', *, *, #3175, .F. ) ;
#3202 = CARTESIAN_POINT ( 'NONE',  ( 64.90000000000001990, -147.5699994899999865, 31.50000000000000000 ) ) ;
#3203 = FACE_OUTER_BOUND ( 'NONE', #4064, .T. ) ;
#3204 = CARTESIAN_POINT ( 'NONE',  ( 77.94999986499999522, -153.5699994899999865, 33.50000000000000000 ) ) ;
#3205 = LINE ( 'NONE', #1251, #1159 ) ;
#3206 = CARTESIAN_POINT ( 'NONE',  ( 64.90000000000001990, -147.5699994899999865, 31.50000000000000000 ) ) ;
#3207 = VERTEX_POINT ( 'NONE', #774 ) ;
#3208 = VERTEX_POINT ( 'NONE', #2268 ) ;
#3209 = LINE ( 'NONE', #2904, #3093 ) ;
#3210 = VECTOR ( 'NONE', #280, 1000.000000000000000 ) ;
#3211 = VECTOR ( 'NONE', #982, 1000.000000000000000 ) ;
#3212 = CARTESIAN_POINT ( 'NONE',  ( 60.89999999999999858, -73.58269832014261169, 14.57687709138106591 ) ) ;
#3213 = CARTESIAN_POINT ( 'NONE',  ( 122.6000000000000085, -149.5699994899999865, 14.57687709138105703 ) ) ;
#3214 = LINE ( 'NONE', #1692, #3788 ) ;
#3215 = AXIS2_PLACEMENT_3D ( 'NONE', #2671, #822, #3006 ) ;
#3216 = ORIENTED_EDGE ( 'NONE', *, *, #1081, .F. ) ;
#3217 = EDGE_CURVE ( 'NONE', #2680, #4079, #2287, .T. ) ;
#3218 = ORIENTED_EDGE ( 'NONE', *, *, #939, .F. ) ;
#3219 = EDGE_CURVE ( 'NONE', #1832, #726, #3545, .T. ) ;
#3220 = DIRECTION ( 'NONE',  ( 1.000000000000000000, 1.597167440357923543E-16, -0.000000000000000000 ) ) ;
#3221 = CARTESIAN_POINT ( 'NONE',  ( 78.14999986499999807, -152.9699994900000206, 22.36000001000000381 ) ) ;
#3222 = ORIENTED_EDGE ( 'NONE', *, *, #3481, .T. ) ;
#3223 = DIRECTION ( 'NONE',  ( -0.000000000000000000, -0.000000000000000000, 1.000000000000000000 ) ) ;
#3224 = CARTESIAN_POINT ( 'NONE',  ( 77.94999986499999522, -153.5699994899999865, 13.50000000000000178 ) ) ;
#3225 = DIRECTION ( 'NONE',  ( -3.194334880715847085E-16, 1.000000000000000000, 0.000000000000000000 ) ) ;
#3226 = APPLICATION_PROTOCOL_DEFINITION ( 'draft international standard', 'automotive_design', 1998, #722 ) ;
#3227 = DIRECTION ( 'NONE',  ( 0.000000000000000000, 0.000000000000000000, 1.000000000000000000 ) ) ;
#3228 = ORIENTED_EDGE ( 'NONE', *, *, #3126, .F. ) ;
#3229 = EDGE_LOOP ( 'NONE', ( #397, #3294, #3724, #746 ) ) ;
#3230 = LINE ( 'NONE', #1666, #63 ) ;
#3231 = CARTESIAN_POINT ( 'NONE',  ( 64.90000000000001990, -147.5699994899999865, 31.50000000000000000 ) ) ;
#3232 = CIRCLE ( 'NONE', #1921, 0.2000000000000057288 ) ;
#3233 = CARTESIAN_POINT ( 'NONE',  ( 66.90000000000001990, -147.5699994899999865, 31.50000000000000000 ) ) ;
#3234 = LINE ( 'NONE', #2324, #26 ) ;
#3235 = AXIS2_PLACEMENT_3D ( 'NONE', #246, #1579, #2838 ) ;
#3236 = ORIENTED_EDGE ( 'NONE', *, *, #2265, .T. ) ;
#3237 = CIRCLE ( 'NONE', #2179, 0.2000000000000057288 ) ;
#3238 = EDGE_CURVE ( 'NONE', #207, #2945, #2264, .T. ) ;
#3239 = FACE_OUTER_BOUND ( 'NONE', #2901, .T. ) ;
#3240 = CARTESIAN_POINT ( 'NONE',  ( 122.6000000000000085, -149.5699994899999865, 33.50000000000000000 ) ) ;
#3241 = VERTEX_POINT ( 'NONE', #2334 ) ;
#3242 = DIRECTION ( 'NONE',  ( 0.000000000000000000, 0.000000000000000000, 1.000000000000000000 ) ) ;
#3243 = CARTESIAN_POINT ( 'NONE',  ( 108.3499998649999867, -150.6699994899999808, 30.00000000000000355 ) ) ;
#3244 = CARTESIAN_POINT ( 'NONE',  ( 75.64999986500001228, -150.6699994899999808, 30.00000000000000355 ) ) ;
#3245 = DIRECTION ( 'NONE',  ( 3.194334880715847085E-16, -1.000000000000000000, 0.000000000000000000 ) ) ;
#3246 = ORIENTED_EDGE ( 'NONE', *, *, #3668, .T. ) ;
#3247 = ADVANCED_FACE ( 'NONE', ( #3528 ), #1404, .F. ) ;
#3248 = ORIENTED_EDGE ( 'NONE', *, *, #3735, .F. ) ;
#3249 = SURFACE_STYLE_USAGE ( .BOTH. , #413 ) ;
#3250 = AXIS2_PLACEMENT_3D ( 'NONE', #315, #2970, #149 ) ;
#3251 = AXIS2_PLACEMENT_3D ( 'NONE', #3766, #3171, #4080 ) ;
#3252 = ADVANCED_FACE ( 'NONE', ( #750 ), #730, .F. ) ;
#3253 = CARTESIAN_POINT ( 'NONE',  ( 120.9749999999999801, -65.18000000000000682, 19.57687709138107124 ) ) ;
#3254 = DIRECTION ( 'NONE',  ( -1.000000000000000000, 0.000000000000000000, 0.000000000000000000 ) ) ;
#3255 = DIRECTION ( 'NONE',  ( 1.000000000000000000, 0.000000000000000000, 0.000000000000000000 ) ) ;
#3256 = EDGE_CURVE ( 'NONE', #2189, #2355, #1545, .T. ) ;
#3257 = ORIENTED_EDGE ( 'NONE', *, *, #3500, .F. ) ;
#3258 = VECTOR ( 'NONE', #3408, 1000.000000000000000 ) ;
#3259 = CIRCLE ( 'NONE', #36, 0.2000000000000057288 ) ;
#3260 = AXIS2_PLACEMENT_3D ( 'NONE', #1656, #2958, #131 ) ;
#3261 = TOROIDAL_SURFACE ( 'NONE', #2329, 4.950000000000001954, 0.2000000000000000111 ) ;
#3262 = VERTEX_POINT ( 'NONE', #419 ) ;
#3263 = AXIS2_PLACEMENT_3D ( 'NONE', #1559, #1931, #2589 ) ;
#3264 = FACE_OUTER_BOUND ( 'NONE', #2553, .T. ) ;
#3265 = VERTEX_POINT ( 'NONE', #2020 ) ;
#3266 = DIRECTION ( 'NONE',  ( 0.000000000000000000, 0.000000000000000000, -1.000000000000000000 ) ) ;
#3267 = DIRECTION ( 'NONE',  ( 0.000000000000000000, 0.000000000000000000, 1.000000000000000000 ) ) ;
#3268 = CYLINDRICAL_SURFACE ( 'NONE', #614, 3.000000000000002665 ) ;
#3269 = DIRECTION ( 'NONE',  ( 0.000000000000000000, 1.095474339541231642E-16, -1.000000000000000000 ) ) ;
#3270 = ORIENTED_EDGE ( 'NONE', *, *, #337, .F. ) ;
#3271 = FILL_AREA_STYLE_COLOUR ( '', #823 ) ;
#3272 = ADVANCED_FACE ( 'NONE', ( #3283, #1058, #3264 ), #1697, .T. ) ;
#3273 = DIRECTION ( 'NONE',  ( -0.000000000000000000, -0.000000000000000000, -1.000000000000000000 ) ) ;
#3274 = DIRECTION ( 'NONE',  ( -0.000000000000000000, -0.000000000000000000, -1.000000000000000000 ) ) ;
#3275 = CARTESIAN_POINT ( 'NONE',  ( 75.44999986500000944, -149.5699994899999865, 13.50000000000000178 ) ) ;
#3276 = ORIENTED_EDGE ( 'NONE', *, *, #988, .T. ) ;
#3277 = VERTEX_POINT ( 'NONE', #2981 ) ;
#3278 = AXIS2_PLACEMENT_3D ( 'NONE', #240, #1102, #2065 ) ;
#3279 = AXIS2_PLACEMENT_3D ( 'NONE', #3008, #496, #1786 ) ;
#3280 = ORIENTED_EDGE ( 'NONE', *, *, #3769, .T. ) ;
#3281 = ORIENTED_EDGE ( 'NONE', *, *, #3482, .T. ) ;
#3282 = VECTOR ( 'NONE', #3911, 1000.000000000000000 ) ;
#3283 = FACE_BOUND ( 'NONE', #2545, .T. ) ;
#3284 = DIRECTION ( 'NONE',  ( 0.000000000000000000, 1.000000000000000000, 0.000000000000000000 ) ) ;
#3285 = VERTEX_POINT ( 'NONE', #2913 ) ;
#3286 = DIRECTION ( 'NONE',  ( 1.000000000000000000, 0.000000000000000000, 0.000000000000000000 ) ) ;
#3287 = CARTESIAN_POINT ( 'NONE',  ( 105.8499998650000009, -153.5699994899999865, 22.36000001000000381 ) ) ;
#3288 = CARTESIAN_POINT ( 'NONE',  ( 123.1000000000000085, -149.3699994899999979, 13.50000000000000178 ) ) ;
#3289 = CARTESIAN_POINT ( 'NONE',  ( 100.8999998649999981, -148.5699994899999865, 22.36000001000000381 ) ) ;
#3290 = EDGE_CURVE ( 'NONE', #4079, #3417, #1548, .T. ) ;
#3291 = CARTESIAN_POINT ( 'NONE',  ( 118.6000000000000085, -147.5699994899999865, 31.50000000000000000 ) ) ;
#3292 = DIRECTION ( 'NONE',  ( -0.000000000000000000, 0.000000000000000000, 1.000000000000000000 ) ) ;
#3293 = CARTESIAN_POINT ( 'NONE',  ( 108.1499998649999839, -150.8699994899999979, 30.00000000000000355 ) ) ;
#3294 = ORIENTED_EDGE ( 'NONE', *, *, #3877, .F. ) ;
#3295 = ORIENTED_EDGE ( 'NONE', *, *, #262, .F. ) ;
#3296 = VECTOR ( 'NONE', #3936, 1000.000000000000000 ) ;
#3297 = VERTEX_POINT ( 'NONE', #468 ) ;
#3298 = ORIENTED_EDGE ( 'NONE', *, *, #1529, .T. ) ;
#3299 = AXIS2_PLACEMENT_3D ( 'NONE', #1890, #1004, #2253 ) ;
#3300 = EDGE_CURVE ( 'NONE', #1547, #1180, #1717, .T. ) ;
#3301 = FACE_OUTER_BOUND ( 'NONE', #1135, .T. ) ;
#3302 = DIRECTION ( 'NONE',  ( 0.000000000000000000, 0.000000000000000000, 1.000000000000000000 ) ) ;
#3303 = ORIENTED_EDGE ( 'NONE', *, *, #332, .T. ) ;
#3304 = CIRCLE ( 'NONE', #3900, 2.000000000000001776 ) ;
#3305 = DIRECTION ( 'NONE',  ( 0.000000000000000000, -0.000000000000000000, 1.000000000000000000 ) ) ;
#3306 = CYLINDRICAL_SURFACE ( 'NONE', #2467, 3.000000000000002665 ) ;
#3307 = DIRECTION ( 'NONE',  ( -0.000000000000000000, -1.000000000000000000, -0.000000000000000000 ) ) ;
#3308 = CARTESIAN_POINT ( 'NONE',  ( 111.1966223924481625, -149.3699994899999979, 26.50000000000000000 ) ) ;
#3309 = CARTESIAN_POINT ( 'NONE',  ( 61.20055955339650211, -141.4101147358870207, 31.42753963919744820 ) ) ;
#3310 = ADVANCED_FACE ( 'NONE', ( #3510 ), #1350, .T. ) ;
#3311 = EDGE_CURVE ( 'NONE', #968, #3509, #298, .T. ) ;
#3312 = CARTESIAN_POINT ( 'NONE',  ( 60.90000000000001279, -149.5699994899999865, 33.50000000000000000 ) ) ;
#3313 = CARTESIAN_POINT ( 'NONE',  ( 116.6000000000000085, -147.5699994899999865, 31.50000000000000000 ) ) ;
#3314 = DIRECTION ( 'NONE',  ( -0.000000000000000000, 1.000000000000000000, 0.000000000000000000 ) ) ;
#3315 = EDGE_LOOP ( 'NONE', ( #2611, #1441, #3503, #3376 ) ) ;
#3316 = VERTEX_POINT ( 'NONE', #3990 ) ;
#3317 = EDGE_CURVE ( 'NONE', #2222, #3116, #2407, .T. ) ;
#3318 = ORIENTED_EDGE ( 'NONE', *, *, #2518, .F. ) ;
#3319 = VECTOR ( 'NONE', #2121, 1000.000000000000000 ) ;
#3320 = EDGE_LOOP ( 'NONE', ( #2685, #3745, #3675, #3512 ) ) ;
#3321 = AXIS2_PLACEMENT_3D ( 'NONE', #1800, #1821, #2062 ) ;
#3322 = PLANE ( 'NONE',  #3853 ) ;
#3323 = FACE_OUTER_BOUND ( 'NONE', #4041, .T. ) ;
#3324 = EDGE_LOOP ( 'NONE', ( #2805, #1117, #390, #1216 ) ) ;
#3325 = AXIS2_PLACEMENT_3D ( 'NONE', #4066, #1339, #1937 ) ;
#3326 = CARTESIAN_POINT ( 'NONE',  ( 120.5999999999999943, -149.5699994899999865, 31.50000000000000000 ) ) ;
#3327 = CARTESIAN_POINT ( 'NONE',  ( 77.94999986499999522, -151.0699994899999865, 13.50000000000000178 ) ) ;
#3328 = DIRECTION ( 'NONE',  ( -0.000000000000000000, -0.000000000000000000, 1.000000000000000000 ) ) ;
#3329 = CARTESIAN_POINT ( 'NONE',  ( 118.0999999999999801, -65.18000000000000682, 17.57687709138107479 ) ) ;
#3330 = CARTESIAN_POINT ( 'NONE',  ( 120.5999999999999801, -62.67999999999999972, 17.57687709138106769 ) ) ;
#3331 = LINE ( 'NONE', #519, #145 ) ;
#3332 = DIRECTION ( 'NONE',  ( 0.000000000000000000, 0.000000000000000000, 1.000000000000000000 ) ) ;
#3333 = CARTESIAN_POINT ( 'NONE',  ( 70.84938629089666051, -64.20720779386421384, 17.57687709138106769 ) ) ;
#3334 = VERTEX_POINT ( 'NONE', #1468 ) ;
#3335 = ORIENTED_EDGE ( 'NONE', *, *, #1260, .F. ) ;
#3336 = ORIENTED_EDGE ( 'NONE', *, *, #592, .F. ) ;
#3337 = VERTEX_POINT ( 'NONE', #1446 ) ;
#3338 = AXIS2_PLACEMENT_3D ( 'NONE', #2279, #1296, #1691 ) ;
#3339 = LINE ( 'NONE', #3692, #1486 ) ;
#3340 = CARTESIAN_POINT ( 'NONE',  ( 75.44999986500000944, -151.6699994900000092, 13.50000000000000178 ) ) ;
#3341 = VERTEX_POINT ( 'NONE', #4006 ) ;
#3342 = VECTOR ( 'NONE', #1189, 1000.000000000000000 ) ;
#3343 = ADVANCED_FACE ( 'NONE', ( #836 ), #1760, .F. ) ;
#3344 = CARTESIAN_POINT ( 'NONE',  ( 78.14999986499999807, -149.5699994899999865, 13.50000000000000178 ) ) ;
#3345 = CARTESIAN_POINT ( 'NONE',  ( 108.3499998649999867, -151.6699994900000092, 13.50000000000000178 ) ) ;
#3346 = DIRECTION ( 'NONE',  ( -0.000000000000000000, -0.000000000000000000, -1.000000000000000000 ) ) ;
#3347 = FACE_OUTER_BOUND ( 'NONE', #3056, .T. ) ;
#3348 = UNCERTAINTY_MEASURE_WITH_UNIT (LENGTH_MEASURE( 1.000000000000000082E-05 ), #1067, 'distance_accuracy_value', 'NONE');
#3349 = CYLINDRICAL_SURFACE ( 'NONE', #2631, 2.000000000000001776 ) ;
#3350 = LINE ( 'NONE', #2968, #2578 ) ;
#3351 = LINE ( 'NONE', #225, #2804 ) ;
#3352 = FACE_OUTER_BOUND ( 'NONE', #99, .T. ) ;
#3353 = ORIENTED_EDGE ( 'NONE', *, *, #2265, .F. ) ;
#3354 = AXIS2_PLACEMENT_3D ( 'NONE', #3330, #517, #2088 ) ;
#3355 = ORIENTED_EDGE ( 'NONE', *, *, #2143, .T. ) ;
#3356 = VECTOR ( 'NONE', #1663, 1000.000000000000000 ) ;
#3357 = ORIENTED_EDGE ( 'NONE', *, *, #1982, .F. ) ;
#3358 = ADVANCED_FACE ( 'NONE', ( #2097 ), #3322, .F. ) ;
#3359 = EDGE_CURVE ( 'NONE', #2642, #1278, #832, .T. ) ;
#3360 = DIRECTION ( 'NONE',  ( 0.000000000000000000, 0.000000000000000000, -1.000000000000000000 ) ) ;
#3361 = CARTESIAN_POINT ( 'NONE',  ( 105.8499998650000009, -153.3699994899999979, 22.36000001000000381 ) ) ;
#3362 = ORIENTED_EDGE ( 'NONE', *, *, #1158, .F. ) ;
#3363 = AXIS2_PLACEMENT_3D ( 'NONE', #2461, #3403, #594 ) ;
#3364 = CIRCLE ( 'NONE', #2844, 4.500000000000003553 ) ;
#3365 = CARTESIAN_POINT ( 'NONE',  ( 60.90000000000001279, -143.0304958780635900, 13.50000000000000178 ) ) ;
#3366 = CARTESIAN_POINT ( 'NONE',  ( 58.90000000000000568, -149.5699994899999865, 13.50000000000000178 ) ) ;
#3367 = CARTESIAN_POINT ( 'NONE',  ( 82.89999986499999807, -152.9699994900000206, 27.11000001000000381 ) ) ;
#3368 = DIRECTION ( 'NONE',  ( 0.000000000000000000, 0.000000000000000000, -1.000000000000000000 ) ) ;
#3369 = EDGE_CURVE ( 'NONE', #1180, #3133, #3339, .T. ) ;
#3370 = EDGE_CURVE ( 'NONE', #3116, #3904, #796, .T. ) ;
#3371 = DIRECTION ( 'NONE',  ( 1.000000000000000000, 0.000000000000000000, 0.000000000000000000 ) ) ;
#3372 = LINE ( 'NONE', #146, #1323 ) ;
#3373 = CARTESIAN_POINT ( 'NONE',  ( 118.6000000000000085, -147.5699994899999865, 33.50000000000000000 ) ) ;
#3374 = DIRECTION ( 'NONE',  ( 1.000000000000000000, 0.000000000000000000, 0.000000000000000000 ) ) ;
#3375 = ORIENTED_EDGE ( 'NONE', *, *, #1611, .F. ) ;
#3376 = ORIENTED_EDGE ( 'NONE', *, *, #1844, .T. ) ;
#3377 = EDGE_CURVE ( 'NONE', #650, #1939, #2003, .T. ) ;
#3378 = EDGE_CURVE ( 'NONE', #441, #367, #3134, .T. ) ;
#3379 = ORIENTED_EDGE ( 'NONE', *, *, #869, .F. ) ;
#3380 = ORIENTED_EDGE ( 'NONE', *, *, #3040, .F. ) ;
#3381 = CARTESIAN_POINT ( 'NONE',  ( 65.40000000000000568, -65.18000000000000682, 17.57687709138107479 ) ) ;
#3382 = LINE ( 'NONE', #236, #2408 ) ;
#3383 = ORIENTED_EDGE ( 'NONE', *, *, #3290, .T. ) ;
#3384 = CARTESIAN_POINT ( 'NONE',  ( 124.6000000000000227, -149.5699994899999865, 31.50000000000000000 ) ) ;
#3385 = DIRECTION ( 'NONE',  ( -1.000000000000000000, 0.000000000000000000, 0.000000000000000000 ) ) ;
#3386 = CARTESIAN_POINT ( 'NONE',  ( 120.5999999999999801, -60.67999999999999972, 14.57687709138106769 ) ) ;
#3387 = CARTESIAN_POINT ( 'NONE',  ( 120.5999999999999943, -153.5699994899999865, 31.50000000000000000 ) ) ;
#3388 = CIRCLE ( 'NONE', #2406, 4.950000000000002842 ) ;
#3389 = PRODUCT_DEFINITION_FORMATION_WITH_SPECIFIED_SOURCE ( 'ANY', '', #2061, .NOT_KNOWN. ) ;
#3390 = PLANE ( 'NONE',  #856 ) ;
#3391 = VECTOR ( 'NONE', #2412, 1000.000000000000000 ) ;
#3392 = DIRECTION ( 'NONE',  ( 1.000000000000000000, 0.000000000000000000, 0.000000000000000000 ) ) ;
#3393 = FACE_OUTER_BOUND ( 'NONE', #2181, .T. ) ;
#3394 = CARTESIAN_POINT ( 'NONE',  ( 62.90000000000001279, -149.3699994899999979, 13.50000000000000178 ) ) ;
#3395 = ORIENTED_EDGE ( 'NONE', *, *, #2630, .T. ) ;
#3396 = EDGE_LOOP ( 'NONE', ( #191, #3236, #2664, #1901 ) ) ;
#3397 = EDGE_CURVE ( 'NONE', #3795, #3786, #104, .T. ) ;
#3398 = EDGE_CURVE ( 'NONE', #2679, #227, #853, .T. ) ;
#3399 = ORIENTED_EDGE ( 'NONE', *, *, #2105, .F. ) ;
#3400 = ORIENTED_EDGE ( 'NONE', *, *, #3317, .T. ) ;
#3401 = VECTOR ( 'NONE', #1660, 1000.000000000000000 ) ;
#3402 = DIRECTION ( 'NONE',  ( 0.000000000000000000, 0.000000000000000000, -1.000000000000000000 ) ) ;
#3403 = DIRECTION ( 'NONE',  ( 0.000000000000000000, 0.000000000000000000, 1.000000000000000000 ) ) ;
#3404 = ORIENTED_EDGE ( 'NONE', *, *, #371, .T. ) ;
#3405 = VECTOR ( 'NONE', #2122, 1000.000000000000000 ) ;
#3406 = AXIS2_PLACEMENT_3D ( 'NONE', #1186, #2624, #2876 ) ;
#3407 = VECTOR ( 'NONE', #1377, 1000.000000000000000 ) ;
#3408 = DIRECTION ( 'NONE',  ( -1.597167440357923543E-16, 1.000000000000000000, -0.000000000000000000 ) ) ;
#3409 = CARTESIAN_POINT ( 'NONE',  ( 100.8999998649999981, -152.9699994900000206, 27.31000001000000665 ) ) ;
#3410 = VECTOR ( 'NONE', #2730, 1000.000000000000000 ) ;
#3411 = CARTESIAN_POINT ( 'NONE',  ( 118.0999999999999801, -65.18000000000000682, 17.57687709138107479 ) ) ;
#3412 = CIRCLE ( 'NONE', #2559, 2.000000000000001776 ) ;
#3413 = DIRECTION ( 'NONE',  ( 0.000000000000000000, 0.000000000000000000, 1.000000000000000000 ) ) ;
#3414 = DIRECTION ( 'NONE',  ( 0.000000000000000000, -1.000000000000000000, 0.000000000000000000 ) ) ;
#3415 = CARTESIAN_POINT ( 'NONE',  ( 120.5999999999999801, -62.67999999999999972, 17.57687709138106769 ) ) ;
#3416 = ORIENTED_EDGE ( 'NONE', *, *, #3447, .F. ) ;
#3417 = VERTEX_POINT ( 'NONE', #2397 ) ;
#3418 = ORIENTED_EDGE ( 'NONE', *, *, #3859, .F. ) ;
#3419 = VERTEX_POINT ( 'NONE', #1162 ) ;
#3420 = ORIENTED_EDGE ( 'NONE', *, *, #884, .T. ) ;
#3421 = DIRECTION ( 'NONE',  ( 1.000000000000000000, 0.000000000000000000, 0.000000000000000000 ) ) ;
#3422 = CARTESIAN_POINT ( 'NONE',  ( 118.0999999999999801, -65.18000000000000682, 19.57687709138107124 ) ) ;
#3423 = ORIENTED_EDGE ( 'NONE', *, *, #275, .F. ) ;
#3424 = AXIS2_PLACEMENT_3D ( 'NONE', #3706, #3785, #1560 ) ;
#3425 = EDGE_CURVE ( 'NONE', #2111, #3337, #3654, .T. ) ;
#3426 = CIRCLE ( 'NONE', #2831, 4.950000000000002842 ) ;
#3427 = DIRECTION ( 'NONE',  ( 1.000000000000000000, 0.000000000000000000, -0.000000000000000000 ) ) ;
#3428 = LINE ( 'NONE', #1573, #3405 ) ;
#3429 = VECTOR ( 'NONE', #2715, 1000.000000000000000 ) ;
#3430 = DIRECTION ( 'NONE',  ( 0.000000000000000000, 1.000000000000000000, 0.000000000000000000 ) ) ;
#3431 = AXIS2_PLACEMENT_3D ( 'NONE', #3760, #362, #56 ) ;
#3432 = AXIS2_PLACEMENT_3D ( 'NONE', #1910, #2234, #3165 ) ;
#3433 = LINE ( 'NONE', #1869, #2980 ) ;
#3434 = DIRECTION ( 'NONE',  ( 0.000000000000000000, 0.000000000000000000, -1.000000000000000000 ) ) ;
#3435 = DIRECTION ( 'NONE',  ( 1.749655946862855646E-32, -1.095474339541231642E-16, 1.000000000000000000 ) ) ;
#3436 = CARTESIAN_POINT ( 'NONE',  ( 105.8499998650000009, -152.7699994900000036, 13.50000000000000178 ) ) ;
#3437 = ORIENTED_EDGE ( 'NONE', *, *, #1914, .F. ) ;
#3438 = VERTEX_POINT ( 'NONE', #1780 ) ;
#3439 = DIRECTION ( 'NONE',  ( -0.000000000000000000, -0.000000000000000000, 1.000000000000000000 ) ) ;
#3440 = ORIENTED_EDGE ( 'NONE', *, *, #3714, .T. ) ;
#3441 = ORIENTED_EDGE ( 'NONE', *, *, #1116, .T. ) ;
#3442 = CYLINDRICAL_SURFACE ( 'NONE', #504, 5.535533905932740417 ) ;
#3443 = FACE_BOUND ( 'NONE', #39, .T. ) ;
#3444 = ORIENTED_EDGE ( 'NONE', *, *, #4005, .T. ) ;
#3445 = CIRCLE ( 'NONE', #625, 2.875000000000002665 ) ;
#3446 = CIRCLE ( 'NONE', #2192, 4.750000000000000888 ) ;
#3447 = EDGE_CURVE ( 'NONE', #1046, #2983, #1427, .T. ) ;
#3448 = CARTESIAN_POINT ( 'NONE',  ( 111.1966223924481625, -146.3699994899999979, 26.50000000000000000 ) ) ;
#3449 = CARTESIAN_POINT ( 'NONE',  ( 108.3499998649999867, -151.6699994900000092, 30.00000000000000355 ) ) ;
#3450 = ORIENTED_EDGE ( 'NONE', *, *, #2955, .F. ) ;
#3451 = EDGE_CURVE ( 'NONE', #2258, #2822, #3058, .T. ) ;
#3452 = CARTESIAN_POINT ( 'NONE',  ( 60.89999999999999858, -62.67999999999999972, 26.50000000000000000 ) ) ;
#3453 = CIRCLE ( 'NONE', #100, 0.2000000000000057288 ) ;
#3454 = DIRECTION ( 'NONE',  ( -1.000000000000000000, 0.000000000000000000, 0.000000000000000000 ) ) ;
#3455 = DIRECTION ( 'NONE',  ( 1.000000000000000000, 0.000000000000000000, 0.000000000000000000 ) ) ;
#3456 = VECTOR ( 'NONE', #2655, 1000.000000000000000 ) ;
#3457 = DIRECTION ( 'NONE',  ( -1.000000000000000000, 0.000000000000000000, 0.000000000000000000 ) ) ;
#3458 = CYLINDRICAL_SURFACE ( 'NONE', #606, 20.00000000000000000 ) ;
#3459 = ORIENTED_EDGE ( 'NONE', *, *, #2143, .F. ) ;
#3460 = VECTOR ( 'NONE', #547, 1000.000000000000000 ) ;
#3461 = CIRCLE ( 'NONE', #2004, 19.99999999999998934 ) ;
#3462 = ORIENTED_EDGE ( 'NONE', *, *, #259, .T. ) ;
#3463 = CARTESIAN_POINT ( 'NONE',  ( 82.89999986499999807, -151.2699994900000036, 22.36000001000000381 ) ) ;
#3464 = CIRCLE ( 'NONE', #1618, 2.875000000000002665 ) ;
#3465 = ORIENTED_EDGE ( 'NONE', *, *, #1055, .T. ) ;
#3466 = EDGE_LOOP ( 'NONE', ( #373, #1814, #526, #2846 ) ) ;
#3467 = ADVANCED_FACE ( 'NONE', ( #3301 ), #876, .F. ) ;
#3468 = VERTEX_POINT ( 'NONE', #2682 ) ;
#3469 = CARTESIAN_POINT ( 'NONE',  ( 122.5999999999999801, -62.67999999999999972, 19.57687709138106413 ) ) ;
#3470 = LINE ( 'NONE', #420, #1301 ) ;
#3471 = EDGE_LOOP ( 'NONE', ( #4065, #4022, #2213, #3767 ) ) ;
#3472 = DIRECTION ( 'NONE',  ( -0.000000000000000000, -0.000000000000000000, -1.000000000000000000 ) ) ;
#3473 = VECTOR ( 'NONE', #782, 1000.000000000000000 ) ;
#3474 = CYLINDRICAL_SURFACE ( 'NONE', #3758, 2.000000000000001776 ) ;
#3475 = CARTESIAN_POINT ( 'NONE',  ( 123.1000000000000085, -149.3699994899999979, 13.50000000000000178 ) ) ;
#3476 = LINE ( 'NONE', #983, #2736 ) ;
#3477 = FACE_OUTER_BOUND ( 'NONE', #1225, .T. ) ;
#3478 = ORIENTED_EDGE ( 'NONE', *, *, #1964, .T. ) ;
#3479 = ORIENTED_EDGE ( 'NONE', *, *, #3972, .T. ) ;
#3480 = DIRECTION ( 'NONE',  ( 0.000000000000000000, -1.000000000000000000, 0.000000000000000000 ) ) ;
#3481 = EDGE_CURVE ( 'NONE', #685, #726, #432, .T. ) ;
#3482 = EDGE_CURVE ( 'NONE', #2514, #3297, #694, .T. ) ;
#3483 = ADVANCED_FACE ( 'NONE', ( #2162 ), #3442, .T. ) ;
#3484 = VERTEX_POINT ( 'NONE', #3233 ) ;
#3485 = VERTEX_POINT ( 'NONE', #593 ) ;
#3486 = ADVANCED_FACE ( 'NONE', ( #1841 ), #1530, .T. ) ;
#3487 = ADVANCED_FACE ( 'NONE', ( #629 ), #2261, .T. ) ;
#3488 = CIRCLE ( 'NONE', #2830, 2.875000000000002665 ) ;
#3489 = DIRECTION ( 'NONE',  ( 0.000000000000000000, 0.000000000000000000, -1.000000000000000000 ) ) ;
#3490 = DIRECTION ( 'NONE',  ( -0.000000000000000000, -1.000000000000000000, -0.000000000000000000 ) ) ;
#3491 = ORIENTED_EDGE ( 'NONE', *, *, #2995, .F. ) ;
#3492 = ADVANCED_FACE ( 'NONE', ( #1241 ), #372, .T. ) ;
#3493 = DIRECTION ( 'NONE',  ( 0.000000000000000000, 0.000000000000000000, -1.000000000000000000 ) ) ;
#3494 = VECTOR ( 'NONE', #1089, 1000.000000000000000 ) ;
#3495 = DIRECTION ( 'NONE',  ( -1.597167440357923543E-16, 1.000000000000000000, 1.095474339541231642E-16 ) ) ;
#3496 = CARTESIAN_POINT ( 'NONE',  ( 75.64999986500001228, -152.7699994900000036, 13.50000000000000178 ) ) ;
#3497 = FACE_OUTER_BOUND ( 'NONE', #926, .T. ) ;
#3498 = DIRECTION ( 'NONE',  ( -0.000000000000000000, -1.000000000000000000, -0.000000000000000000 ) ) ;
#3499 = ORIENTED_EDGE ( 'NONE', *, *, #336, .F. ) ;
#3500 = EDGE_CURVE ( 'NONE', #356, #2956, #431, .T. ) ;
#3501 = ORIENTED_EDGE ( 'NONE', *, *, #2889, .T. ) ;
#3502 = AXIS2_PLACEMENT_3D ( 'NONE', #697, #1929, #2530 ) ;
#3503 = ORIENTED_EDGE ( 'NONE', *, *, #1611, .T. ) ;
#3504 = CARTESIAN_POINT ( 'NONE',  ( 62.90000000000001279, -149.5699994899999865, 31.50000000000000000 ) ) ;
#3505 = AXIS2_PLACEMENT_3D ( 'NONE', #3757, #3430, #1518 ) ;
#3506 = EDGE_LOOP ( 'NONE', ( #2802, #3248, #1442, #1664 ) ) ;
#3507 = EDGE_CURVE ( 'NONE', #1839, #3176, #3920, .T. ) ;
#3508 = ORIENTED_EDGE ( 'NONE', *, *, #3988, .T. ) ;
#3509 = VERTEX_POINT ( 'NONE', #3118 ) ;
#3510 = FACE_OUTER_BOUND ( 'NONE', #1321, .T. ) ;
#3511 = FACE_OUTER_BOUND ( 'NONE', #2263, .T. ) ;
#3512 = ORIENTED_EDGE ( 'NONE', *, *, #1778, .T. ) ;
#3513 = CARTESIAN_POINT ( 'NONE',  ( 122.6000000000000085, -140.1369651163407468, 33.50000000000000000 ) ) ;
#3514 = CARTESIAN_POINT ( 'NONE',  ( 118.6000000000000085, -147.5699994899999865, 31.50000000000000000 ) ) ;
#3515 = CARTESIAN_POINT ( 'NONE',  ( 122.6000000000000085, -143.0304958780635900, 33.50000000000000000 ) ) ;
#3516 = DIRECTION ( 'NONE',  ( -0.000000000000000000, -1.095474339541231642E-16, 1.000000000000000000 ) ) ;
#3517 = CARTESIAN_POINT ( 'NONE',  ( 122.6000000000000085, -149.5699994899999581, 31.50000000000000000 ) ) ;
#3518 = ORIENTED_EDGE ( 'NONE', *, *, #2458, .T. ) ;
#3519 = AXIS2_PLACEMENT_3D ( 'NONE', #1998, #3841, #2936 ) ;
#3520 = ORIENTED_EDGE ( 'NONE', *, *, #3551, .T. ) ;
#3521 =( NAMED_UNIT ( * ) SI_UNIT ( $, .STERADIAN. ) SOLID_ANGLE_UNIT ( ) );
#3522 = CARTESIAN_POINT ( 'NONE',  ( 82.89999986499999807, -153.3699994899999979, 27.11000001000000381 ) ) ;
#3523 = CARTESIAN_POINT ( 'NONE',  ( 124.6000000000000227, -149.5699994899999865, 31.50000000000000000 ) ) ;
#3524 = DIRECTION ( 'NONE',  ( 0.000000000000000000, 1.000000000000000000, 0.000000000000000000 ) ) ;
#3525 = ADVANCED_FACE ( 'NONE', ( #2497 ), #65, .T. ) ;
#3526 = ORIENTED_EDGE ( 'NONE', *, *, #862, .F. ) ;
#3527 = AXIS2_PLACEMENT_3D ( 'NONE', #499, #2694, #3292 ) ;
#3528 = FACE_OUTER_BOUND ( 'NONE', #3078, .T. ) ;
#3529 = CARTESIAN_POINT ( 'NONE',  ( 82.89999986499999807, -148.5699994899999865, 27.11000001000000381 ) ) ;
#3530 = VERTEX_POINT ( 'NONE', #3523 ) ;
#3531 = APPLICATION_CONTEXT ( 'automotive_design' ) ;
#3532 = DIRECTION ( 'NONE',  ( -1.000000000000000000, 0.000000000000000000, 0.000000000000000000 ) ) ;
#3533 = CARTESIAN_POINT ( 'NONE',  ( 120.5999999999999943, -153.5699994899999865, 13.50000000000000178 ) ) ;
#3534 = CARTESIAN_POINT ( 'NONE',  ( 100.8999998649999981, -153.3699994899999979, 22.36000001000000381 ) ) ;
#3535 = DIRECTION ( 'NONE',  ( 0.000000000000000000, 1.000000000000000000, 0.000000000000000000 ) ) ;
#3536 = ORIENTED_EDGE ( 'NONE', *, *, #1594, .F. ) ;
#3537 = ORIENTED_EDGE ( 'NONE', *, *, #3398, .T. ) ;
#3538 = DIRECTION ( 'NONE',  ( 0.000000000000000000, -0.000000000000000000, 1.000000000000000000 ) ) ;
#3539 = FACE_OUTER_BOUND ( 'NONE', #613, .T. ) ;
#3540 = CARTESIAN_POINT ( 'NONE',  ( 105.6499998649999981, -151.2699994900000036, 13.50000000000000178 ) ) ;
#3541 = CARTESIAN_POINT ( 'NONE',  ( 72.35032790664052982, -146.3699994899999979, 26.50000000000000000 ) ) ;
#3542 = CIRCLE ( 'NONE', #1769, 2.000000000000001776 ) ;
#3543 = EDGE_LOOP ( 'NONE', ( #3295, #1308 ) ) ;
#3544 = ORIENTED_EDGE ( 'NONE', *, *, #1297, .T. ) ;
#3545 = LINE ( 'NONE', #111, #4050 ) ;
#3546 = CARTESIAN_POINT ( 'NONE',  ( 64.02822021129188101, -149.3699994899999979, 26.50000000000000000 ) ) ;
#3547 = ORIENTED_EDGE ( 'NONE', *, *, #1298, .F. ) ;
#3548 = AXIS2_PLACEMENT_3D ( 'NONE', #2544, #3490, #2851 ) ;
#3549 = EDGE_CURVE ( 'NONE', #2973, #2456, #4054, .T. ) ;
#3550 = LINE ( 'NONE', #2271, #3401 ) ;
#3551 = EDGE_CURVE ( 'NONE', #2222, #2679, #1281, .T. ) ;
#3552 = DIRECTION ( 'NONE',  ( -0.000000000000000000, 0.000000000000000000, 1.000000000000000000 ) ) ;
#3553 = DIRECTION ( 'NONE',  ( -0.000000000000000000, -0.000000000000000000, 1.000000000000000000 ) ) ;
#3554 = FILL_AREA_STYLE ('',( #97 ) ) ;
#3555 = DIRECTION ( 'NONE',  ( -1.000000000000000000, 0.000000000000000000, 0.000000000000000000 ) ) ;
#3556 = VERTEX_POINT ( 'NONE', #2766 ) ;
#3557 = EDGE_LOOP ( 'NONE', ( #1555, #271, #3580 ) ) ;
#3558 = DIRECTION ( 'NONE',  ( 0.000000000000000000, -1.000000000000000000, -0.000000000000000000 ) ) ;
#3559 = AXIS2_PLACEMENT_3D ( 'NONE', #1639, #3948, #797 ) ;
#3560 = DIRECTION ( 'NONE',  ( 0.000000000000000000, 0.000000000000000000, 1.000000000000000000 ) ) ;
#3561 = DIRECTION ( 'NONE',  ( 0.000000000000000000, -1.000000000000000000, -1.040834085586084848E-15 ) ) ;
#3562 = TOROIDAL_SURFACE ( 'NONE', #3235, 4.950000000000001954, 0.2000000000000000111 ) ;
#3563 = VERTEX_POINT ( 'NONE', #3540 ) ;
#3564 = AXIS2_PLACEMENT_3D ( 'NONE', #117, #75, #2588 ) ;
#3565 = VERTEX_POINT ( 'NONE', #3193 ) ;
#3566 = CARTESIAN_POINT ( 'NONE',  ( 119.5999999999999801, -73.58269832014262590, 14.57687709138106591 ) ) ;
#3567 = DIRECTION ( 'NONE',  ( 0.000000000000000000, 1.095474339541231642E-16, -1.000000000000000000 ) ) ;
#3568 = EDGE_LOOP ( 'NONE', ( #1625, #1045 ) ) ;
#3569 = EDGE_CURVE ( 'NONE', #3768, #1607, #915, .T. ) ;
#3570 = LINE ( 'NONE', #2565, #2018 ) ;
#3571 = CARTESIAN_POINT ( 'NONE',  ( 124.6000000000000227, -149.5699994899999865, 13.50000000000000178 ) ) ;
#3572 = CARTESIAN_POINT ( 'NONE',  ( 120.6000000000000085, -149.3699994899999979, 13.50000000000000178 ) ) ;
#3573 = DIRECTION ( 'NONE',  ( -1.000000000000000000, 0.000000000000000000, 0.000000000000000000 ) ) ;
#3574 = ORIENTED_EDGE ( 'NONE', *, *, #1033, .T. ) ;
#3575 = DIRECTION ( 'NONE',  ( 1.000000000000000000, 0.000000000000000000, 0.000000000000000000 ) ) ;
#3576 = CIRCLE ( 'NONE', #1475, 2.000000000000001776 ) ;
#3577 = DIRECTION ( 'NONE',  ( 0.000000000000000000, 1.095474339541231642E-16, -1.000000000000000000 ) ) ;
#3578 = CARTESIAN_POINT ( 'NONE',  ( 105.6499998649999981, -153.3699994899999979, 13.50000000000000178 ) ) ;
#3579 = DIRECTION ( 'NONE',  ( -0.000000000000000000, -0.000000000000000000, -1.000000000000000000 ) ) ;
#3580 = ORIENTED_EDGE ( 'NONE', *, *, #2519, .F. ) ;
#3581 = ORIENTED_EDGE ( 'NONE', *, *, #805, .F. ) ;
#3582 = VECTOR ( 'NONE', #3699, 1000.000000000000000 ) ;
#3583 = CIRCLE ( 'NONE', #763, 0.2000000000000057288 ) ;
#3584 = ORIENTED_EDGE ( 'NONE', *, *, #2239, .T. ) ;
#3585 = AXIS2_PLACEMENT_3D ( 'NONE', #3014, #2373, #789 ) ;
#3586 = ORIENTED_EDGE ( 'NONE', *, *, #3595, .T. ) ;
#3587 = EDGE_CURVE ( 'NONE', #3, #628, #1956, .T. ) ;
#3588 = VECTOR ( 'NONE', #1006, 1000.000000000000000 ) ;
#3589 = CYLINDRICAL_SURFACE ( 'NONE', #1218, 2.000000000000001776 ) ;
#3590 = CARTESIAN_POINT ( 'NONE',  ( 73.80269832014261056, -60.67999999999999972, 17.57687709138106769 ) ) ;
#3591 = VERTEX_POINT ( 'NONE', #2807 ) ;
#3592 = CARTESIAN_POINT ( 'NONE',  ( 66.90000000000001990, -147.5699994899999865, 26.50000000000000000 ) ) ;
#3593 = CARTESIAN_POINT ( 'NONE',  ( 118.0999999999999801, -65.18000000000000682, 14.57687709138106769 ) ) ;
#3594 = DIRECTION ( 'NONE',  ( 1.000000000000000000, 0.000000000000000000, 0.000000000000000000 ) ) ;
#3595 = EDGE_CURVE ( 'NONE', #1095, #2700, #3583, .T. ) ;
#3596 =( NAMED_UNIT ( * ) PLANE_ANGLE_UNIT ( ) SI_UNIT ( $, .RADIAN. ) );
#3597 = DIRECTION ( 'NONE',  ( 0.000000000000000000, 0.000000000000000000, 1.000000000000000000 ) ) ;
#3598 = DIRECTION ( 'NONE',  ( -0.000000000000000000, -0.000000000000000000, 1.000000000000000000 ) ) ;
#3599 = VECTOR ( 'NONE', #3993, 1000.000000000000000 ) ;
#3600 = CARTESIAN_POINT ( 'NONE',  ( 62.89999999999999858, -60.67999999999999972, 13.50000000000000178 ) ) ;
#3601 = LINE ( 'NONE', #2323, #3987 ) ;
#3602 = ORIENTED_EDGE ( 'NONE', *, *, #2504, .T. ) ;
#3603 = ORIENTED_EDGE ( 'NONE', *, *, #908, .F. ) ;
#3604 = CIRCLE ( 'NONE', #1828, 2.000000000000001776 ) ;
#3605 = EDGE_CURVE ( 'NONE', #2781, #2325, #2132, .T. ) ;
#3606 = TOROIDAL_SURFACE ( 'NONE', #2022, 18.00000000000000355, 2.000000000000000000 ) ;
#3607 = AXIS2_PLACEMENT_3D ( 'NONE', #824, #1435, #3909 ) ;
#3608 = EDGE_CURVE ( 'NONE', #2912, #1652, #3652, .T. ) ;
#3609 = ORIENTED_EDGE ( 'NONE', *, *, #1610, .T. ) ;
#3610 = ORIENTED_EDGE ( 'NONE', *, *, #3648, .T. ) ;
#3611 = DIRECTION ( 'NONE',  ( 1.000000000000000000, 0.000000000000000000, 0.000000000000000000 ) ) ;
#3612 = DIRECTION ( 'NONE',  ( -0.000000000000000000, 0.000000000000000000, 1.000000000000000000 ) ) ;
#3613 = ORIENTED_EDGE ( 'NONE', *, *, #791, .F. ) ;
#3614 = EDGE_CURVE ( 'NONE', #1742, #2173, #3839, .T. ) ;
#3615 = ADVANCED_FACE ( 'NONE', ( #2633 ), #2035, .T. ) ;
#3616 = DIRECTION ( 'NONE',  ( 0.000000000000000000, 0.000000000000000000, 1.000000000000000000 ) ) ;
#3617 = DIRECTION ( 'NONE',  ( -0.000000000000000000, -0.000000000000000000, 1.000000000000000000 ) ) ;
#3618 = CARTESIAN_POINT ( 'NONE',  ( 115.2249999999999801, -65.18000000000000682, 17.57687709138107479 ) ) ;
#3619 = CARTESIAN_POINT ( 'NONE',  ( 75.44999986500000944, -151.6699994900000092, 30.00000000000000355 ) ) ;
#3620 = LINE ( 'NONE', #3682, #4019 ) ;
#3621 = EDGE_CURVE ( 'NONE', #3297, #2516, #416, .T. ) ;
#3622 = DIRECTION ( 'NONE',  ( 1.000000000000000000, 0.000000000000000000, 0.000000000000000000 ) ) ;
#3623 = LINE ( 'NONE', #2054, #296 ) ;
#3624 = CARTESIAN_POINT ( 'NONE',  ( 100.8999998649999981, -152.7699994900000036, 27.31000001000000665 ) ) ;
#3625 = ORIENTED_EDGE ( 'NONE', *, *, #1081, .T. ) ;
#3626 = AXIS2_PLACEMENT_3D ( 'NONE', #3643, #2413, #3665 ) ;
#3627 = VERTEX_POINT ( 'NONE', #3313 ) ;
#3628 = EDGE_CURVE ( 'NONE', #1874, #1357, #788, .T. ) ;
#3629 = VERTEX_POINT ( 'NONE', #744 ) ;
#3630 = ORIENTED_EDGE ( 'NONE', *, *, #2847, .T. ) ;
#3631 = CIRCLE ( 'NONE', #2910, 21.99999999999999289 ) ;
#3632 = AXIS2_PLACEMENT_3D ( 'NONE', #679, #2567, #2943 ) ;
#3633 = CARTESIAN_POINT ( 'NONE',  ( 82.89999986499999807, -151.2699994900000036, 27.11000001000000381 ) ) ;
#3634 = DIRECTION ( 'NONE',  ( 0.000000000000000000, -0.000000000000000000, 1.000000000000000000 ) ) ;
#3635 = ORIENTED_EDGE ( 'NONE', *, *, #988, .F. ) ;
#3636 = CARTESIAN_POINT ( 'NONE',  ( 64.90000000000001990, -147.5699994899999865, 26.50000000000000000 ) ) ;
#3637 = FACE_OUTER_BOUND ( 'NONE', #1263, .T. ) ;
#3638 = CARTESIAN_POINT ( 'NONE',  ( 118.0999999999999801, -65.18000000000000682, 19.57687709138107124 ) ) ;
#3639 = DIRECTION ( 'NONE',  ( 3.194334880715847085E-16, -1.000000000000000000, 0.000000000000000000 ) ) ;
#3640 = DIRECTION ( 'NONE',  ( -1.000000000000000000, 0.000000000000000000, 0.000000000000000000 ) ) ;
#3641 = DIRECTION ( 'NONE',  ( -0.000000000000000000, -0.000000000000000000, 1.000000000000000000 ) ) ;
#3642 = CARTESIAN_POINT ( 'NONE',  ( 108.5499998649999895, -149.3699994899999979, 13.50000000000000178 ) ) ;
#3643 = CARTESIAN_POINT ( 'NONE',  ( 62.90000000000001279, -151.5699994899999865, 31.50000000000000000 ) ) ;
#3644 = VERTEX_POINT ( 'NONE', #3642 ) ;
#3645 = ORIENTED_EDGE ( 'NONE', *, *, #748, .T. ) ;
#3646 = CIRCLE ( 'NONE', #1476, 4.000000000000003553 ) ;
#3647 = EDGE_CURVE ( 'NONE', #2258, #1215, #3957, .T. ) ;
#3648 = EDGE_CURVE ( 'NONE', #829, #1678, #3259, .T. ) ;
#3649 = ORIENTED_EDGE ( 'NONE', *, *, #645, .F. ) ;
#3650 = VECTOR ( 'NONE', #2893, 1000.000000000000000 ) ;
#3651 = ORIENTED_EDGE ( 'NONE', *, *, #1995, .T. ) ;
#3652 = CIRCLE ( 'NONE', #2932, 18.00000000000001421 ) ;
#3653 = VECTOR ( 'NONE', #3821, 1000.000000000000000 ) ;
#3654 = LINE ( 'NONE', #3633, #1156 ) ;
#3655 = CYLINDRICAL_SURFACE ( 'NONE', #1248, 0.2000000000000057288 ) ;
#3656 = ORIENTED_EDGE ( 'NONE', *, *, #4034, .F. ) ;
#3657 = AXIS2_PLACEMENT_3D ( 'NONE', #1892, #943, #2236 ) ;
#3658 = DIRECTION ( 'NONE',  ( -1.000000000000000000, 0.000000000000000000, 0.000000000000000000 ) ) ;
#3659 = DIRECTION ( 'NONE',  ( 1.000000000000000000, 3.194334880715847085E-16, -0.000000000000000000 ) ) ;
#3660 = CARTESIAN_POINT ( 'NONE',  ( 78.14999986499999807, -153.3699994899999979, 13.50000000000000178 ) ) ;
#3661 = DIRECTION ( 'NONE',  ( 1.000000000000000000, 0.000000000000000000, -0.000000000000000000 ) ) ;
#3662 = DIRECTION ( 'NONE',  ( 0.000000000000000000, 0.000000000000000000, 1.000000000000000000 ) ) ;
#3663 = DIRECTION ( 'NONE',  ( 0.000000000000000000, 0.000000000000000000, 1.000000000000000000 ) ) ;
#3664 = DIRECTION ( 'NONE',  ( 0.000000000000000000, 0.000000000000000000, 1.000000000000000000 ) ) ;
#3665 = DIRECTION ( 'NONE',  ( 0.000000000000000000, 0.000000000000000000, 1.000000000000000000 ) ) ;
#3666 = EDGE_LOOP ( 'NONE', ( #3479, #2434, #171, #1238, #1542, #1958, #1254 ) ) ;
#3667 = EDGE_CURVE ( 'NONE', #2197, #910, #2991, .T. ) ;
#3668 = EDGE_CURVE ( 'NONE', #2635, #1988, #3623, .T. ) ;
#3669 = VERTEX_POINT ( 'NONE', #808 ) ;
#3670 = ORIENTED_EDGE ( 'NONE', *, *, #3647, .F. ) ;
#3671 = VECTOR ( 'NONE', #803, 1000.000000000000000 ) ;
#3673 = EDGE_CURVE ( 'NONE', #277, #3297, #1733, .T. ) ;
#3672 = CARTESIAN_POINT ( 'NONE',  ( 120.5999999999999943, -153.5699994899999865, 33.50000000000000000 ) ) ;
#3674 = DIRECTION ( 'NONE',  ( 0.000000000000000000, 0.000000000000000000, 1.000000000000000000 ) ) ;
#3675 = ORIENTED_EDGE ( 'NONE', *, *, #3569, .F. ) ;
#3676 = CARTESIAN_POINT ( 'NONE',  ( 62.90000000000001279, -149.5699994899999865, 33.50000000000000000 ) ) ;
#3677 = EDGE_CURVE ( 'NONE', #1617, #3485, #3601, .T. ) ;
#3678 = DIRECTION ( 'NONE',  ( 1.000000000000000000, 0.000000000000000000, 0.000000000000000000 ) ) ;
#3679 = DIRECTION ( 'NONE',  ( 1.000000000000000000, 0.000000000000000000, 0.000000000000000000 ) ) ;
#3680 = CARTESIAN_POINT ( 'NONE',  ( 69.38850051266712171, -146.8470513617169786, 26.50000000000000000 ) ) ;
#3681 = EDGE_CURVE ( 'NONE', #2696, #359, #1023, .T. ) ;
#3682 = CARTESIAN_POINT ( 'NONE',  ( 118.0999999999999801, -70.71553390593274457, 14.57687709138106769 ) ) ;
#3683 = EDGE_CURVE ( 'NONE', #2173, #1046, #569, .T. ) ;
#3684 = CARTESIAN_POINT ( 'NONE',  ( 118.6000000000000085, -147.5699994899999865, 26.50000000000000000 ) ) ;
#3685 = CARTESIAN_POINT ( 'NONE',  ( 120.5999999999999801, -58.67999999999999261, 13.50000000000000178 ) ) ;
#3686 = DIRECTION ( 'NONE',  ( 0.000000000000000000, 1.000000000000000000, 0.000000000000000000 ) ) ;
#3687 = ORIENTED_EDGE ( 'NONE', *, *, #3009, .T. ) ;
#3688 = AXIS2_PLACEMENT_3D ( 'NONE', #3411, #4033, #12 ) ;
#3689 = ORIENTED_EDGE ( 'NONE', *, *, #1690, .F. ) ;
#3690 = ORIENTED_EDGE ( 'NONE', *, *, #2526, .F. ) ;
#3691 = ORIENTED_EDGE ( 'NONE', *, *, #1274, .F. ) ;
#3692 = CARTESIAN_POINT ( 'NONE',  ( 123.1000000000000085, -149.3699994899999979, 26.50000000000000000 ) ) ;
#3693 = DIRECTION ( 'NONE',  ( 3.194334880715847085E-16, -1.000000000000000000, 0.000000000000000000 ) ) ;
#3694 = ORIENTED_EDGE ( 'NONE', *, *, #688, .F. ) ;
#3695 = VECTOR ( 'NONE', #999, 1000.000000000000000 ) ;
#3696 = AXIS2_PLACEMENT_3D ( 'NONE', #392, #2905, #415 ) ;
#3697 = LINE ( 'NONE', #3384, #1633 ) ;
#3698 = CIRCLE ( 'NONE', #1593, 21.99999999999999289 ) ;
#3699 = DIRECTION ( 'NONE',  ( -1.000000000000000000, 0.000000000000000000, 0.000000000000000000 ) ) ;
#3700 = DIRECTION ( 'NONE',  ( 1.000000000000000000, 0.000000000000000000, 0.000000000000000000 ) ) ;
#3701 = PLANE ( 'NONE',  #4004 ) ;
#3702 = EDGE_CURVE ( 'NONE', #868, #2996, #1879, .T. ) ;
#3703 = FACE_OUTER_BOUND ( 'NONE', #530, .T. ) ;
#3704 = CARTESIAN_POINT ( 'NONE',  ( 100.8999998649999981, -151.4699994900000206, 22.36000001000000381 ) ) ;
#3705 = CARTESIAN_POINT ( 'NONE',  ( 67.40000000000000568, -65.18000000000000682, 17.57687709138107479 ) ) ;
#3706 = CARTESIAN_POINT ( 'NONE',  ( 73.80269832014261056, -63.67999999999999972, 14.57687709138106769 ) ) ;
#3707 = EDGE_LOOP ( 'NONE', ( #2495, #794, #987, #3420 ) ) ;
#3708 = ORIENTED_EDGE ( 'NONE', *, *, #1615, .F. ) ;
#3709 = ORIENTED_EDGE ( 'NONE', *, *, #1966, .T. ) ;
#3710 = EDGE_LOOP ( 'NONE', ( #1099, #3077, #2861, #2282 ) ) ;
#3711 = CARTESIAN_POINT ( 'NONE',  ( 82.89999986499999807, -152.7699994900000036, 27.31000001000000310 ) ) ;
#3712 = DIRECTION ( 'NONE',  ( 0.000000000000000000, 0.000000000000000000, -1.000000000000000000 ) ) ;
#3713 = ORIENTED_EDGE ( 'NONE', *, *, #1431, .F. ) ;
#3714 = EDGE_CURVE ( 'NONE', #950, #3, #1088, .T. ) ;
#3715 = DIRECTION ( 'NONE',  ( 0.000000000000000000, 0.000000000000000000, 1.000000000000000000 ) ) ;
#3716 = CARTESIAN_POINT ( 'NONE',  ( 119.5999999999999801, -73.58269832014262590, 14.57687709138106591 ) ) ;
#3717 = CIRCLE ( 'NONE', #1943, 2.000000000000001776 ) ;
#3718 =( GEOMETRIC_REPRESENTATION_CONTEXT ( 3 ) GLOBAL_UNCERTAINTY_ASSIGNED_CONTEXT ( ( #3348 ) ) GLOBAL_UNIT_ASSIGNED_CONTEXT ( ( #1067, #3596, #165 ) ) REPRESENTATION_CONTEXT ( 'NONE', 'WORKASPACE' ) );
#3719 = LINE ( 'NONE', #2147, #134 ) ;
#3720 = DIRECTION ( 'NONE',  ( 0.000000000000000000, -1.000000000000000000, 0.000000000000000000 ) ) ;
#3721 = CARTESIAN_POINT ( 'NONE',  ( 118.0999999999999801, -65.18000000000000682, 14.57687709138106769 ) ) ;
#3722 = CARTESIAN_POINT ( 'NONE',  ( 58.89999999999999147, -58.67999999999996419, 19.57687709138106413 ) ) ;
#3723 = ORIENTED_EDGE ( 'NONE', *, *, #645, .T. ) ;
#3724 = ORIENTED_EDGE ( 'NONE', *, *, #748, .F. ) ;
#3725 = DIRECTION ( 'NONE',  ( -1.000000000000000000, 0.000000000000000000, 0.000000000000000000 ) ) ;
#3726 = ORIENTED_EDGE ( 'NONE', *, *, #2308, .F. ) ;
#3727 = EDGE_CURVE ( 'NONE', #1839, #793, #1050, .T. ) ;
#3728 = ORIENTED_EDGE ( 'NONE', *, *, #3587, .F. ) ;
#3729 = EDGE_CURVE ( 'NONE', #950, #1343, #827, .T. ) ;
#3730 = CARTESIAN_POINT ( 'NONE',  ( 60.89999999999999858, -62.67999999999999972, 33.50000000000000000 ) ) ;
#3731 = CARTESIAN_POINT ( 'NONE',  ( 119.4717797887081474, -149.3699994899999979, 26.50000000000000000 ) ) ;
#3732 = VERTEX_POINT ( 'NONE', #1710 ) ;
#3733 = VECTOR ( 'NONE', #3775, 1000.000000000000000 ) ;
#3734 = EDGE_CURVE ( 'NONE', #1357, #3591, #2301, .T. ) ;
#3735 = EDGE_CURVE ( 'NONE', #2560, #946, #3388, .T. ) ;
#3736 = PLANE ( 'NONE',  #690 ) ;
#3737 = DIRECTION ( 'NONE',  ( -3.194334880715847085E-16, 1.000000000000000000, 1.095474339541231642E-16 ) ) ;
#3738 = AXIS2_PLACEMENT_3D ( 'NONE', #2689, #3328, #842 ) ;
#3739 = CARTESIAN_POINT ( 'NONE',  ( 62.89999999999999858, -62.67999999999999972, 33.50000000000000000 ) ) ;
#3740 = CARTESIAN_POINT ( 'NONE',  ( 65.40000000000000568, -65.18000000000000682, 14.57687709138107479 ) ) ;
#3741 = CARTESIAN_POINT ( 'NONE',  ( 118.0999999999999801, -65.18000000000000682, 17.57687709138106769 ) ) ;
#3742 = CARTESIAN_POINT ( 'NONE',  ( 108.1499998649999839, -151.4699994900000206, 13.50000000000000178 ) ) ;
#3743 = DIRECTION ( 'NONE',  ( -0.000000000000000000, -0.000000000000000000, -1.000000000000000000 ) ) ;
#3744 = VERTEX_POINT ( 'NONE', #3913 ) ;
#3745 = ORIENTED_EDGE ( 'NONE', *, *, #1257, .T. ) ;
#3746 = CARTESIAN_POINT ( 'NONE',  ( 75.44999986500000944, -149.5699994899999865, 30.00000000000000355 ) ) ;
#3747 = ADVANCED_FACE ( 'NONE', ( #1670 ), #2475, .T. ) ;
#3748 = ORIENTED_EDGE ( 'NONE', *, *, #281, .T. ) ;
#3749 = EDGE_LOOP ( 'NONE', ( #2230, #927, #3303, #2221 ) ) ;
#3750 = DIRECTION ( 'NONE',  ( -1.000000000000000000, 0.000000000000000000, 0.000000000000000000 ) ) ;
#3751 = CARTESIAN_POINT ( 'NONE',  ( 100.8999998649999981, -151.0699994899999865, 22.36000001000000381 ) ) ;
#3752 = ORIENTED_EDGE ( 'NONE', *, *, #3378, .T. ) ;
#3753 = AXIS2_PLACEMENT_3D ( 'NONE', #1098, #1059, #3969 ) ;
#3754 = CARTESIAN_POINT ( 'NONE',  ( 62.90000000000001279, -149.3699994899999979, 26.50000000000000000 ) ) ;
#3755 = CARTESIAN_POINT ( 'NONE',  ( 124.6000000000000227, -143.0304958780635900, 13.50000000000000178 ) ) ;
#3756 = ORIENTED_EDGE ( 'NONE', *, *, #457, .T. ) ;
#3757 = CARTESIAN_POINT ( 'NONE',  ( 82.89999986499999807, -151.0699994899999865, 22.36000001000000381 ) ) ;
#3758 = AXIS2_PLACEMENT_3D ( 'NONE', #3740, #3807, #643 ) ;
#3759 = AXIS2_PLACEMENT_3D ( 'NONE', #3534, #1930, #1643 ) ;
#3760 = CARTESIAN_POINT ( 'NONE',  ( 65.40000000000000568, -65.18000000000000682, 17.57687709138107479 ) ) ;
#3761 = FACE_OUTER_BOUND ( 'NONE', #78, .T. ) ;
#3762 = CARTESIAN_POINT ( 'NONE',  ( 124.6000000000000227, -149.5699994899999865, 17.57687709138105703 ) ) ;
#3763 = CYLINDRICAL_SURFACE ( 'NONE', #2168, 0.1999999999999987899 ) ;
#3764 = ORIENTED_EDGE ( 'NONE', *, *, #2827, .F. ) ;
#3765 = ORIENTED_EDGE ( 'NONE', *, *, #805, .T. ) ;
#3766 = CARTESIAN_POINT ( 'NONE',  ( 77.94999986499999522, -153.3699994899999979, 13.50000000000000178 ) ) ;
#3767 = ORIENTED_EDGE ( 'NONE', *, *, #1778, .F. ) ;
#3768 = VERTEX_POINT ( 'NONE', #3578 ) ;
#3769 = EDGE_CURVE ( 'NONE', #2502, #330, #1793, .T. ) ;
#3770 = DIRECTION ( 'NONE',  ( 1.000000000000000000, 0.000000000000000000, 0.000000000000000000 ) ) ;
#3771 = ORIENTED_EDGE ( 'NONE', *, *, #2577, .T. ) ;
#3772 = VECTOR ( 'NONE', #1975, 1000.000000000000000 ) ;
#3773 = VECTOR ( 'NONE', #1235, 1000.000000000000000 ) ;
#3774 = DIRECTION ( 'NONE',  ( 3.194334880715847085E-16, -1.000000000000000000, 0.000000000000000000 ) ) ;
#3775 = DIRECTION ( 'NONE',  ( 0.000000000000000000, -0.000000000000000000, 1.000000000000000000 ) ) ;
#3776 = ORIENTED_EDGE ( 'NONE', *, *, #3793, .T. ) ;
#3777 = EDGE_CURVE ( 'NONE', #1899, #1010, #2450, .T. ) ;
#3778 = CARTESIAN_POINT ( 'NONE',  ( 62.90000000000001279, -147.3699994899999979, 26.50000000000000000 ) ) ;
#3779 = CIRCLE ( 'NONE', #1997, 3.000000000000002665 ) ;
#3780 = EDGE_CURVE ( 'NONE', #560, #1114, #2666, .T. ) ;
#3781 = CARTESIAN_POINT ( 'NONE',  ( 60.90000000000001279, -143.0304958780635900, 33.50000000000000000 ) ) ;
#3782 = DIRECTION ( 'NONE',  ( -0.000000000000000000, -0.000000000000000000, -1.000000000000000000 ) ) ;
#3783 = VECTOR ( 'NONE', #2138, 1000.000000000000000 ) ;
#3784 = CARTESIAN_POINT ( 'NONE',  ( 100.8999998649999981, -151.0699994899999865, 27.11000001000000381 ) ) ;
#3785 = DIRECTION ( 'NONE',  ( -0.000000000000000000, -1.095474339541231642E-16, 1.000000000000000000 ) ) ;
#3786 = VERTEX_POINT ( 'NONE', #4016 ) ;
#3787 = AXIS2_PLACEMENT_3D ( 'NONE', #2418, #2078, #2744 ) ;
#3788 = VECTOR ( 'NONE', #1361, 1000.000000000000000 ) ;
#3789 = ORIENTED_EDGE ( 'NONE', *, *, #143, .T. ) ;
#3790 = FACE_OUTER_BOUND ( 'NONE', #2930, .T. ) ;
#3791 = VECTOR ( 'NONE', #1851, 1000.000000000000000 ) ;
#3792 = MECHANICAL_DESIGN_GEOMETRIC_PRESENTATION_REPRESENTATION (  '', ( #1882 ), #641 ) ;
#3793 = EDGE_CURVE ( 'NONE', #947, #1343, #505, .T. ) ;
#3794 = EDGE_CURVE ( 'NONE', #1566, #25, #699, .T. ) ;
#3795 = VERTEX_POINT ( 'NONE', #3705 ) ;
#3796 = EDGE_CURVE ( 'NONE', #3207, #664, #3717, .T. ) ;
#3797 = EDGE_LOOP ( 'NONE', ( #3501, #214, #1795, #670 ) ) ;
#3798 = AXIS2_PLACEMENT_3D ( 'NONE', #1965, #3223, #1062 ) ;
#3799 = EDGE_CURVE ( 'NONE', #3732, #356, #3351, .T. ) ;
#3800 = EDGE_CURVE ( 'NONE', #3262, #2111, #3858, .T. ) ;
#3801 = DIRECTION ( 'NONE',  ( -1.000000000000000000, 0.000000000000000000, -0.000000000000000000 ) ) ;
#3802 = LINE ( 'NONE', #3221, #1434 ) ;
#3803 = ORIENTED_EDGE ( 'NONE', *, *, #2827, .T. ) ;
#3804 = DIRECTION ( 'NONE',  ( -1.000000000000000000, -0.000000000000000000, -0.000000000000000000 ) ) ;
#3805 = AXIS2_PLACEMENT_3D ( 'NONE', #219, #2401, #531 ) ;
#3806 = CIRCLE ( 'NONE', #3607, 3.000000000000002665 ) ;
#3807 = DIRECTION ( 'NONE',  ( -0.000000000000000000, -0.000000000000000000, 1.000000000000000000 ) ) ;
#3808 = DIRECTION ( 'NONE',  ( -0.000000000000000000, -0.000000000000000000, 1.000000000000000000 ) ) ;
#3809 = EDGE_CURVE ( 'NONE', #2111, #503, #1155, .T. ) ;
#3810 = DIRECTION ( 'NONE',  ( 0.000000000000000000, -1.000000000000000000, 0.000000000000000000 ) ) ;
#3811 = DIRECTION ( 'NONE',  ( 1.000000000000000000, 0.000000000000000000, 0.000000000000000000 ) ) ;
#3812 = EDGE_LOOP ( 'NONE', ( #2864, #252, #1514, #1336, #3375, #3318, #2224, #3216 ) ) ;
#3813 = ORIENTED_EDGE ( 'NONE', *, *, #3447, .T. ) ;
#3814 = ORIENTED_EDGE ( 'NONE', *, *, #2201, .F. ) ;
#3815 = AXIS2_PLACEMENT_3D ( 'NONE', #2755, #3048, #1413 ) ;
#3816 = CARTESIAN_POINT ( 'NONE',  ( 73.80269832014261056, -63.67999999999999972, 17.57687709138106769 ) ) ;
#3817 = ORIENTED_EDGE ( 'NONE', *, *, #1184, .F. ) ;
#3818 = ORIENTED_EDGE ( 'NONE', *, *, #1637, .T. ) ;
#3819 = ORIENTED_EDGE ( 'NONE', *, *, #2082, .T. ) ;
#3820 = ADVANCED_FACE ( 'NONE', ( #3393 ), #1679, .T. ) ;
#3821 = DIRECTION ( 'NONE',  ( -0.000000000000000000, -0.000000000000000000, 1.000000000000000000 ) ) ;
#3822 = CARTESIAN_POINT ( 'NONE',  ( 82.89999986499999807, -153.3699994899999979, 22.36000001000000381 ) ) ;
#3823 = ORIENTED_EDGE ( 'NONE', *, *, #1815, .F. ) ;
#3824 = CIRCLE ( 'NONE', #669, 0.2000000000000057288 ) ;
#3825 = CARTESIAN_POINT ( 'NONE',  ( 82.89999986499999807, -152.9699994900000206, 22.36000001000000381 ) ) ;
#3826 = AXIS2_PLACEMENT_3D ( 'NONE', #3741, #34, #1311 ) ;
#3827 = CARTESIAN_POINT ( 'NONE',  ( 77.94999986499999522, -151.2699994900000036, 13.50000000000000178 ) ) ;
#3828 = CARTESIAN_POINT ( 'NONE',  ( 108.5499998649999895, -149.5699994899999865, 13.50000000000000178 ) ) ;
#3829 = ADVANCED_FACE ( 'NONE', ( #2738 ), #581, .F. ) ;
#3830 = DIRECTION ( 'NONE',  ( -0.000000000000000000, -1.095474339541231642E-16, 1.000000000000000000 ) ) ;
#3831 = DIRECTION ( 'NONE',  ( -0.000000000000000000, 1.000000000000000000, 0.000000000000000000 ) ) ;
#3832 = ORIENTED_EDGE ( 'NONE', *, *, #2339, .T. ) ;
#3833 = EDGE_CURVE ( 'NONE', #650, #2849, #772, .T. ) ;
#3834 = VERTEX_POINT ( 'NONE', #601 ) ;
#3835 = AXIS2_PLACEMENT_3D ( 'NONE', #3127, #4057, #1229 ) ;
#3836 = CARTESIAN_POINT ( 'NONE',  ( 75.44999986500000944, -150.6699994899999808, 30.00000000000000355 ) ) ;
#3837 = LINE ( 'NONE', #1012, #1199 ) ;
#3838 = VECTOR ( 'NONE', #3242, 1000.000000000000000 ) ;
#3839 = LINE ( 'NONE', #3711, #3783 ) ;
#3840 = EDGE_LOOP ( 'NONE', ( #1782, #428, #3155, #1894 ) ) ;
#3841 = DIRECTION ( 'NONE',  ( 0.000000000000000000, 1.095474339541231642E-16, -1.000000000000000000 ) ) ;
#3842 = DIRECTION ( 'NONE',  ( -1.000000000000000000, 0.000000000000000000, 0.000000000000000000 ) ) ;
#3843 = ORIENTED_EDGE ( 'NONE', *, *, #874, .F. ) ;
#3844 = CARTESIAN_POINT ( 'NONE',  ( 77.94999986499999522, -152.7699994900000036, 13.50000000000000178 ) ) ;
#3845 = DIRECTION ( 'NONE',  ( 0.000000000000000000, 1.000000000000000000, 0.000000000000000000 ) ) ;
#3846 = DIRECTION ( 'NONE',  ( -1.000000000000000000, 0.000000000000000000, 0.000000000000000000 ) ) ;
#3847 = DIRECTION ( 'NONE',  ( -1.000000000000000000, 0.000000000000000000, 0.000000000000000000 ) ) ;
#3848 = PLANE ( 'NONE',  #455 ) ;
#3849 = ORIENTED_EDGE ( 'NONE', *, *, #1057, .T. ) ;
#3850 = AXIS2_PLACEMENT_3D ( 'NONE', #1765, #494, #821 ) ;
#3851 = ORIENTED_EDGE ( 'NONE', *, *, #318, .F. ) ;
#3852 = DIRECTION ( 'NONE',  ( -1.000000000000000000, 0.000000000000000000, 0.000000000000000000 ) ) ;
#3853 = AXIS2_PLACEMENT_3D ( 'NONE', #1740, #1492, #2116 ) ;
#3854 = FACE_OUTER_BOUND ( 'NONE', #712, .T. ) ;
#3855 = DIRECTION ( 'NONE',  ( -0.000000000000000000, -0.000000000000000000, -1.000000000000000000 ) ) ;
#3856 = DIRECTION ( 'NONE',  ( 1.000000000000000000, 3.194334880715847085E-16, -0.000000000000000000 ) ) ;
#3857 = ORIENTED_EDGE ( 'NONE', *, *, #2210, .T. ) ;
#3858 = CIRCLE ( 'NONE', #831, 4.750000000000000888 ) ;
#3859 = EDGE_CURVE ( 'NONE', #951, #2514, #1213, .T. ) ;
#3860 = ADVANCED_FACE ( 'NONE', ( #1521 ), #2779, .T. ) ;
#3861 = EDGE_CURVE ( 'NONE', #2983, #3669, #2798, .T. ) ;
#3862 = DIRECTION ( 'NONE',  ( -0.000000000000000000, -0.000000000000000000, 1.000000000000000000 ) ) ;
#3863 = ORIENTED_EDGE ( 'NONE', *, *, #1298, .T. ) ;
#3864 = DIRECTION ( 'NONE',  ( 0.000000000000000000, 0.000000000000000000, -1.000000000000000000 ) ) ;
#3865 = DIRECTION ( 'NONE',  ( -0.000000000000000000, -1.095474339541231642E-16, 1.000000000000000000 ) ) ;
#3866 = DIRECTION ( 'NONE',  ( 0.000000000000000000, 0.000000000000000000, -1.000000000000000000 ) ) ;
#3867 = LINE ( 'NONE', #1334, #3162 ) ;
#3868 = VERTEX_POINT ( 'NONE', #2487 ) ;
#3869 = ORIENTED_EDGE ( 'NONE', *, *, #3130, .T. ) ;
#3870 = VECTOR ( 'NONE', #859, 1000.000000000000000 ) ;
#3871 = PLANE ( 'NONE',  #754 ) ;
#3872 = CARTESIAN_POINT ( 'NONE',  ( 64.42720779386421270, -70.62938629089666165, 14.57687709138106769 ) ) ;
#3873 = DIRECTION ( 'NONE',  ( -1.000000000000000000, 0.000000000000000000, 0.000000000000000000 ) ) ;
#3874 = CARTESIAN_POINT ( 'NONE',  ( 122.5999999999999801, -62.67999999999999972, 17.57687709138106769 ) ) ;
#3875 = VERTEX_POINT ( 'NONE', #3742 ) ;
#3876 = EDGE_CURVE ( 'NONE', #1719, #2849, #573, .T. ) ;
#3877 = EDGE_CURVE ( 'NONE', #3509, #503, #3978, .T. ) ;
#3878 = DIRECTION ( 'NONE',  ( 0.000000000000000000, 1.000000000000000000, 0.000000000000000000 ) ) ;
#3879 = LINE ( 'NONE', #491, #2976 ) ;
#3880 = ORIENTED_EDGE ( 'NONE', *, *, #1798, .F. ) ;
#3881 = AXIS2_PLACEMENT_3D ( 'NONE', #2813, #2484, #1868 ) ;
#3882 = VECTOR ( 'NONE', #1822, 1000.000000000000000 ) ;
#3883 = CYLINDRICAL_SURFACE ( 'NONE', #3798, 2.000000000000001776 ) ;
#3884 = CIRCLE ( 'NONE', #861, 19.99999999999998934 ) ;
#3885 = DIRECTION ( 'NONE',  ( -0.000000000000000000, 1.000000000000000000, 0.000000000000000000 ) ) ;
#3886 = CARTESIAN_POINT ( 'NONE',  ( 105.8499998650000009, -152.7699994900000036, 22.36000001000000381 ) ) ;
#3887 =( LENGTH_UNIT ( ) NAMED_UNIT ( * ) SI_UNIT ( .MILLI., .METRE. ) );
#3888 = LINE ( 'NONE', #2237, #2903 ) ;
#3889 = ORIENTED_EDGE ( 'NONE', *, *, #3673, .F. ) ;
#3890 = SURFACE_STYLE_FILL_AREA ( #1708 ) ;
#3891 = EDGE_CURVE ( 'NONE', #269, #2841, #1818, .T. ) ;
#3892 = CARTESIAN_POINT ( 'NONE',  ( 58.89999999999999147, -58.67999999999996419, 17.57687709138106769 ) ) ;
#3893 = AXIS2_PLACEMENT_3D ( 'NONE', #3822, #2269, #2604 ) ;
#3894 = DIRECTION ( 'NONE',  ( 0.000000000000000000, 1.095474339541231642E-16, -1.000000000000000000 ) ) ;
#3895 = LINE ( 'NONE', #725, #3070 ) ;
#3896 = ORIENTED_EDGE ( 'NONE', *, *, #3256, .F. ) ;
#3897 = EDGE_CURVE ( 'NONE', #631, #524, #1911, .T. ) ;
#3898 = VECTOR ( 'NONE', #1558, 1000.000000000000000 ) ;
#3899 = ORIENTED_EDGE ( 'NONE', *, *, #3796, .F. ) ;
#3900 = AXIS2_PLACEMENT_3D ( 'NONE', #2546, #3108, #1228 ) ;
#3901 = ORIENTED_EDGE ( 'NONE', *, *, #549, .T. ) ;
#3902 = DIRECTION ( 'NONE',  ( 1.000000000000000000, 0.000000000000000000, 0.000000000000000000 ) ) ;
#3903 = CARTESIAN_POINT ( 'NONE',  ( 108.1499998649999839, -150.6699994899999808, 13.50000000000000178 ) ) ;
#3904 = VERTEX_POINT ( 'NONE', #3784 ) ;
#3905 = CARTESIAN_POINT ( 'NONE',  ( 75.44999986500000944, -149.5699994899999865, 13.50000000000000178 ) ) ;
#3906 = DIRECTION ( 'NONE',  ( 1.597167440357923543E-16, -1.000000000000000000, -1.095474339541231642E-16 ) ) ;
#3907 = DIRECTION ( 'NONE',  ( 0.000000000000000000, 0.000000000000000000, 1.000000000000000000 ) ) ;
#3908 = EDGE_CURVE ( 'NONE', #1933, #2612, #4075, .T. ) ;
#3909 = DIRECTION ( 'NONE',  ( 0.000000000000000000, 1.000000000000000000, 0.000000000000000000 ) ) ;
#3910 = EDGE_CURVE ( 'NONE', #1567, #1278, #326, .T. ) ;
#3911 = DIRECTION ( 'NONE',  ( 0.000000000000000000, 0.000000000000000000, -1.000000000000000000 ) ) ;
#3912 = LINE ( 'NONE', #787, #2707 ) ;
#3913 = CARTESIAN_POINT ( 'NONE',  ( 117.7282202112918839, -149.3699994899999979, 26.50000000000000000 ) ) ;
#3914 = LINE ( 'NONE', #1091, #2539 ) ;
#3915 = ORIENTED_EDGE ( 'NONE', *, *, #2793, .F. ) ;
#3916 = ORIENTED_EDGE ( 'NONE', *, *, #318, .T. ) ;
#3917 = AXIS2_PLACEMENT_3D ( 'NONE', #3158, #918, #655 ) ;
#3918 = EDGE_CURVE ( 'NONE', #2355, #2197, #646, .T. ) ;
#3919 = EDGE_CURVE ( 'NONE', #2306, #1799, #239, .T. ) ;
#3920 = CIRCLE ( 'NONE', #3003, 0.2000000000000057288 ) ;
#3921 = AXIS2_PLACEMENT_3D ( 'NONE', #2690, #408, #759 ) ;
#3922 = ORIENTED_EDGE ( 'NONE', *, *, #2183, .F. ) ;
#3923 = ORIENTED_EDGE ( 'NONE', *, *, #4040, .T. ) ;
#3924 = CARTESIAN_POINT ( 'NONE',  ( 100.8999998649999981, -152.9699994900000206, 27.11000001000000381 ) ) ;
#3925 = FACE_OUTER_BOUND ( 'NONE', #2517, .T. ) ;
#3926 = ORIENTED_EDGE ( 'NONE', *, *, #518, .T. ) ;
#3927 = DIRECTION ( 'NONE',  ( -0.000000000000000000, -0.000000000000000000, -1.000000000000000000 ) ) ;
#3928 = EDGE_CURVE ( 'NONE', #1552, #2019, #966, .T. ) ;
#3929 = DIRECTION ( 'NONE',  ( 0.000000000000000000, 1.000000000000000000, 1.095474339541231642E-16 ) ) ;
#3930 = DIRECTION ( 'NONE',  ( -0.000000000000000000, -0.000000000000000000, 1.000000000000000000 ) ) ;
#3931 = SHAPE_DEFINITION_REPRESENTATION ( #1443, #3061 ) ;
#3932 = CARTESIAN_POINT ( 'NONE',  ( 118.6000000000000085, -147.5699994899999865, 31.50000000000000000 ) ) ;
#3933 = DIRECTION ( 'NONE',  ( 0.000000000000000000, 0.000000000000000000, 1.000000000000000000 ) ) ;
#3934 = AXIS2_PLACEMENT_3D ( 'NONE', #1641, #2961, #714 ) ;
#3935 = EDGE_CURVE ( 'NONE', #1665, #3875, #3205, .T. ) ;
#3936 = DIRECTION ( 'NONE',  ( 1.597167440357923543E-16, -1.000000000000000000, 0.000000000000000000 ) ) ;
#3937 = DIRECTION ( 'NONE',  ( -0.000000000000000000, -0.000000000000000000, 1.000000000000000000 ) ) ;
#3938 = DIRECTION ( 'NONE',  ( 1.000000000000000000, -0.000000000000000000, 0.000000000000000000 ) ) ;
#3939 = ORIENTED_EDGE ( 'NONE', *, *, #2332, .T. ) ;
#3940 = ORIENTED_EDGE ( 'NONE', *, *, #1182, .F. ) ;
#3941 = AXIS2_PLACEMENT_3D ( 'NONE', #2145, #3123, #2188 ) ;
#3942 = AXIS2_PLACEMENT_3D ( 'NONE', #3636, #1430, #2081 ) ;
#3943 = AXIS2_PLACEMENT_3D ( 'NONE', #1319, #83, #2949 ) ;
#3944 = CIRCLE ( 'NONE', #914, 5.535533905932734200 ) ;
#3945 = ORIENTED_EDGE ( 'NONE', *, *, #1571, .F. ) ;
#3946 = ORIENTED_EDGE ( 'NONE', *, *, #1055, .F. ) ;
#3947 = CARTESIAN_POINT ( 'NONE',  ( 108.1499998649999839, -152.5699994899999865, 13.50000000000000178 ) ) ;
#3948 = DIRECTION ( 'NONE',  ( -1.000000000000000000, 0.000000000000000000, 0.000000000000000000 ) ) ;
#3949 = ORIENTED_EDGE ( 'NONE', *, *, #2720, .F. ) ;
#3950 = DIRECTION ( 'NONE',  ( 1.000000000000000000, 0.000000000000000000, 0.000000000000000000 ) ) ;
#3951 = DIRECTION ( 'NONE',  ( -0.000000000000000000, -0.000000000000000000, 1.000000000000000000 ) ) ;
#3952 = DIRECTION ( 'NONE',  ( 1.000000000000000000, 0.000000000000000000, 0.000000000000000000 ) ) ;
#3953 = DIRECTION ( 'NONE',  ( -3.499311893725711292E-32, 1.095474339541231642E-16, -1.000000000000000000 ) ) ;
#3954 = DIRECTION ( 'NONE',  ( 1.000000000000000000, 0.000000000000000000, 0.000000000000000000 ) ) ;
#3955 = ADVANCED_FACE ( 'NONE', ( #3497 ), #2508, .F. ) ;
#3956 = FACE_OUTER_BOUND ( 'NONE', #3114, .T. ) ;
#3957 = LINE ( 'NONE', #1133, #364 ) ;
#3958 = DIRECTION ( 'NONE',  ( 0.000000000000000000, 0.000000000000000000, -1.000000000000000000 ) ) ;
#3959 = ORIENTED_EDGE ( 'NONE', *, *, #2363, .F. ) ;
#3960 = VECTOR ( 'NONE', #2695, 1000.000000000000000 ) ;
#3961 = ORIENTED_EDGE ( 'NONE', *, *, #1047, .T. ) ;
#3962 = AXIS2_PLACEMENT_3D ( 'NONE', #854, #2480, #3039 ) ;
#3963 = AXIS2_PLACEMENT_3D ( 'NONE', #1936, #3273, #2863 ) ;
#3964 = ORIENTED_EDGE ( 'NONE', *, *, #3040, .T. ) ;
#3965 = ORIENTED_EDGE ( 'NONE', *, *, #586, .F. ) ;
#3966 = VECTOR ( 'NONE', #15, 1000.000000000000000 ) ;
#3967 = VECTOR ( 'NONE', #1949, 1000.000000000000000 ) ;
#3968 = DIRECTION ( 'NONE',  ( 0.000000000000000000, 0.000000000000000000, 1.000000000000000000 ) ) ;
#3969 = DIRECTION ( 'NONE',  ( 1.000000000000000000, 0.000000000000000000, 0.000000000000000000 ) ) ;
#3970 = ORIENTED_EDGE ( 'NONE', *, *, #1743, .T. ) ;
#3971 = DIRECTION ( 'NONE',  ( -0.000000000000000000, -0.000000000000000000, -1.000000000000000000 ) ) ;
#3972 = EDGE_CURVE ( 'NONE', #277, #951, #962, .T. ) ;
#3973 = LINE ( 'NONE', #1784, #3319 ) ;
#3974 = CARTESIAN_POINT ( 'NONE',  ( 62.52499999999999858, -65.18000000000000682, 19.57687709138107124 ) ) ;
#3975 = FACE_OUTER_BOUND ( 'NONE', #2721, .T. ) ;
#3976 = LINE ( 'NONE', #497, #1714 ) ;
#3977 = DIRECTION ( 'NONE',  ( 0.000000000000000000, -1.000000000000000000, 0.000000000000000000 ) ) ;
#3978 = LINE ( 'NONE', #1151, #3391 ) ;
#3979 = CARTESIAN_POINT ( 'NONE',  ( 108.3499998649999867, -151.6699994900000092, 30.00000000000000355 ) ) ;
#3980 = EDGE_LOOP ( 'NONE', ( #2473, #2289, #740, #1256 ) ) ;
#3981 = AXIS2_PLACEMENT_3D ( 'NONE', #3293, #3686, #3052 ) ;
#3982 = EDGE_LOOP ( 'NONE', ( #3189, #2763 ) ) ;
#3983 = CIRCLE ( 'NONE', #3251, 0.2000000000000057288 ) ;
#3984 = EDGE_CURVE ( 'NONE', #25, #1566, #3464, .T. ) ;
#3985 = ORIENTED_EDGE ( 'NONE', *, *, #2223, .T. ) ;
#3986 = AXIS2_PLACEMENT_3D ( 'NONE', #1904, #3489, #28 ) ;
#3987 = VECTOR ( 'NONE', #1378, 1000.000000000000000 ) ;
#3988 = EDGE_CURVE ( 'NONE', #1445, #1647, #3476, .T. ) ;
#3989 = AXIS2_PLACEMENT_3D ( 'NONE', #570, #216, #1097 ) ;
#3990 = CARTESIAN_POINT ( 'NONE',  ( 116.0999999999999801, -65.18000000000000682, 14.57687709138107479 ) ) ;
#3991 = ORIENTED_EDGE ( 'NONE', *, *, #3569, .T. ) ;
#3992 = VECTOR ( 'NONE', #308, 1000.000000000000000 ) ;
#3993 = DIRECTION ( 'NONE',  ( 0.000000000000000000, 0.000000000000000000, -1.000000000000000000 ) ) ;
#3994 = CYLINDRICAL_SURFACE ( 'NONE', #632, 22.00000000000000000 ) ;
#3995 = CARTESIAN_POINT ( 'NONE',  ( 78.14999986499999807, -148.5699994899999865, 22.36000001000000381 ) ) ;
#3996 = DIRECTION ( 'NONE',  ( -1.000000000000000000, 0.000000000000000000, 0.000000000000000000 ) ) ;
#3997 = CARTESIAN_POINT ( 'NONE',  ( 120.5999999999999801, -60.67999999999999972, 13.50000000000000178 ) ) ;
#3998 = DIRECTION ( 'NONE',  ( 0.000000000000000000, 0.000000000000000000, -1.000000000000000000 ) ) ;
#3999 = DIRECTION ( 'NONE',  ( -1.597167440357923789E-16, 1.000000000000000000, 0.000000000000000000 ) ) ;
#4000 = DIRECTION ( 'NONE',  ( -0.000000000000000000, -0.000000000000000000, 1.000000000000000000 ) ) ;
#4001 = ORIENTED_EDGE ( 'NONE', *, *, #770, .F. ) ;
#4002 = ORIENTED_EDGE ( 'NONE', *, *, #2033, .F. ) ;
#4003 = EDGE_LOOP ( 'NONE', ( #1233, #3687 ) ) ;
#4004 = AXIS2_PLACEMENT_3D ( 'NONE', #4013, #43, #2595 ) ;
#4005 = EDGE_CURVE ( 'NONE', #484, #1981, #3131, .T. ) ;
#4006 = CARTESIAN_POINT ( 'NONE',  ( 64.65060512110849800, -143.0304958780635900, 31.50000000000000000 ) ) ;
#4007 = DIRECTION ( 'NONE',  ( 0.000000000000000000, 1.095474339541231642E-16, -1.000000000000000000 ) ) ;
#4008 = ORIENTED_EDGE ( 'NONE', *, *, #2871, .T. ) ;
#4009 = VECTOR ( 'NONE', #244, 1000.000000000000000 ) ;
#4010 = LINE ( 'NONE', #471, #3599 ) ;
#4011 = LINE ( 'NONE', #1188, #3582 ) ;
#4012 = CYLINDRICAL_SURFACE ( 'NONE', #909, 3.000000000000002665 ) ;
#4013 = CARTESIAN_POINT ( 'NONE',  ( 64.90000000000001990, -147.5699994899999865, 26.50000000000000000 ) ) ;
#4014 = CARTESIAN_POINT ( 'NONE',  ( 60.95700715442793438, -140.7663862069081517, 31.36001964758694527 ) ) ;
#4015 = DIRECTION ( 'NONE',  ( -0.000000000000000000, -0.000000000000000000, -1.000000000000000000 ) ) ;
#4016 = CARTESIAN_POINT ( 'NONE',  ( 63.39999999999999858, -65.18000000000000682, 17.57687709138107479 ) ) ;
#4017 = CYLINDRICAL_SURFACE ( 'NONE', #1817, 2.000000000000001776 ) ;
#4018 = ORIENTED_EDGE ( 'NONE', *, *, #1131, .F. ) ;
#4019 = VECTOR ( 'NONE', #1768, 1000.000000000000000 ) ;
#4020 = ORIENTED_EDGE ( 'NONE', *, *, #1716, .T. ) ;
#4021 = CIRCLE ( 'NONE', #2378, 4.750000000000000888 ) ;
#4022 = ORIENTED_EDGE ( 'NONE', *, *, #385, .F. ) ;
#4023 = ORIENTED_EDGE ( 'NONE', *, *, #2892, .F. ) ;
#4024 = CIRCLE ( 'NONE', #3826, 5.535533905932747523 ) ;
#4025 = DIRECTION ( 'NONE',  ( 0.000000000000000000, -1.000000000000000000, 0.000000000000000000 ) ) ;
#4026 = LINE ( 'NONE', #2163, #3882 ) ;
#4027 = ORIENTED_EDGE ( 'NONE', *, *, #2459, .F. ) ;
#4028 = AXIS2_PLACEMENT_3D ( 'NONE', #757, #451, #736 ) ;
#4029 = PRODUCT_DEFINITION ( 'UNKNOWN', '', #3389, #344 ) ;
#4030 = VECTOR ( 'NONE', #72, 1000.000000000000000 ) ;
#4031 = CARTESIAN_POINT ( 'NONE',  ( 105.6499998649999981, -152.9699994900000206, 22.36000001000000381 ) ) ;
#4032 = CARTESIAN_POINT ( 'NONE',  ( 121.0011527385592700, -142.7946657819310019, 31.49858396728805943 ) ) ;
#4033 = DIRECTION ( 'NONE',  ( 0.000000000000000000, 0.000000000000000000, 1.000000000000000000 ) ) ;
#4034 = EDGE_CURVE ( 'NONE', #2355, #277, #17, .T. ) ;
#4035 = DIRECTION ( 'NONE',  ( 1.000000000000000000, 0.000000000000000000, 0.000000000000000000 ) ) ;
#4036 = DIRECTION ( 'NONE',  ( 1.000000000000000000, 0.000000000000000000, 0.000000000000000000 ) ) ;
#4037 = CYLINDRICAL_SURFACE ( 'NONE', #1125, 0.2000000000000057288 ) ;
#4038 = ORIENTED_EDGE ( 'NONE', *, *, #2640, .T. ) ;
#4039 = ORIENTED_EDGE ( 'NONE', *, *, #1838, .T. ) ;
#4040 = EDGE_CURVE ( 'NONE', #1988, #3484, #2208, .T. ) ;
#4041 = EDGE_LOOP ( 'NONE', ( #2764, #30, #2374, #462 ) ) ;
#4042 = EDGE_CURVE ( 'NONE', #3565, #3438, #1094, .T. ) ;
#4043 = ORIENTED_EDGE ( 'NONE', *, *, #47, .F. ) ;
#4044 = ORIENTED_EDGE ( 'NONE', *, *, #209, .T. ) ;
#4045 = ADVANCED_FACE ( 'NONE', ( #3186 ), #388, .F. ) ;
#4046 = EDGE_CURVE ( 'NONE', #1939, #1719, #2133, .T. ) ;
#4047 = DIRECTION ( 'NONE',  ( 1.000000000000000000, 0.000000000000000000, 0.000000000000000000 ) ) ;
#4048 = CARTESIAN_POINT ( 'NONE',  ( 65.40000000000000568, -65.18000000000000682, 14.57687709138106769 ) ) ;
#4049 = EDGE_LOOP ( 'NONE', ( #3190, #2136, #894, #1326 ) ) ;
#4050 = VECTOR ( 'NONE', #1366, 1000.000000000000000 ) ;
#4051 = AXIS2_PLACEMENT_3D ( 'NONE', #2043, #3000, #2703 ) ;
#4052 = DIRECTION ( 'NONE',  ( 0.000000000000000000, 1.000000000000000000, 0.000000000000000000 ) ) ;
#4053 = DIRECTION ( 'NONE',  ( 1.000000000000000000, 0.000000000000000000, 0.000000000000000000 ) ) ;
#4054 = CIRCLE ( 'NONE', #3325, 4.000000000000003553 ) ;
#4055 = EDGE_CURVE ( 'NONE', #623, #3629, #506, .T. ) ;
#4056 = CARTESIAN_POINT ( 'NONE',  ( 124.6000000000000227, -149.5699994899999865, 13.50000000000000178 ) ) ;
#4057 = DIRECTION ( 'NONE',  ( 0.000000000000000000, 0.000000000000000000, 1.000000000000000000 ) ) ;
#4058 = DIRECTION ( 'NONE',  ( 1.000000000000000000, 0.000000000000000000, 0.000000000000000000 ) ) ;
#4059 = DIRECTION ( 'NONE',  ( -0.000000000000000000, -1.000000000000000000, -0.000000000000000000 ) ) ;
#4060 = LINE ( 'NONE', #3096, #2439 ) ;
#4061 = ORIENTED_EDGE ( 'NONE', *, *, #3647, .T. ) ;
#4062 = ORIENTED_EDGE ( 'NONE', *, *, #4042, .T. ) ;
#4063 = ORIENTED_EDGE ( 'NONE', *, *, #3908, .F. ) ;
#4064 = EDGE_LOOP ( 'NONE', ( #720, #3201, #91, #2946 ) ) ;
#4065 = ORIENTED_EDGE ( 'NONE', *, *, #3049, .F. ) ;
#4066 = CARTESIAN_POINT ( 'NONE',  ( 62.90000000000001279, -149.5699994899999865, 13.50000000000000178 ) ) ;
#4067 = DIRECTION ( 'NONE',  ( 1.000000000000000000, 0.000000000000000000, -0.000000000000000000 ) ) ;
#4068 = ORIENTED_EDGE ( 'NONE', *, *, #1511, .F. ) ;
#4069 = CARTESIAN_POINT ( 'NONE',  ( 120.5999999999999801, -60.67999999999999972, 33.50000000000000000 ) ) ;
#4070 = CARTESIAN_POINT ( 'NONE',  ( 121.5529346586169197, -142.4378135011660902, 31.49118133339247905 ) ) ;
#4071 = EDGE_LOOP ( 'NONE', ( #1374, #649, #41, #127 ) ) ;
#4072 = LINE ( 'NONE', #1247, #677 ) ;
#4073 = FACE_OUTER_BOUND ( 'NONE', #1197, .T. ) ;
#4074 = DIRECTION ( 'NONE',  ( 0.000000000000000000, 0.000000000000000000, -1.000000000000000000 ) ) ;
#4075 = LINE ( 'NONE', #662, #1489 ) ;
#4076 = EDGE_CURVE ( 'NONE', #1140, #3530, #2340, .T. ) ;
#4077 = DIRECTION ( 'NONE',  ( 0.000000000000000000, 1.000000000000000000, 1.095474339541231642E-16 ) ) ;
#4078 = ORIENTED_EDGE ( 'NONE', *, *, #3311, .T. ) ;
#4079 = VERTEX_POINT ( 'NONE', #1726 ) ;
#4080 = DIRECTION ( 'NONE',  ( 1.000000000000000000, 0.000000000000000000, 0.000000000000000000 ) ) ;
#4081 = ADVANCED_FACE ( 'NONE', ( #1043 ), #2293, .T. ) ;
ENDSEC;
END-ISO-10303-21;
