ISO-10303-21;
HEADER;
FILE_DESCRIPTION (( 'STEP AP214' ),
    '1' );
FILE_NAME ('esp32-canboard-case-bottom.STEP',
    '2026-06-04T12:07:15',
    ( '' ),
    ( '' ),
    'SwSTEP 2.0',
    'SolidWorks 2020',
    '' );
FILE_SCHEMA (( 'AUTOMOTIVE_DESIGN' ));
ENDSEC;

DATA;
#1 = EDGE_CURVE ( 'NONE', #4220, #1481, #4413, .T. ) ;
#2 = CARTESIAN_POINT ( 'NONE',  ( 64.90000000000000568, -147.5699994899999865, 4.500000000000000888 ) ) ;
#3 = AXIS2_PLACEMENT_3D ( 'NONE', #1776, #7496, #1208 ) ;
#4 = DIRECTION ( 'NONE',  ( 0.000000000000000000, 0.000000000000000000, -1.000000000000000000 ) ) ;
#5 = AXIS2_PLACEMENT_3D ( 'NONE', #2161, #5681, #6172 ) ;
#6 = AXIS2_PLACEMENT_3D ( 'NONE', #2943, #3082, #1279 ) ;
#7 = CIRCLE ( 'NONE', #6667, 0.5000000000000004441 ) ;
#8 = DIRECTION ( 'NONE',  ( 0.000000000000000000, 0.000000000000000000, 1.000000000000000000 ) ) ;
#9 = VERTEX_POINT ( 'NONE', #5340 ) ;
#10 = CARTESIAN_POINT ( 'NONE',  ( 112.6033342597740443, -147.3699994899999979, 12.50000000000000000 ) ) ;
#11 = CARTESIAN_POINT ( 'NONE',  ( 46.75000000000004263, -114.1249997450000109, -6.500000000000000888 ) ) ;
#12 = ADVANCED_FACE ( 'NONE', ( #800 ), #722, .T. ) ;
#13 = EDGE_CURVE ( 'NONE', #1255, #5716, #3378, .T. ) ;
#14 = EDGE_LOOP ( 'NONE', ( #6210, #6913, #6522, #7112 ) ) ;
#15 = ORIENTED_EDGE ( 'NONE', *, *, #4199, .T. ) ;
#16 = AXIS2_PLACEMENT_3D ( 'NONE', #6631, #5447, #3222 ) ;
#17 = LINE ( 'NONE', #669, #1347 ) ;
#18 = CARTESIAN_POINT ( 'NONE',  ( 60.89999999999999858, -74.57500000000000284, -4.949152420611723890 ) ) ;
#19 = ORIENTED_EDGE ( 'NONE', *, *, #1273, .F. ) ;
#20 = CYLINDRICAL_SURFACE ( 'NONE', #6174, 4.000000000000003553 ) ;
#21 = DIRECTION ( 'NONE',  ( -0.000000000000000000, -0.000000000000000000, -1.000000000000000000 ) ) ;
#22 = AXIS2_PLACEMENT_3D ( 'NONE', #6739, #3957, #6702 ) ;
#23 = LINE ( 'NONE', #1253, #4640 ) ;
#24 = DIRECTION ( 'NONE',  ( 1.000000000000000000, 0.000000000000000000, 0.000000000000000000 ) ) ;
#25 = ORIENTED_EDGE ( 'NONE', *, *, #1658, .F. ) ;
#26 = CYLINDRICAL_SURFACE ( 'NONE', #1842, 2.000000000000001776 ) ;
#27 = AXIS2_PLACEMENT_3D ( 'NONE', #6118, #3777, #2148 ) ;
#28 = FACE_OUTER_BOUND ( 'NONE', #2589, .T. ) ;
#29 = ORIENTED_EDGE ( 'NONE', *, *, #5900, .F. ) ;
#30 = ORIENTED_EDGE ( 'NONE', *, *, #7378, .T. ) ;
#31 = TOROIDAL_SURFACE ( 'NONE', #645, 1.999999999999989564, 2.000000000000000000 ) ;
#32 = CARTESIAN_POINT ( 'NONE',  ( 60.89999999999999858, -68.68000000000000682, 12.50000000000000000 ) ) ;
#33 = CARTESIAN_POINT ( 'NONE',  ( 60.39999999999999858, -149.5699994899999865, 1.800000000000001155 ) ) ;
#34 = CIRCLE ( 'NONE', #5852, 0.2000000000000057288 ) ;
#35 = ORIENTED_EDGE ( 'NONE', *, *, #430, .F. ) ;
#36 = AXIS2_PLACEMENT_3D ( 'NONE', #5887, #6424, #3656 ) ;
#37 = CARTESIAN_POINT ( 'NONE',  ( 116.6000000000000227, -62.67999999999999972, 4.500000000000000888 ) ) ;
#38 = LINE ( 'NONE', #581, #1142 ) ;
#39 = LINE ( 'NONE', #1868, #2324 ) ;
#40 = AXIS2_PLACEMENT_3D ( 'NONE', #5778, #1059, #5058 ) ;
#41 = DIRECTION ( 'NONE',  ( 0.000000000000000000, 0.000000000000000000, 1.000000000000000000 ) ) ;
#42 = EDGE_CURVE ( 'NONE', #3471, #3226, #3814, .T. ) ;
#43 = AXIS2_PLACEMENT_3D ( 'NONE', #4856, #6020, #2482 ) ;
#44 = DIRECTION ( 'NONE',  ( 0.000000000000000000, 1.000000000000000000, 0.000000000000000000 ) ) ;
#45 = DIRECTION ( 'NONE',  ( 0.000000000000000000, 1.000000000000000000, 0.000000000000000000 ) ) ;
#46 = CARTESIAN_POINT ( 'NONE',  ( 78.14999986499999807, -153.5699994899999865, 13.50000000000000178 ) ) ;
#47 = VECTOR ( 'NONE', #1600, 1000.000000000000000 ) ;
#48 = ORIENTED_EDGE ( 'NONE', *, *, #6384, .F. ) ;
#49 = VERTEX_POINT ( 'NONE', #7018 ) ;
#50 = EDGE_CURVE ( 'NONE', #3464, #700, #1270, .T. ) ;
#51 = DIRECTION ( 'NONE',  ( 0.000000000000000000, 0.000000000000000000, 1.000000000000000000 ) ) ;
#52 = DIRECTION ( 'NONE',  ( 0.000000000000000000, 0.000000000000000000, 1.000000000000000000 ) ) ;
#53 = VERTEX_POINT ( 'NONE', #831 ) ;
#54 = DIRECTION ( 'NONE',  ( -1.000000000000000000, 0.000000000000000000, 0.000000000000000000 ) ) ;
#55 = CYLINDRICAL_SURFACE ( 'NONE', #6638, 4.000000000000003553 ) ;
#56 = LINE ( 'NONE', #2881, #2584 ) ;
#57 = LINE ( 'NONE', #3992, #5622 ) ;
#58 = ORIENTED_EDGE ( 'NONE', *, *, #4950, .T. ) ;
#59 = ADVANCED_FACE ( 'NONE', ( #3578 ), #5268, .F. ) ;
#60 = CARTESIAN_POINT ( 'NONE',  ( 125.1530522431973651, -122.5045648661340749, -2.935349393565064524 ) ) ;
#61 = CARTESIAN_POINT ( 'NONE',  ( 108.3499998649999867, -151.6699994900000092, 2.000000000000001776 ) ) ;
#62 = EDGE_LOOP ( 'NONE', ( #3569, #6685, #3223, #1627, #2166, #2297, #3680, #3069 ) ) ;
#63 = EDGE_LOOP ( 'NONE', ( #6857, #1296, #1810, #3395 ) ) ;
#64 = DIRECTION ( 'NONE',  ( 0.000000000000000000, -1.000000000000000000, 0.000000000000000000 ) ) ;
#65 = SPHERICAL_SURFACE ( 'NONE', #1847, 2.000000000000000000 ) ;
#66 = CARTESIAN_POINT ( 'NONE',  ( 127.5999999999999943, -86.12499974499999666, -4.000000000000000000 ) ) ;
#67 = EDGE_CURVE ( 'NONE', #782, #2764, #2951, .T. ) ;
#68 = EDGE_LOOP ( 'NONE', ( #6553, #6233, #201, #4616 ) ) ;
#69 = DIRECTION ( 'NONE',  ( -0.000000000000000000, -0.000000000000000000, -1.000000000000000000 ) ) ;
#70 = B_SPLINE_CURVE_WITH_KNOTS ( 'NONE', 3,
 ( #1717, #6373, #3564, #2359, #6866, #4625 ),
 .UNSPECIFIED., .F., .F.,
 ( 4, 2, 4 ),
 ( 0.002720309812563604691, 0.004080464718845407471, 0.005440619625127209383 ),
 .UNSPECIFIED. ) ;
#71 = DIRECTION ( 'NONE',  ( 0.000000000000000000, 0.000000000000000000, 1.000000000000000000 ) ) ;
#72 = DIRECTION ( 'NONE',  ( 0.000000000000000000, 0.000000000000000000, 1.000000000000000000 ) ) ;
#73 = DIRECTION ( 'NONE',  ( 0.000000000000000000, 0.000000000000000000, 1.000000000000000000 ) ) ;
#74 = ADVANCED_FACE ( 'NONE', ( #7278 ), #3792, .F. ) ;
#75 = DIRECTION ( 'NONE',  ( 1.000000000000000000, -0.000000000000000000, -0.000000000000000000 ) ) ;
#76 = FACE_OUTER_BOUND ( 'NONE', #3463, .T. ) ;
#77 = EDGE_CURVE ( 'NONE', #1657, #5550, #7180, .T. ) ;
#78 = LINE ( 'NONE', #4217, #6463 ) ;
#79 = ORIENTED_EDGE ( 'NONE', *, *, #5730, .F. ) ;
#80 = VERTEX_POINT ( 'NONE', #4889 ) ;
#81 = CARTESIAN_POINT ( 'NONE',  ( 58.66680583813764116, -123.5036924259540427, -2.172604034731077771 ) ) ;
#82 = DIRECTION ( 'NONE',  ( 0.000000000000000000, 0.000000000000000000, 1.000000000000000000 ) ) ;
#83 = EDGE_LOOP ( 'NONE', ( #2521, #7153, #6503, #4652 ) ) ;
#84 = DIRECTION ( 'NONE',  ( -0.000000000000000000, -0.000000000000000000, -1.000000000000000000 ) ) ;
#85 = DIRECTION ( 'NONE',  ( 1.000000000000000000, 0.000000000000000000, -0.000000000000000000 ) ) ;
#86 = EDGE_CURVE ( 'NONE', #4220, #3459, #296, .T. ) ;
#87 = CARTESIAN_POINT ( 'NONE',  ( 75.64999986499999807, -142.6699994900000092, -5.000000000000000000 ) ) ;
#88 = VECTOR ( 'NONE', #4168, 1000.000000000000000 ) ;
#89 = CARTESIAN_POINT ( 'NONE',  ( 136.7500000000000284, -98.62499974499999666, -4.000000000000000000 ) ) ;
#90 = ORIENTED_EDGE ( 'NONE', *, *, #7364, .F. ) ;
#91 = DIRECTION ( 'NONE',  ( -0.000000000000000000, -0.000000000000000000, 1.000000000000000000 ) ) ;
#92 = AXIS2_PLACEMENT_3D ( 'NONE', #631, #2912, #2986 ) ;
#93 = CARTESIAN_POINT ( 'NONE',  ( 58.22745438281379649, -122.1460288061424677, -3.112121179641874846 ) ) ;
#94 = ORIENTED_EDGE ( 'NONE', *, *, #2329, .T. ) ;
#95 = AXIS2_PLACEMENT_3D ( 'NONE', #2989, #674, #1812 ) ;
#96 = VERTEX_POINT ( 'NONE', #2085 ) ;
#97 = CARTESIAN_POINT ( 'NONE',  ( 56.60470693070402604, -93.19503643463093567, -4.330599014471832930 ) ) ;
#98 = CARTESIAN_POINT ( 'NONE',  ( 58.89999999999999147, -62.67999999999999972, 13.50000000000000178 ) ) ;
#99 = CARTESIAN_POINT ( 'NONE',  ( 57.93328632312000082, -91.37346105941544749, -3.237506646860535131 ) ) ;
#100 = EDGE_CURVE ( 'NONE', #5139, #4162, #4874, .T. ) ;
#101 = LINE ( 'NONE', #66, #3759 ) ;
#102 = CIRCLE ( 'NONE', #4345, 0.4000000000000054068 ) ;
#103 = EDGE_CURVE ( 'NONE', #2631, #6524, #2047, .T. ) ;
#104 = CARTESIAN_POINT ( 'NONE',  ( 120.6000000000000085, -145.5699994900000149, 6.500000000000000888 ) ) ;
#105 = CARTESIAN_POINT ( 'NONE',  ( 125.8553037163498374, -120.1945055447442883, -3.477822303019283634 ) ) ;
#106 = CARTESIAN_POINT ( 'NONE',  ( 58.81749478786571217, -124.6740584697105305, -1.796558992038969738 ) ) ;
#107 = CIRCLE ( 'NONE', #3267, 2.000000000000000000 ) ;
#108 = DIRECTION ( 'NONE',  ( 1.000000000000000000, 0.000000000000000000, 0.000000000000000000 ) ) ;
#109 = LINE ( 'NONE', #5235, #1137 ) ;
#110 = CIRCLE ( 'NONE', #3526, 3.000000000000000000 ) ;
#111 = CARTESIAN_POINT ( 'NONE',  ( 58.90000000000000568, -126.1249997450000819, -6.500000000000000888 ) ) ;
#112 = CYLINDRICAL_SURFACE ( 'NONE', #1931, 0.1999999999999996503 ) ;
#113 = DIRECTION ( 'NONE',  ( -1.000000000000000000, 0.000000000000000000, 0.000000000000000000 ) ) ;
#114 = CIRCLE ( 'NONE', #619, 2.000000000000015543 ) ;
#115 = VECTOR ( 'NONE', #1831, 1000.000000000000000 ) ;
#116 = AXIS2_PLACEMENT_3D ( 'NONE', #5026, #3209, #5510 ) ;
#117 = EDGE_LOOP ( 'NONE', ( #475, #3137 ) ) ;
#118 = ORIENTED_EDGE ( 'NONE', *, *, #5948, .F. ) ;
#119 = CARTESIAN_POINT ( 'NONE',  ( 118.6000000000000085, -147.5699994899999865, 6.500000000000000888 ) ) ;
#120 = CIRCLE ( 'NONE', #5820, 4.000000000000003553 ) ;
#121 = DIRECTION ( 'NONE',  ( 1.000000000000000000, 0.000000000000000000, 0.000000000000000000 ) ) ;
#122 = ORIENTED_EDGE ( 'NONE', *, *, #5932, .T. ) ;
#123 = FACE_OUTER_BOUND ( 'NONE', #4151, .T. ) ;
#124 = AXIS2_PLACEMENT_3D ( 'NONE', #3937, #6244, #5465 ) ;
#125 = DIRECTION ( 'NONE',  ( 0.000000000000000000, 0.000000000000000000, 1.000000000000000000 ) ) ;
#126 = PLANE ( 'NONE',  #142 ) ;
#127 = ORIENTED_EDGE ( 'NONE', *, *, #7129, .F. ) ;
#128 = CIRCLE ( 'NONE', #1609, 2.000000000000001776 ) ;
#129 = EDGE_CURVE ( 'NONE', #6562, #428, #6561, .T. ) ;
#130 = LINE ( 'NONE', #203, #3559 ) ;
#131 = EDGE_CURVE ( 'NONE', #6256, #5860, #5583, .T. ) ;
#132 = CARTESIAN_POINT ( 'NONE',  ( 64.90000000000000568, -147.5699994899999865, 12.50000000000000000 ) ) ;
#133 = ORIENTED_EDGE ( 'NONE', *, *, #3827, .F. ) ;
#134 = CIRCLE ( 'NONE', #7423, 12.00000000000001066 ) ;
#135 = ORIENTED_EDGE ( 'NONE', *, *, #5800, .T. ) ;
#136 = FACE_OUTER_BOUND ( 'NONE', #5547, .T. ) ;
#137 = VECTOR ( 'NONE', #3876, 1000.000000000000000 ) ;
#138 = CARTESIAN_POINT ( 'NONE',  ( 75.44999986500000944, -149.5699994899999865, 2.000000000000001776 ) ) ;
#139 = CARTESIAN_POINT ( 'NONE',  ( 38.75000000000003553, -106.1249997449999967, -4.000000000000000000 ) ) ;
#140 = CARTESIAN_POINT ( 'NONE',  ( 113.1351456943408778, -149.3699994900000263, 4.490599760556444053 ) ) ;
#141 = CIRCLE ( 'NONE', #4381, 2.000000000000001776 ) ;
#142 = AXIS2_PLACEMENT_3D ( 'NONE', #3672, #5285, #7039 ) ;
#143 = EDGE_CURVE ( 'NONE', #2192, #6036, #4259, .T. ) ;
#144 = CARTESIAN_POINT ( 'NONE',  ( 136.7500000000000284, -113.6249997450000109, -4.500000000000000888 ) ) ;
#145 = AXIS2_PLACEMENT_3D ( 'NONE', #1730, #72, #2438 ) ;
#146 = CARTESIAN_POINT ( 'NONE',  ( 67.34999999999999432, -74.57500000000000284, 0.000000000000000000 ) ) ;
#147 = CARTESIAN_POINT ( 'NONE',  ( 60.89999999999999858, -82.30499999999999261, 1.859999999999999654 ) ) ;
#148 = EDGE_LOOP ( 'NONE', ( #2188, #1088, #6198 ) ) ;
#149 = CIRCLE ( 'NONE', #5355, 4.000000000000003553 ) ;
#150 = DIRECTION ( 'NONE',  ( 0.000000000000000000, 0.000000000000000000, 1.000000000000000000 ) ) ;
#151 = CARTESIAN_POINT ( 'NONE',  ( 144.7500000000000568, -106.1249997449999967, -6.500000000000000888 ) ) ;
#152 = AXIS2_PLACEMENT_3D ( 'NONE', #3676, #1327, #3634 ) ;
#153 = DIRECTION ( 'NONE',  ( 1.000000000000000000, 0.000000000000000000, 0.000000000000000000 ) ) ;
#154 = VECTOR ( 'NONE', #4906, 1000.000000000000000 ) ;
#155 = CARTESIAN_POINT ( 'NONE',  ( 104.1499998649999981, -142.6699994900000092, -2.000000000000000000 ) ) ;
#156 = DIRECTION ( 'NONE',  ( 1.000000000000000000, 0.000000000000000000, 0.000000000000000000 ) ) ;
#157 = EDGE_LOOP ( 'NONE', ( #1706, #7184, #5929, #6247 ) ) ;
#158 = VERTEX_POINT ( 'NONE', #3146 ) ;
#159 = EDGE_CURVE ( 'NONE', #3996, #7383, #997, .T. ) ;
#160 = FACE_OUTER_BOUND ( 'NONE', #4970, .T. ) ;
#161 = VERTEX_POINT ( 'NONE', #942 ) ;
#162 = LINE ( 'NONE', #2955, #485 ) ;
#163 = CARTESIAN_POINT ( 'NONE',  ( 124.9473770641976813, -89.01565729562916829, -2.564159209414617280 ) ) ;
#164 = DIRECTION ( 'NONE',  ( 0.000000000000000000, -0.000000000000000000, -1.000000000000000000 ) ) ;
#165 = ORIENTED_EDGE ( 'NONE', *, *, #6404, .T. ) ;
#166 = AXIS2_PLACEMENT_3D ( 'NONE', #2168, #7321, #376 ) ;
#167 = AXIS2_PLACEMENT_3D ( 'NONE', #4850, #1828, #7168 ) ;
#168 = DIRECTION ( 'NONE',  ( -0.000000000000000000, -0.000000000000000000, -1.000000000000000000 ) ) ;
#169 = EDGE_CURVE ( 'NONE', #4507, #1398, #6708, .T. ) ;
#170 = DIRECTION ( 'NONE',  ( 0.000000000000000000, 0.000000000000000000, 1.000000000000000000 ) ) ;
#171 = EDGE_CURVE ( 'NONE', #4155, #1398, #5223, .T. ) ;
#172 = VERTEX_POINT ( 'NONE', #3755 ) ;
#173 = ORIENTED_EDGE ( 'NONE', *, *, #4148, .T. ) ;
#174 = CARTESIAN_POINT ( 'NONE',  ( 58.35027784089633940, -89.73480016849381968, -2.930041733883694377 ) ) ;
#175 = EDGE_CURVE ( 'NONE', #1411, #1673, #7319, .T. ) ;
#176 = FACE_OUTER_BOUND ( 'NONE', #3888, .T. ) ;
#177 = CARTESIAN_POINT ( 'NONE',  ( 57.05429892931041991, -93.15142203308489854, -3.777285852028931856 ) ) ;
#178 = DIRECTION ( 'NONE',  ( 0.000000000000000000, 0.000000000000000000, 1.000000000000000000 ) ) ;
#179 = DIRECTION ( 'NONE',  ( 0.000000000000000000, 0.000000000000000000, 1.000000000000000000 ) ) ;
#180 = CARTESIAN_POINT ( 'NONE',  ( 125.1900964124835269, -122.0150646484148780, -2.796439545369176383 ) ) ;
#181 = CARTESIAN_POINT ( 'NONE',  ( 122.5999999999999801, -62.67999999999999972, 13.50000000000000178 ) ) ;
#182 = EDGE_LOOP ( 'NONE', ( #1686, #4691, #2224, #3552 ) ) ;
#183 = CARTESIAN_POINT ( 'NONE',  ( 136.5999999999999943, -86.12499974499999666, -4.000000000000000000 ) ) ;
#184 = DIRECTION ( 'NONE',  ( 0.000000000000000000, 0.000000000000000000, -1.000000000000000000 ) ) ;
#185 = ADVANCED_FACE ( 'NONE', ( #3185 ), #2165, .T. ) ;
#186 = EDGE_CURVE ( 'NONE', #2913, #3678, #1633, .T. ) ;
#187 = DIRECTION ( 'NONE',  ( 0.000000000000000000, 0.000000000000000000, -1.000000000000000000 ) ) ;
#188 = CARTESIAN_POINT ( 'NONE',  ( 68.68536575252910836, -149.3699994899999695, 5.465014424524958336 ) ) ;
#189 = CARTESIAN_POINT ( 'NONE',  ( 75.24999986500000659, -149.3699994899999979, 13.50000000000000178 ) ) ;
#190 = EDGE_CURVE ( 'NONE', #1262, #7198, #4431, .T. ) ;
#191 = CARTESIAN_POINT ( 'NONE',  ( 113.1341735033296771, -149.3699994899999979, 4.492246074613411189 ) ) ;
#192 = EDGE_CURVE ( 'NONE', #5633, #1250, #1980, .T. ) ;
#193 = ORIENTED_EDGE ( 'NONE', *, *, #5830, .T. ) ;
#194 = EDGE_LOOP ( 'NONE', ( #1369, #5701, #5035, #5356, #2792, #5178, #7300, #6894 ) ) ;
#195 = CARTESIAN_POINT ( 'NONE',  ( 57.64469325910483377, -120.1944992149104934, -3.477824301699745213 ) ) ;
#196 = ADVANCED_FACE ( 'NONE', ( #5489 ), #6664, .F. ) ;
#197 = ORIENTED_EDGE ( 'NONE', *, *, #3617, .F. ) ;
#198 = DIRECTION ( 'NONE',  ( 0.000000000000000000, 0.000000000000000000, -1.000000000000000000 ) ) ;
#199 = CARTESIAN_POINT ( 'NONE',  ( 124.6041503014110248, -86.48916280440629123, -1.200725803446810680 ) ) ;
#200 = LINE ( 'NONE', #6546, #3918 ) ;
#201 = ORIENTED_EDGE ( 'NONE', *, *, #2014, .T. ) ;
#202 = ORIENTED_EDGE ( 'NONE', *, *, #1708, .F. ) ;
#203 = CARTESIAN_POINT ( 'NONE',  ( 112.1499998649999981, -142.6699994900000092, 0.000000000000000000 ) ) ;
#204 = CARTESIAN_POINT ( 'NONE',  ( 122.5999999999999801, -62.67999999999999972, 13.50000000000000178 ) ) ;
#205 = ORIENTED_EDGE ( 'NONE', *, *, #281, .T. ) ;
#206 = ORIENTED_EDGE ( 'NONE', *, *, #1376, .F. ) ;
#207 = CARTESIAN_POINT ( 'NONE',  ( 58.76813435997834745, -87.93644167036138981, -1.992085905263776935 ) ) ;
#208 = DIRECTION ( 'NONE',  ( 0.000000000000000000, 0.000000000000000000, 1.000000000000000000 ) ) ;
#209 = CARTESIAN_POINT ( 'NONE',  ( 112.0000000000000000, -74.57500000000000284, 0.000000000000000000 ) ) ;
#210 = AXIS2_PLACEMENT_3D ( 'NONE', #7329, #3880, #2263 ) ;
#211 = EDGE_CURVE ( 'NONE', #6697, #4155, #3424, .T. ) ;
#212 = DIRECTION ( 'NONE',  ( -1.597167440357923543E-16, 1.000000000000000000, 0.000000000000000000 ) ) ;
#213 = AXIS2_PLACEMENT_3D ( 'NONE', #1209, #1391, #1422 ) ;
#214 = VECTOR ( 'NONE', #21, 1000.000000000000000 ) ;
#215 = EDGE_CURVE ( 'NONE', #4686, #2892, #2862, .T. ) ;
#216 = CARTESIAN_POINT ( 'NONE',  ( 46.75000000000004263, -106.1249997449999967, -4.000000000000000000 ) ) ;
#217 = VERTEX_POINT ( 'NONE', #5768 ) ;
#218 = DIRECTION ( 'NONE',  ( 0.000000000000000000, 0.000000000000000000, 1.000000000000000000 ) ) ;
#219 = ORIENTED_EDGE ( 'NONE', *, *, #4994, .F. ) ;
#220 = COLOUR_RGB ( '',0.7921568627450980005, 0.8196078431372548767, 0.9333333333333333481 ) ;
#221 = CARTESIAN_POINT ( 'NONE',  ( 112.6033342597740443, -149.3699994899999979, 6.500000000000000888 ) ) ;
#222 = EDGE_CURVE ( 'NONE', #2118, #1134, #4099, .T. ) ;
#223 = VECTOR ( 'NONE', #587, 1000.000000000000000 ) ;
#224 = EDGE_CURVE ( 'NONE', #3108, #5974, #4279, .T. ) ;
#225 = CARTESIAN_POINT ( 'NONE',  ( 58.89999999999999147, -82.30500000000000682, 7.059999999999999609 ) ) ;
#226 = CARTESIAN_POINT ( 'NONE',  ( 118.6000000000000085, -64.68000000000000682, 6.500000000000000888 ) ) ;
#227 = CARTESIAN_POINT ( 'NONE',  ( 136.6000000000000796, -114.1249997450000109, -6.500000000000000888 ) ) ;
#228 = CARTESIAN_POINT ( 'NONE',  ( 115.5776072058000210, -149.3699994899999695, 4.721516669277011857 ) ) ;
#229 = ORIENTED_EDGE ( 'NONE', *, *, #1261, .F. ) ;
#230 = VERTEX_POINT ( 'NONE', #7514 ) ;
#231 = DIRECTION ( 'NONE',  ( 1.000000000000000000, 0.000000000000000000, 0.000000000000000000 ) ) ;
#232 = APPLICATION_PROTOCOL_DEFINITION ( 'draft international standard', 'automotive_design', 1998, #2917 ) ;
#233 = EDGE_CURVE ( 'NONE', #4058, #2780, #6983, .T. ) ;
#234 = ORIENTED_EDGE ( 'NONE', *, *, #6104, .F. ) ;
#235 = PLANE ( 'NONE',  #5918 ) ;
#236 = AXIS2_PLACEMENT_3D ( 'NONE', #5242, #45, #4111 ) ;
#237 = CARTESIAN_POINT ( 'NONE',  ( 124.5999999999999659, -86.30585808972843154, -1.099688710325010588 ) ) ;
#238 = AXIS2_PLACEMENT_3D ( 'NONE', #5104, #1636, #6732 ) ;
#239 = CARTESIAN_POINT ( 'NONE',  ( 116.5999999999999943, -64.68000000000000682, 6.500000000000001776 ) ) ;
#240 = ADVANCED_FACE ( 'NONE', ( #1264 ), #4497, .F. ) ;
#241 = ORIENTED_EDGE ( 'NONE', *, *, #2900, .T. ) ;
#242 = ORIENTED_EDGE ( 'NONE', *, *, #4143, .F. ) ;
#243 = AXIS2_PLACEMENT_3D ( 'NONE', #183, #5955, #771 ) ;
#244 = LINE ( 'NONE', #3096, #4276 ) ;
#245 = AXIS2_PLACEMENT_3D ( 'NONE', #119, #2453, #4759 ) ;
#246 = DIRECTION ( 'NONE',  ( 1.000000000000000000, 0.000000000000000000, 0.000000000000000000 ) ) ;
#247 = ORIENTED_EDGE ( 'NONE', *, *, #7194, .F. ) ;
#248 = EDGE_LOOP ( 'NONE', ( #600, #4653, #3896, #5628 ) ) ;
#249 = CARTESIAN_POINT ( 'NONE',  ( 108.1499998649999981, -142.6699994900000092, -0.3500000000000152434 ) ) ;
#250 = DIRECTION ( 'NONE',  ( -1.000000000000000000, 0.000000000000000000, 0.000000000000000000 ) ) ;
#251 = CARTESIAN_POINT ( 'NONE',  ( 58.34694775680314649, -89.74543462386408521, -2.935349393563561282 ) ) ;
#252 = TOROIDAL_SURFACE ( 'NONE', #2448, 12.49999999999999645, 0.5000000000000000000 ) ;
#253 = DIRECTION ( 'NONE',  ( 1.000000000000000000, 0.000000000000000000, 0.000000000000000000 ) ) ;
#254 = AXIS2_PLACEMENT_3D ( 'NONE', #5130, #7451, #6239 ) ;
#255 = CARTESIAN_POINT ( 'NONE',  ( 101.1499998649999981, -142.6699994900000092, -5.000000000000000000 ) ) ;
#256 = DIRECTION ( 'NONE',  ( 0.000000000000000000, 0.000000000000000000, 1.000000000000000000 ) ) ;
#257 = AXIS2_PLACEMENT_3D ( 'NONE', #5649, #5121, #5001 ) ;
#258 = EDGE_LOOP ( 'NONE', ( #1065, #2502, #6071, #4561 ) ) ;
#259 = TOROIDAL_SURFACE ( 'NONE', #4979, 12.50000000000000355, 0.5000000000000000000 ) ;
#260 = LINE ( 'NONE', #772, #4891 ) ;
#261 = CIRCLE ( 'NONE', #876, 0.1999999999999996503 ) ;
#262 = CARTESIAN_POINT ( 'NONE',  ( 105.8499998650000009, -152.9699994900000206, 30.00000000000000355 ) ) ;
#263 = EDGE_CURVE ( 'NONE', #5279, #2479, #4635, .T. ) ;
#264 = CARTESIAN_POINT ( 'NONE',  ( 70.36555308227124783, -149.3699994899999979, 4.491942815605987960 ) ) ;
#265 = CYLINDRICAL_SURFACE ( 'NONE', #4165, 2.000000000000001776 ) ;
#266 = AXIS2_PLACEMENT_3D ( 'NONE', #4139, #6493, #5881 ) ;
#267 = VECTOR ( 'NONE', #4395, 1000.000000000000000 ) ;
#268 = ADVANCED_FACE ( 'NONE', ( #2930 ), #5156, .T. ) ;
#269 = CARTESIAN_POINT ( 'NONE',  ( 68.90000000000000568, -62.67999999999999972, 12.50000000000000000 ) ) ;
#270 = CIRCLE ( 'NONE', #2232, 2.000000000000001776 ) ;
#271 = ORIENTED_EDGE ( 'NONE', *, *, #379, .T. ) ;
#272 = ORIENTED_EDGE ( 'NONE', *, *, #7454, .T. ) ;
#273 = AXIS2_PLACEMENT_3D ( 'NONE', #7101, #1906, #7138 ) ;
#274 = CARTESIAN_POINT ( 'NONE',  ( 136.5999999999999943, -126.1249997450000251, -6.500000000000000888 ) ) ;
#275 = CARTESIAN_POINT ( 'NONE',  ( 60.90000000000000568, -91.80499999999997840, 5.060000000000001386 ) ) ;
#276 = EDGE_LOOP ( 'NONE', ( #2909, #6168, #2738, #135 ) ) ;
#277 = CARTESIAN_POINT ( 'NONE',  ( 62.89999999999999858, -60.67999999999999972, -5.000000000000000888 ) ) ;
#278 = DIRECTION ( 'NONE',  ( -0.000000000000000000, -0.000000000000000000, 1.000000000000000000 ) ) ;
#279 = DIRECTION ( 'NONE',  ( 0.000000000000000000, 0.000000000000000000, -1.000000000000000000 ) ) ;
#280 = VECTOR ( 'NONE', #6067, 1000.000000000000000 ) ;
#281 = EDGE_CURVE ( 'NONE', #5394, #4411, #1726, .T. ) ;
#282 = VECTOR ( 'NONE', #880, 1000.000000000000000 ) ;
#283 = ORIENTED_EDGE ( 'NONE', *, *, #7020, .F. ) ;
#284 = VERTEX_POINT ( 'NONE', #6347 ) ;
#285 = CARTESIAN_POINT ( 'NONE',  ( 60.89999999999999858, -70.68000000000000682, 6.500000000000000888 ) ) ;
#286 = LINE ( 'NONE', #2501, #3658 ) ;
#287 = EDGE_LOOP ( 'NONE', ( #1949, #3934, #1774, #1856 ) ) ;
#288 = ORIENTED_EDGE ( 'NONE', *, *, #6184, .T. ) ;
#289 = CARTESIAN_POINT ( 'NONE',  ( 46.90000000000001279, -126.1249997450000251, -4.500000000000000888 ) ) ;
#290 = CARTESIAN_POINT ( 'NONE',  ( 62.89999999999999858, -59.17999999999999972, -6.500000000000002665 ) ) ;
#291 = DIRECTION ( 'NONE',  ( 0.000000000000000000, 0.000000000000000000, 1.000000000000000000 ) ) ;
#292 = VECTOR ( 'NONE', #6827, 1000.000000000000000 ) ;
#293 = DIRECTION ( 'NONE',  ( -3.194334880715847085E-16, 1.000000000000000000, 0.000000000000000000 ) ) ;
#294 = ADVANCED_FACE ( 'NONE', ( #4669 ), #2560, .T. ) ;
#295 = DIRECTION ( 'NONE',  ( -1.000000000000000000, 0.000000000000000000, 0.000000000000000000 ) ) ;
#296 = LINE ( 'NONE', #2654, #2587 ) ;
#297 = ORIENTED_EDGE ( 'NONE', *, *, #4403, .F. ) ;
#298 = DIRECTION ( 'NONE',  ( 1.000000000000000000, 0.000000000000000000, 0.000000000000000000 ) ) ;
#299 = LINE ( 'NONE', #2626, #2215 ) ;
#300 = CARTESIAN_POINT ( 'NONE',  ( 67.41811817616246572, -149.3699994899999979, 4.530145600207179157 ) ) ;
#301 = FACE_OUTER_BOUND ( 'NONE', #4667, .T. ) ;
#302 = DIRECTION ( 'NONE',  ( -1.000000000000000000, 0.000000000000000000, 0.000000000000000000 ) ) ;
#303 = EDGE_CURVE ( 'NONE', #1075, #4981, #2203, .T. ) ;
#304 = ORIENTED_EDGE ( 'NONE', *, *, #4212, .F. ) ;
#305 = ORIENTED_EDGE ( 'NONE', *, *, #2786, .T. ) ;
#306 = EDGE_CURVE ( 'NONE', #80, #4862, #1162, .T. ) ;
#307 = ORIENTED_EDGE ( 'NONE', *, *, #1081, .F. ) ;
#308 = LINE ( 'NONE', #847, #4835 ) ;
#309 = CARTESIAN_POINT ( 'NONE',  ( 60.89999999999999858, -62.67999999999999972, 7.059999999999996056 ) ) ;
#310 = CARTESIAN_POINT ( 'NONE',  ( 64.90000000000000568, -64.68000000000000682, 12.50000000000000000 ) ) ;
#311 =( BOUNDED_SURFACE ( )  B_SPLINE_SURFACE ( 3, 2, ( 
 ( #2096, #5993, #7288 ),
 ( #3193, #5527, #2597 ),
 ( #4858, #4363, #1451 ),
 ( #3729, #300, #807 ),
 ( #3228, #6570, #2665 ),
 ( #4966, #7137, #1941 ),
 ( #1491, #4256, #6639 ),
 ( #2516, #3154, #1985 ),
 ( #6026, #1528, #3839 ),
 ( #1385, #915, #3697 ),
 ( #3763, #4296, #3270 ),
 ( #264, #188, #5419 ),
 ( #4896, #3115, #6066 ),
 ( #7215, #2018, #837 ),
 ( #2555, #6605, #1415 ),
 ( #878, #6105, #2627 ),
 ( #6673, #4926, #7248 ),
 ( #3803, #7362, #6353 ) ),
 .UNSPECIFIED., .F., .F., .T. ) 
 B_SPLINE_SURFACE_WITH_KNOTS ( ( 4, 2, 2, 2, 2, 2, 2, 2, 4 ),
 ( 3, 3 ),
 ( 0.01376256511013228961, 0.01454657295724483788, 0.01533058080435738615, 0.01611458865146993269, 0.01689859649858248269, 0.01768260434569503270, 0.01846661219280758270, 0.01925062003992013271, 0.02003462788703267924 ),
 ( 0.000000000000000000, 1.000000000000000000 ),
 .UNSPECIFIED. ) 
 GEOMETRIC_REPRESENTATION_ITEM ( )  RATIONAL_B_SPLINE_SURFACE ( (
 ( 1.000000000000000000, 0.7071067811865475727, 1.000000000000000000),
 ( 1.000000000000000000, 0.7093985667660784866, 1.000000000000000000),
 ( 1.000000000000000000, 0.7108687378636983079, 1.000000000000000000),
 ( 1.000000000000000000, 0.7131922436082370753, 1.000000000000000000),
 ( 1.000000000000000000, 0.7140382049956022215, 1.000000000000000000),
 ( 1.000000000000000000, 0.7154002607954759174, 1.000000000000000000),
 ( 1.000000000000000000, 0.7159124265434829715, 1.000000000000000000),
 ( 1.000000000000000000, 0.7167667894188186617, 1.000000000000000000),
 ( 1.000000000000000000, 0.7171060895428512660, 1.000000000000000000),
 ( 1.000000000000000000, 0.7176654898444608799, 1.000000000000000000),
 ( 1.000000000000000000, 0.7178818407247981037, 1.000000000000000000),
 ( 1.000000000000000000, 0.7182372111817315607, 1.000000000000000000),
 ( 1.000000000000000000, 0.7183764170021066375, 1.000000000000000000),
 ( 1.000000000000000000, 0.7185928542720644296, 1.000000000000000000),
 ( 1.000000000000000000, 0.7186688004077578240, 1.000000000000000000),
 ( 1.000000000000000000, 0.7187702286198730528, 1.000000000000000000),
 ( 1.000000000000000000, 0.7187953324321275650, 1.000000000000000000),
 ( 1.000000000000000000, 0.7187952884282595711, 1.000000000000000000) ) ) 
 REPRESENTATION_ITEM ( '' )  SURFACE ( )  );
#312 = ORIENTED_EDGE ( 'NONE', *, *, #2097, .F. ) ;
#313 = VERTEX_POINT ( 'NONE', #1689 ) ;
#314 = DIRECTION ( 'NONE',  ( -0.000000000000000000, 1.000000000000000000, -0.000000000000000000 ) ) ;
#315 = DIRECTION ( 'NONE',  ( 0.000000000000000000, -1.000000000000000000, 0.000000000000000000 ) ) ;
#316 = ORIENTED_EDGE ( 'NONE', *, *, #2346, .T. ) ;
#317 = ADVANCED_FACE ( 'NONE', ( #1223 ), #6306, .F. ) ;
#318 = VERTEX_POINT ( 'NONE', #6412 ) ;
#319 = CYLINDRICAL_SURFACE ( 'NONE', #6634, 0.5000000000000004441 ) ;
#320 = CARTESIAN_POINT ( 'NONE',  ( 108.1499998649999839, -151.2699994900000036, 4.500000000000002665 ) ) ;
#321 = FACE_OUTER_BOUND ( 'NONE', #2712, .T. ) ;
#322 = LINE ( 'NONE', #3373, #1943 ) ;
#323 = CARTESIAN_POINT ( 'NONE',  ( 77.64999986499999807, -142.6699994900000092, -0.3500000000000152434 ) ) ;
#324 = CARTESIAN_POINT ( 'NONE',  ( 75.44999986500000944, -149.5699994899999865, 13.50000000000000178 ) ) ;
#325 = DIRECTION ( 'NONE',  ( 0.000000000000000000, 0.000000000000000000, 1.000000000000000000 ) ) ;
#326 = ORIENTED_EDGE ( 'NONE', *, *, #1, .T. ) ;
#327 = ADVANCED_FACE ( 'NONE', ( #3532 ), #65, .F. ) ;
#328 = CARTESIAN_POINT ( 'NONE',  ( 120.5999999999999801, -149.5699994899999865, 4.500000000000000888 ) ) ;
#329 = LINE ( 'NONE', #2702, #6908 ) ;
#330 = AXIS2_PLACEMENT_3D ( 'NONE', #2494, #1911, #4798 ) ;
#331 = VECTOR ( 'NONE', #5640, 1000.000000000000000 ) ;
#332 = ADVANCED_FACE ( 'NONE', ( #5838 ), #6571, .T. ) ;
#333 = ORIENTED_EDGE ( 'NONE', *, *, #4460, .T. ) ;
#334 = FACE_OUTER_BOUND ( 'NONE', #117, .T. ) ;
#335 =( GEOMETRIC_REPRESENTATION_CONTEXT ( 3 ) GLOBAL_UNCERTAINTY_ASSIGNED_CONTEXT ( ( #955 ) ) GLOBAL_UNIT_ASSIGNED_CONTEXT ( ( #1010, #1624, #1500 ) ) REPRESENTATION_CONTEXT ( 'NONE', 'WORKASPACE' ) );
#336 = AXIS2_PLACEMENT_3D ( 'NONE', #965, #2111, #1425 ) ;
#337 = DIRECTION ( 'NONE',  ( 0.000000000000000000, 0.000000000000000000, 1.000000000000000000 ) ) ;
#338 = CARTESIAN_POINT ( 'NONE',  ( 118.6000000000000085, -147.5699994899999865, 6.500000000000001776 ) ) ;
#339 = CARTESIAN_POINT ( 'NONE',  ( 116.0874479263369352, -147.4046771649439052, 4.563839497794062616 ) ) ;
#340 = UNCERTAINTY_MEASURE_WITH_UNIT (LENGTH_MEASURE( 1.000000000000000082E-05 ), #3455, 'distance_accuracy_value', 'NONE');
#341 = STYLED_ITEM ( 'NONE', ( #1579 ), #5809 ) ;
#342 = VERTEX_POINT ( 'NONE', #2506 ) ;
#343 = ORIENTED_EDGE ( 'NONE', *, *, #1123, .T. ) ;
#344 = VECTOR ( 'NONE', #7257, 1000.000000000000000 ) ;
#345 = DIRECTION ( 'NONE',  ( 0.000000000000000000, 0.000000000000000000, 1.000000000000000000 ) ) ;
#346 = VECTOR ( 'NONE', #5002, 1000.000000000000000 ) ;
#347 = ORIENTED_EDGE ( 'NONE', *, *, #3413, .T. ) ;
#348 = ORIENTED_EDGE ( 'NONE', *, *, #3191, .F. ) ;
#349 = CYLINDRICAL_SURFACE ( 'NONE', #601, 2.000000000000001776 ) ;
#350 = CARTESIAN_POINT ( 'NONE',  ( 75.64999986499999807, -142.6699994900000092, 0.000000000000000000 ) ) ;
#351 = CIRCLE ( 'NONE', #3397, 12.00000000000001066 ) ;
#352 = CIRCLE ( 'NONE', #968, 4.950000000000001066 ) ;
#353 = DIRECTION ( 'NONE',  ( -0.000000000000000000, -0.000000000000000000, 1.000000000000000000 ) ) ;
#354 = ORIENTED_EDGE ( 'NONE', *, *, #787, .T. ) ;
#355 = EDGE_LOOP ( 'NONE', ( #5140, #6680, #2076, #5313 ) ) ;
#356 = CARTESIAN_POINT ( 'NONE',  ( 78.14999986499999807, -148.5699994899999865, 9.460000009999999904 ) ) ;
#357 = DIRECTION ( 'NONE',  ( 0.000000000000000000, 0.000000000000000000, 1.000000000000000000 ) ) ;
#358 = ORIENTED_EDGE ( 'NONE', *, *, #2811, .F. ) ;
#359 = DIRECTION ( 'NONE',  ( 0.000000000000000000, 0.000000000000000000, 1.000000000000000000 ) ) ;
#360 = AXIS2_PLACEMENT_3D ( 'NONE', #2190, #3948, #1247 ) ;
#361 = EDGE_LOOP ( 'NONE', ( #5765, #3772, #811, #1653 ) ) ;
#362 = CARTESIAN_POINT ( 'NONE',  ( 61.89999999999999858, -93.80499999999999261, 5.059999999999987175 ) ) ;
#363 = CYLINDRICAL_SURFACE ( 'NONE', #1965, 0.2000000000000057288 ) ;
#364 = CARTESIAN_POINT ( 'NONE',  ( 120.6000000000000227, -64.68000000000000682, 6.500000000000001776 ) ) ;
#365 = AXIS2_PLACEMENT_3D ( 'NONE', #4100, #2328, #1163 ) ;
#366 = AXIS2_PLACEMENT_3D ( 'NONE', #5886, #1837, #1240 ) ;
#367 = CARTESIAN_POINT ( 'NONE',  ( 58.89999999999999147, -80.30499999999999261, 1.860000000000014087 ) ) ;
#368 = EDGE_CURVE ( 'NONE', #4166, #7383, #1406, .T. ) ;
#369 = ADVANCED_FACE ( 'NONE', ( #7120 ), #1969, .T. ) ;
#370 = AXIS2_PLACEMENT_3D ( 'NONE', #830, #5519, #907 ) ;
#371 = CARTESIAN_POINT ( 'NONE',  ( 126.6536836134173285, -118.7535778352191755, -3.856159513852463139 ) ) ;
#372 = CARTESIAN_POINT ( 'NONE',  ( 60.89999999999999858, -62.67999999999999972, 13.50000000000000178 ) ) ;
#373 = CARTESIAN_POINT ( 'NONE',  ( 68.64999986499999807, -142.6699994900000092, -2.000000000000000000 ) ) ;
#374 = VERTEX_POINT ( 'NONE', #7206 ) ;
#375 = CIRCLE ( 'NONE', #2819, 12.49999999999999645 ) ;
#376 = DIRECTION ( 'NONE',  ( 1.000000000000000000, 0.000000000000000000, 0.000000000000000000 ) ) ;
#377 = CARTESIAN_POINT ( 'NONE',  ( 77.64999986499999807, -142.6699994900000092, -0.3500000000000152434 ) ) ;
#378 = VERTEX_POINT ( 'NONE', #209 ) ;
#379 = EDGE_CURVE ( 'NONE', #2631, #6278, #4144, .T. ) ;
#380 = VECTOR ( 'NONE', #2743, 1000.000000000000000 ) ;
#381 = CIRCLE ( 'NONE', #2692, 4.000000000000003553 ) ;
#382 = CARTESIAN_POINT ( 'NONE',  ( 82.89999986499999807, -152.9699994900000206, 4.510000009999998838 ) ) ;
#383 = CIRCLE ( 'NONE', #2827, 2.000000000000001776 ) ;
#384 = DIRECTION ( 'NONE',  ( 0.000000000000000000, 1.000000000000000000, 0.000000000000000000 ) ) ;
#385 = CARTESIAN_POINT ( 'NONE',  ( 62.89999999999999858, -58.67999999999999261, 13.50000000000000178 ) ) ;
#386 = CARTESIAN_POINT ( 'NONE',  ( 64.90000000000003411, -143.5699994899999865, 6.500000000000000888 ) ) ;
#387 = VERTEX_POINT ( 'NONE', #3718 ) ;
#388 = VERTEX_POINT ( 'NONE', #6015 ) ;
#389 = AXIS2_PLACEMENT_3D ( 'NONE', #3895, #6728, #4907 ) ;
#390 = DIRECTION ( 'NONE',  ( 1.000000000000000000, 0.000000000000000000, 0.000000000000000000 ) ) ;
#391 = CARTESIAN_POINT ( 'NONE',  ( 120.5999999999999943, -149.3699994899999979, -5.000000000000000000 ) ) ;
#392 = VECTOR ( 'NONE', #5029, 1000.000000000000000 ) ;
#393 = VERTEX_POINT ( 'NONE', #826 ) ;
#394 = ORIENTED_EDGE ( 'NONE', *, *, #6957, .T. ) ;
#395 = CARTESIAN_POINT ( 'NONE',  ( 75.64999986500001228, -151.0699994899999865, 4.500000000000002665 ) ) ;
#396 = CARTESIAN_POINT ( 'NONE',  ( 67.34999999999999432, -74.57500000000000284, -2.000000000000000000 ) ) ;
#397 = CARTESIAN_POINT ( 'NONE',  ( 78.14999986499999807, -153.5699994899999865, 22.36000001000000381 ) ) ;
#398 = EDGE_CURVE ( 'NONE', #1857, #971, #3140, .T. ) ;
#399 = VERTEX_POINT ( 'NONE', #1438 ) ;
#400 = ORIENTED_EDGE ( 'NONE', *, *, #2607, .F. ) ;
#401 = DIRECTION ( 'NONE',  ( 0.000000000000000000, 0.000000000000000000, -1.000000000000000000 ) ) ;
#402 = CARTESIAN_POINT ( 'NONE',  ( 120.5999999999999801, -66.67999999999999261, 2.500000000000000444 ) ) ;
#403 = ORIENTED_EDGE ( 'NONE', *, *, #1321, .F. ) ;
#404 = DIRECTION ( 'NONE',  ( 0.000000000000000000, -1.000000000000000000, 0.000000000000000000 ) ) ;
#405 = ORIENTED_EDGE ( 'NONE', *, *, #7397, .F. ) ;
#406 = FACE_OUTER_BOUND ( 'NONE', #5024, .T. ) ;
#407 = CIRCLE ( 'NONE', #6832, 0.2000000000000057288 ) ;
#408 = DIRECTION ( 'NONE',  ( 0.000000000000000000, 0.000000000000000000, 1.000000000000000000 ) ) ;
#409 = LINE ( 'NONE', #982, #2956 ) ;
#410 = CARTESIAN_POINT ( 'NONE',  ( 58.89999999999999147, -62.67999999999999972, 13.50000000000000178 ) ) ;
#411 = ORIENTED_EDGE ( 'NONE', *, *, #5998, .F. ) ;
#412 = VECTOR ( 'NONE', #834, 1000.000000000000000 ) ;
#413 = EDGE_CURVE ( 'NONE', #6058, #3029, #7421, .T. ) ;
#414 = EDGE_CURVE ( 'NONE', #1403, #2189, #5295, .T. ) ;
#415 = CYLINDRICAL_SURFACE ( 'NONE', #2100, 2.000000000000001776 ) ;
#416 = CARTESIAN_POINT ( 'NONE',  ( 46.89999999999999858, -86.12499974499999666, -4.000000000000000000 ) ) ;
#417 = DIRECTION ( 'NONE',  ( -0.000000000000000000, -0.000000000000000000, -1.000000000000000000 ) ) ;
#418 = EDGE_CURVE ( 'NONE', #5711, #3993, #6158, .T. ) ;
#419 = ORIENTED_EDGE ( 'NONE', *, *, #6095, .T. ) ;
#420 = PLANE ( 'NONE',  #5114 ) ;
#421 = DIRECTION ( 'NONE',  ( 0.000000000000000000, 0.000000000000000000, 1.000000000000000000 ) ) ;
#422 = ORIENTED_EDGE ( 'NONE', *, *, #4490, .T. ) ;
#423 = DIRECTION ( 'NONE',  ( -0.000000000000000000, 0.000000000000000000, -1.000000000000000000 ) ) ;
#424 = CARTESIAN_POINT ( 'NONE',  ( 124.6000000000000085, -86.49998660989348309, -1.170077910120232323 ) ) ;
#425 = ADVANCED_FACE ( 'NONE', ( #5642 ), #1474, .F. ) ;
#426 = DIRECTION ( 'NONE',  ( 0.000000000000000000, 0.000000000000000000, -1.000000000000000000 ) ) ;
#427 = DIRECTION ( 'NONE',  ( 0.000000000000000000, -1.000000000000000000, 0.000000000000000000 ) ) ;
#428 = VERTEX_POINT ( 'NONE', #3788 ) ;
#429 = ORIENTED_EDGE ( 'NONE', *, *, #2462, .T. ) ;
#430 = EDGE_CURVE ( 'NONE', #161, #6608, #597, .T. ) ;
#431 = CARTESIAN_POINT ( 'NONE',  ( 64.90000000000000568, -64.68000000000000682, 12.50000000000000000 ) ) ;
#432 = CARTESIAN_POINT ( 'NONE',  ( 126.6536836134232402, -93.49642165478708478, -3.856159513853949061 ) ) ;
#433 = ORIENTED_EDGE ( 'NONE', *, *, #6580, .T. ) ;
#434 = VERTEX_POINT ( 'NONE', #364 ) ;
#435 = DIRECTION ( 'NONE',  ( -1.000000000000000000, 0.000000000000000000, 0.000000000000000000 ) ) ;
#436 = DIRECTION ( 'NONE',  ( 1.000000000000000000, 0.000000000000000000, 0.000000000000000000 ) ) ;
#437 = ADVANCED_FACE ( 'NONE', ( #3216 ), #2732, .T. ) ;
#438 = CARTESIAN_POINT ( 'NONE',  ( 60.39999999999999858, -149.3699994899999979, 1.800000000000001155 ) ) ;
#439 = ORIENTED_EDGE ( 'NONE', *, *, #2899, .F. ) ;
#440 = ORIENTED_EDGE ( 'NONE', *, *, #4892, .F. ) ;
#441 = ADVANCED_FACE ( 'NONE', ( #6825 ), #1598, .T. ) ;
#442 = CARTESIAN_POINT ( 'NONE',  ( 116.6000000000000227, -60.67999999999999972, 2.500000000000000444 ) ) ;
#443 = CARTESIAN_POINT ( 'NONE',  ( 62.89999999999999858, -64.68000000000000682, 6.500000000000001776 ) ) ;
#444 = ORIENTED_EDGE ( 'NONE', *, *, #2517, .F. ) ;
#445 = LINE ( 'NONE', #3410, #5689 ) ;
#446 = ORIENTED_EDGE ( 'NONE', *, *, #2358, .F. ) ;
#447 = LINE ( 'NONE', #2157, #331 ) ;
#448 = CARTESIAN_POINT ( 'NONE',  ( 60.90000000000001279, -147.3699994899999979, 13.50000000000000178 ) ) ;
#449 = DIRECTION ( 'NONE',  ( 0.000000000000000000, 0.000000000000000000, -1.000000000000000000 ) ) ;
#450 = CARTESIAN_POINT ( 'NONE',  ( 118.0000000000000142, -74.57500000000000284, -0.3500000000000152434 ) ) ;
#451 = ORIENTED_EDGE ( 'NONE', *, *, #6008, .T. ) ;
#452 = CARTESIAN_POINT ( 'NONE',  ( 126.7188434965017905, -119.3033706949076844, -3.891987857107982229 ) ) ;
#453 = DIRECTION ( 'NONE',  ( -0.000000000000000000, -0.000000000000000000, -1.000000000000000000 ) ) ;
#454 = ORIENTED_EDGE ( 'NONE', *, *, #741, .F. ) ;
#455 = VERTEX_POINT ( 'NONE', #7315 ) ;
#456 = EDGE_CURVE ( 'NONE', #2842, #5550, #2539, .T. ) ;
#457 = LINE ( 'NONE', #6711, #3298 ) ;
#458 = DIRECTION ( 'NONE',  ( 0.000000000000000000, 0.000000000000000000, -1.000000000000000000 ) ) ;
#459 = ORIENTED_EDGE ( 'NONE', *, *, #7041, .T. ) ;
#460 = ADVANCED_FACE ( 'NONE', ( #321 ), #1569, .T. ) ;
#461 = CARTESIAN_POINT ( 'NONE',  ( 68.83305504389326757, -147.4359344396931135, 5.978889066704677901 ) ) ;
#462 = DIRECTION ( 'NONE',  ( -1.597167440357923543E-16, 1.000000000000000000, 0.000000000000000000 ) ) ;
#463 = DIRECTION ( 'NONE',  ( -1.000000000000000000, -0.000000000000000000, -0.000000000000000000 ) ) ;
#464 = CIRCLE ( 'NONE', #3735, 7.000000000000006217 ) ;
#465 = CARTESIAN_POINT ( 'NONE',  ( 46.89999999999991331, -98.12499974499999666, -4.500000000000000888 ) ) ;
#466 = EDGE_CURVE ( 'NONE', #1006, #2892, #409, .T. ) ;
#467 = EDGE_LOOP ( 'NONE', ( #6114, #3799, #2992, #7127 ) ) ;
#468 = ORIENTED_EDGE ( 'NONE', *, *, #5790, .F. ) ;
#469 = ADVANCED_FACE ( 'NONE', ( #6703 ), #5485, .T. ) ;
#470 = CIRCLE ( 'NONE', #4214, 3.250000000000002665 ) ;
#471 = AXIS2_PLACEMENT_3D ( 'NONE', #3092, #5320, #3627 ) ;
#472 = CARTESIAN_POINT ( 'NONE',  ( 126.9001256468102525, -93.20156477825928221, -4.332186101138050027 ) ) ;
#473 = APPLICATION_PROTOCOL_DEFINITION ( 'draft international standard', 'automotive_design', 1998, #7110 ) ;
#474 = EDGE_LOOP ( 'NONE', ( #1586, #6581, #4929, #5567 ) ) ;
#475 = ORIENTED_EDGE ( 'NONE', *, *, #4810, .T. ) ;
#476 = DIRECTION ( 'NONE',  ( -1.000000000000000000, -0.000000000000000000, -0.000000000000000000 ) ) ;
#477 = FACE_OUTER_BOUND ( 'NONE', #3770, .T. ) ;
#478 = DIRECTION ( 'NONE',  ( -0.000000000000000000, -1.000000000000000000, -0.000000000000000000 ) ) ;
#479 = AXIS2_PLACEMENT_3D ( 'NONE', #6154, #7337, #2063 ) ;
#480 = ORIENTED_EDGE ( 'NONE', *, *, #2296, .T. ) ;
#481 = ORIENTED_EDGE ( 'NONE', *, *, #2043, .T. ) ;
#482 = CARTESIAN_POINT ( 'NONE',  ( 46.75000000000004263, -113.6249997450000109, -7.000000000000000000 ) ) ;
#483 = CARTESIAN_POINT ( 'NONE',  ( 74.29849471706226893, -149.3699994900000263, -5.000000000000000000 ) ) ;
#484 = ORIENTED_EDGE ( 'NONE', *, *, #3144, .T. ) ;
#485 = VECTOR ( 'NONE', #1288, 1000.000000000000114 ) ;
#486 = DIRECTION ( 'NONE',  ( 1.000000000000000000, 0.000000000000000000, 0.000000000000000000 ) ) ;
#487 = DIRECTION ( 'NONE',  ( 1.000000000000000000, 0.000000000000000000, 0.000000000000000000 ) ) ;
#488 = ADVANCED_FACE ( 'NONE', ( #2199, #5072 ), #5602, .F. ) ;
#489 = DIRECTION ( 'NONE',  ( -0.000000000000000000, -1.000000000000000000, -0.000000000000000000 ) ) ;
#490 = CARTESIAN_POINT ( 'NONE',  ( 57.94805717993680361, -91.33547781799094878, -3.223686837860372911 ) ) ;
#491 = PLANE ( 'NONE',  #4245 ) ;
#492 = ORIENTED_EDGE ( 'NONE', *, *, #2198, .F. ) ;
#493 = DIRECTION ( 'NONE',  ( 0.000000000000000000, 0.000000000000000000, 1.000000000000000000 ) ) ;
#494 = LINE ( 'NONE', #3995, #1243 ) ;
#495 = ORIENTED_EDGE ( 'NONE', *, *, #1081, .T. ) ;
#496 = ORIENTED_EDGE ( 'NONE', *, *, #4730, .F. ) ;
#497 = VECTOR ( 'NONE', #7479, 1000.000000000000000 ) ;
#498 = AXIS2_PLACEMENT_3D ( 'NONE', #7483, #506, #2174 ) ;
#499 = FACE_OUTER_BOUND ( 'NONE', #1427, .T. ) ;
#500 = AXIS2_PLACEMENT_3D ( 'NONE', #7105, #4718, #6471 ) ;
#501 = CARTESIAN_POINT ( 'NONE',  ( 67.92597423578895643, -149.3699994899999695, 2.626814571950955024 ) ) ;
#502 = VERTEX_POINT ( 'NONE', #4948 ) ;
#503 = AXIS2_PLACEMENT_3D ( 'NONE', #5133, #4607, #960 ) ;
#504 = VECTOR ( 'NONE', #4205, 1000.000000000000000 ) ;
#505 = CARTESIAN_POINT ( 'NONE',  ( 75.64999986500001228, -151.6699994900000092, 4.300000000000001599 ) ) ;
#506 = DIRECTION ( 'NONE',  ( 0.000000000000000000, 0.000000000000000000, 1.000000000000000000 ) ) ;
#507 = CARTESIAN_POINT ( 'NONE',  ( 114.8691671890349397, -147.4334415659047295, 5.493676810469111160 ) ) ;
#508 = LINE ( 'NONE', #5657, #6802 ) ;
#509 = AXIS2_PLACEMENT_3D ( 'NONE', #4430, #5037, #1651 ) ;
#510 = VERTEX_POINT ( 'NONE', #1515 ) ;
#511 = EDGE_LOOP ( 'NONE', ( #2214, #6121, #6749, #1038 ) ) ;
#512 = EDGE_CURVE ( 'NONE', #594, #5974, #7236, .T. ) ;
#513 = AXIS2_PLACEMENT_3D ( 'NONE', #2205, #4429, #2735 ) ;
#514 = FACE_OUTER_BOUND ( 'NONE', #157, .T. ) ;
#515 = VERTEX_POINT ( 'NONE', #6130 ) ;
#516 = ORIENTED_EDGE ( 'NONE', *, *, #1273, .T. ) ;
#517 = VECTOR ( 'NONE', #6796, 1000.000000000000000 ) ;
#518 = DIRECTION ( 'NONE',  ( 1.000000000000000000, 0.000000000000000000, -0.000000000000000000 ) ) ;
#519 = EDGE_CURVE ( 'NONE', #2730, #3996, #7349, .T. ) ;
#520 = DIRECTION ( 'NONE',  ( 0.000000000000000000, 0.000000000000000000, 1.000000000000000000 ) ) ;
#521 = CIRCLE ( 'NONE', #2339, 0.4999999999999931721 ) ;
#522 = ORIENTED_EDGE ( 'NONE', *, *, #6487, .F. ) ;
#523 = EDGE_LOOP ( 'NONE', ( #2183, #7000, #3551, #3871, #6469, #3632, #3354, #1565, #4096, #6852, #6010, #4049, #4657, #1699, #652, #1210, #5055 ) ) ;
#524 = CIRCLE ( 'NONE', #4272, 0.2000000000000057288 ) ;
#525 = DIRECTION ( 'NONE',  ( -0.000000000000000000, 0.000000000000000000, 1.000000000000000000 ) ) ;
#526 = CYLINDRICAL_SURFACE ( 'NONE', #213, 2.000000000000015543 ) ;
#527 = ORIENTED_EDGE ( 'NONE', *, *, #1794, .F. ) ;
#528 = AXIS2_PLACEMENT_3D ( 'NONE', #87, #1885, #7149 ) ;
#529 = CARTESIAN_POINT ( 'NONE',  ( 60.39999999999999858, -149.3699994899999979, 2.500000000000000444 ) ) ;
#530 = DIRECTION ( 'NONE',  ( -1.000000000000000000, 0.000000000000000000, -0.000000000000000000 ) ) ;
#531 = DIRECTION ( 'NONE',  ( -0.000000000000000000, -0.000000000000000000, -1.000000000000000000 ) ) ;
#532 = EDGE_CURVE ( 'NONE', #80, #2842, #3253, .T. ) ;
#533 = CARTESIAN_POINT ( 'NONE',  ( 122.5999999999999659, -68.68000000000000682, 6.500000000000000888 ) ) ;
#534 = FACE_OUTER_BOUND ( 'NONE', #5816, .T. ) ;
#535 = ORIENTED_EDGE ( 'NONE', *, *, #689, .T. ) ;
#536 = AXIS2_PLACEMENT_3D ( 'NONE', #856, #5400, #4310 ) ;
#537 = CARTESIAN_POINT ( 'NONE',  ( 118.6000000000000085, -147.5699994899999865, 13.50000000000000178 ) ) ;
#538 = EDGE_CURVE ( 'NONE', #3757, #2910, #5851, .T. ) ;
#539 = LINE ( 'NONE', #2164, #4627 ) ;
#540 = AXIS2_PLACEMENT_3D ( 'NONE', #396, #889, #6765 ) ;
#541 = EDGE_LOOP ( 'NONE', ( #271, #4631, #6246, #3307 ) ) ;
#542 = EDGE_LOOP ( 'NONE', ( #7340, #1522 ) ) ;
#543 = EDGE_CURVE ( 'NONE', #6966, #6921, #3863, .T. ) ;
#544 = DIRECTION ( 'NONE',  ( -0.000000000000000000, -1.000000000000000000, -0.000000000000000000 ) ) ;
#545 = EDGE_CURVE ( 'NONE', #1935, #7452, #5237, .T. ) ;
#546 = LINE ( 'NONE', #3535, #497 ) ;
#547 = AXIS2_PLACEMENT_3D ( 'NONE', #2055, #3879, #4326 ) ;
#548 = VERTEX_POINT ( 'NONE', #6901 ) ;
#549 = CARTESIAN_POINT ( 'NONE',  ( 60.89999999999999858, -91.80499999999996419, -0.1399999999999990141 ) ) ;
#550 = DIRECTION ( 'NONE',  ( 1.000000000000000000, 0.000000000000000000, 0.000000000000000000 ) ) ;
#551 = CARTESIAN_POINT ( 'NONE',  ( 75.44999986500000944, -150.6699994899999808, 4.700000000000001954 ) ) ;
#552 = CYLINDRICAL_SURFACE ( 'NONE', #7411, 0.1999999999999996503 ) ;
#553 = VECTOR ( 'NONE', #1523, 1000.000000000000000 ) ;
#554 = ORIENTED_EDGE ( 'NONE', *, *, #3302, .T. ) ;
#555 = CARTESIAN_POINT ( 'NONE',  ( 106.7984947170622689, -149.3699994900000263, -5.000000000000000000 ) ) ;
#556 = ORIENTED_EDGE ( 'NONE', *, *, #2573, .T. ) ;
#557 = FACE_BOUND ( 'NONE', #3663, .T. ) ;
#558 = LINE ( 'NONE', #7376, #4160 ) ;
#559 = EDGE_CURVE ( 'NONE', #1423, #2154, #1833, .T. ) ;
#560 = ORIENTED_EDGE ( 'NONE', *, *, #4222, .F. ) ;
#561 = ORIENTED_EDGE ( 'NONE', *, *, #3956, .T. ) ;
#562 = DIRECTION ( 'NONE',  ( 1.000000000000000000, 0.000000000000000000, 0.000000000000000000 ) ) ;
#563 = DIRECTION ( 'NONE',  ( 1.000000000000000000, 2.220446049250311109E-15, 0.000000000000000000 ) ) ;
#564 = VERTEX_POINT ( 'NONE', #5924 ) ;
#565 = CARTESIAN_POINT ( 'NONE',  ( 66.90000000000000568, -62.67999999999999972, 6.500000000000000888 ) ) ;
#566 = CARTESIAN_POINT ( 'NONE',  ( 120.6000000000000227, -143.5699994899999865, 12.50000000000000000 ) ) ;
#567 = CARTESIAN_POINT ( 'NONE',  ( 124.0999999999999943, -62.67999999999999972, -6.500000000000002665 ) ) ;
#568 = FACE_OUTER_BOUND ( 'NONE', #892, .T. ) ;
#569 = DIRECTION ( 'NONE',  ( 1.000000000000000000, 0.000000000000000000, 0.000000000000000000 ) ) ;
#570 = ORIENTED_EDGE ( 'NONE', *, *, #5661, .F. ) ;
#571 = PLANE ( 'NONE',  #5737 ) ;
#572 = EDGE_CURVE ( 'NONE', #2854, #1585, #2279, .T. ) ;
#573 = CARTESIAN_POINT ( 'NONE',  ( 57.81728068145496024, -121.0864768830560791, -3.610424420702246895 ) ) ;
#574 = ORIENTED_EDGE ( 'NONE', *, *, #5454, .T. ) ;
#575 = EDGE_LOOP ( 'NONE', ( #4799, #3599, #7490, #4188, #4501, #6494, #3902, #2566, #1260, #6101, #6651, #2571, #4570, #3964, #6823, #4914, #6871, #4784, #6110, #5074, #3602, #3842 ) ) ;
#576 = CARTESIAN_POINT ( 'NONE',  ( 108.1499998649999839, -150.6699994899999808, 2.000000000000001776 ) ) ;
#577 = CARTESIAN_POINT ( 'NONE',  ( 59.40000000000001279, -126.1249997450000819, -7.000000000000000000 ) ) ;
#578 = ORIENTED_EDGE ( 'NONE', *, *, #6817, .F. ) ;
#579 = LINE ( 'NONE', #656, #2813 ) ;
#580 = EDGE_CURVE ( 'NONE', #5096, #6870, #6298, .T. ) ;
#581 = CARTESIAN_POINT ( 'NONE',  ( 133.5000000000000284, -106.1249997449999967, -4.000000000000000000 ) ) ;
#582 = FACE_BOUND ( 'NONE', #6909, .T. ) ;
#583 = EDGE_CURVE ( 'NONE', #3054, #2919, #6402, .T. ) ;
#584 = FACE_OUTER_BOUND ( 'NONE', #1419, .T. ) ;
#585 = CARTESIAN_POINT ( 'NONE',  ( 126.0250241412179406, -91.85325797844723184, -3.904529578270493850 ) ) ;
#586 = ORIENTED_EDGE ( 'NONE', *, *, #2043, .F. ) ;
#587 = DIRECTION ( 'NONE',  ( 0.000000000000000000, 0.000000000000000000, 1.000000000000000000 ) ) ;
#588 = CARTESIAN_POINT ( 'NONE',  ( 69.34999999999999432, -74.57500000000000284, -6.000000000000000000 ) ) ;
#589 = ORIENTED_EDGE ( 'NONE', *, *, #5812, .F. ) ;
#590 = ORIENTED_EDGE ( 'NONE', *, *, #6845, .T. ) ;
#591 = AXIS2_PLACEMENT_3D ( 'NONE', #4463, #6778, #1596 ) ;
#592 = DIRECTION ( 'NONE',  ( -0.000000000000000000, -0.000000000000000000, 1.000000000000000000 ) ) ;
#593 = CARTESIAN_POINT ( 'NONE',  ( 68.47211421989835856, -149.3699994899999979, 13.50000000000000178 ) ) ;
#594 = VERTEX_POINT ( 'NONE', #697 ) ;
#595 = DIRECTION ( 'NONE',  ( 0.000000000000000000, 0.000000000000000000, 1.000000000000000000 ) ) ;
#596 = CARTESIAN_POINT ( 'NONE',  ( 64.90000000000000568, -147.5699994899999865, 12.15000000000002700 ) ) ;
#597 = CIRCLE ( 'NONE', #7132, 2.000000000000000000 ) ;
#598 = CIRCLE ( 'NONE', #1570, 1.999999999999988010 ) ;
#599 = PLANE ( 'NONE',  #1040 ) ;
#600 = ORIENTED_EDGE ( 'NONE', *, *, #4269, .T. ) ;
#601 = AXIS2_PLACEMENT_3D ( 'NONE', #2110, #1460, #923 ) ;
#602 = CARTESIAN_POINT ( 'NONE',  ( 124.9121694673112160, -123.1043395599827903, -2.344795513816228638 ) ) ;
#603 = DIRECTION ( 'NONE',  ( 0.000000000000000000, 0.000000000000000000, 1.000000000000000000 ) ) ;
#604 = EDGE_LOOP ( 'NONE', ( #6309, #3341 ) ) ;
#605 = VERTEX_POINT ( 'NONE', #6337 ) ;
#606 = EDGE_CURVE ( 'NONE', #1966, #2933, #4031, .T. ) ;
#607 = CARTESIAN_POINT ( 'NONE',  ( 55.53999999999999915, -94.45268849999077077, -4.000000000000000000 ) ) ;
#608 = ADVANCED_FACE ( 'NONE', ( #568 ), #4455, .T. ) ;
#609 = CARTESIAN_POINT ( 'NONE',  ( 70.49016600280324951, -149.3699994899999979, 4.723976143095680591 ) ) ;
#610 = EDGE_CURVE ( 'NONE', #6608, #2630, #5760, .T. ) ;
#611 = VERTEX_POINT ( 'NONE', #4186 ) ;
#612 = DIRECTION ( 'NONE',  ( 1.000000000000000000, 0.000000000000000000, 0.000000000000000000 ) ) ;
#613 = VECTOR ( 'NONE', #2706, 1000.000000000000000 ) ;
#614 = CARTESIAN_POINT ( 'NONE',  ( 58.90000000000000568, -149.5699994899999865, 13.50000000000000178 ) ) ;
#615 = CARTESIAN_POINT ( 'NONE',  ( 61.89999999999999858, -82.30500000000000682, -0.1400000000000001799 ) ) ;
#616 = AXIS2_PLACEMENT_3D ( 'NONE', #1543, #3288, #401 ) ;
#617 = DIRECTION ( 'NONE',  ( -1.000000000000000000, 0.000000000000000000, 0.000000000000000000 ) ) ;
#618 = ADVANCED_FACE ( 'NONE', ( #3991 ), #3502, .T. ) ;
#619 = AXIS2_PLACEMENT_3D ( 'NONE', #4811, #7089, #6053 ) ;
#620 = AXIS2_PLACEMENT_3D ( 'NONE', #3977, #6923, #6280 ) ;
#621 = CIRCLE ( 'NONE', #124, 4.000000000000003553 ) ;
#622 = LINE ( 'NONE', #730, #7032 ) ;
#623 = CARTESIAN_POINT ( 'NONE',  ( 75.64999986500001228, -151.2699994900000036, 4.300000000000001599 ) ) ;
#624 = CYLINDRICAL_SURFACE ( 'NONE', #40, 0.2000000000000057288 ) ;
#625 = VECTOR ( 'NONE', #6009, 1000.000000000000000 ) ;
#626 = ADVANCED_FACE ( 'NONE', ( #5177 ), #3439, .F. ) ;
#627 = ORIENTED_EDGE ( 'NONE', *, *, #5901, .F. ) ;
#628 = ORIENTED_EDGE ( 'NONE', *, *, #7154, .T. ) ;
#629 = PLANE ( 'NONE',  #6545 ) ;
#630 = AXIS2_PLACEMENT_3D ( 'NONE', #773, #836, #1348 ) ;
#631 = CARTESIAN_POINT ( 'NONE',  ( 46.75000000000004263, -106.1249997449999967, -4.000000000000000000 ) ) ;
#632 = ORIENTED_EDGE ( 'NONE', *, *, #3574, .F. ) ;
#633 = CARTESIAN_POINT ( 'NONE',  ( 108.1499998649999981, -142.6699994900000092, -2.000000000000000000 ) ) ;
#634 = DIRECTION ( 'NONE',  ( 0.000000000000000000, 0.000000000000000000, -1.000000000000000000 ) ) ;
#635 = ADVANCED_FACE ( 'NONE', ( #7181 ), #3699, .T. ) ;
#636 = AXIS2_PLACEMENT_3D ( 'NONE', #3032, #1405, #1437 ) ;
#637 = FACE_OUTER_BOUND ( 'NONE', #3336, .T. ) ;
#638 = DIRECTION ( 'NONE',  ( 0.000000000000000000, 1.000000000000000000, -0.000000000000000000 ) ) ;
#639 = ORIENTED_EDGE ( 'NONE', *, *, #606, .F. ) ;
#640 = CARTESIAN_POINT ( 'NONE',  ( 125.0937966455733203, -122.3537134129264956, -2.658870908990443649 ) ) ;
#641 = CIRCLE ( 'NONE', #1258, 2.000000000000000000 ) ;
#642 = CARTESIAN_POINT ( 'NONE',  ( 57.77250365539126165, -120.9852311802501248, -3.389930888827148880 ) ) ;
#643 = ORIENTED_EDGE ( 'NONE', *, *, #543, .F. ) ;
#644 = ORIENTED_EDGE ( 'NONE', *, *, #610, .T. ) ;
#645 = AXIS2_PLACEMENT_3D ( 'NONE', #3648, #1934, #977 ) ;
#646 = AXIS2_PLACEMENT_3D ( 'NONE', #4473, #6745, #325 ) ;
#647 = DIRECTION ( 'NONE',  ( -0.000000000000000000, -0.000000000000000000, -1.000000000000000000 ) ) ;
#648 = EDGE_CURVE ( 'NONE', #814, #230, #2056, .T. ) ;
#649 = VECTOR ( 'NONE', #3829, 1000.000000000000000 ) ;
#650 = FACE_OUTER_BOUND ( 'NONE', #5065, .T. ) ;
#651 = AXIS2_PLACEMENT_3D ( 'NONE', #2574, #3712, #1365 ) ;
#652 = ORIENTED_EDGE ( 'NONE', *, *, #6845, .F. ) ;
#653 = VECTOR ( 'NONE', #5733, 1000.000000000000000 ) ;
#654 = AXIS2_PLACEMENT_3D ( 'NONE', #3011, #3083, #1874 ) ;
#655 = EDGE_CURVE ( 'NONE', #1481, #4220, #6840, .T. ) ;
#656 = CARTESIAN_POINT ( 'NONE',  ( 120.0000000000000142, -74.57500000000000284, 0.000000000000000000 ) ) ;
#657 = DIRECTION ( 'NONE',  ( 0.000000000000000000, -0.000000000000000000, -1.000000000000000000 ) ) ;
#658 = CARTESIAN_POINT ( 'NONE',  ( 77.94999986499999522, -152.9699994900000206, 30.00000000000000355 ) ) ;
#659 = VECTOR ( 'NONE', #463, 1000.000000000000000 ) ;
#660 = CARTESIAN_POINT ( 'NONE',  ( 116.6000000000000227, -62.67999999999999972, 6.500000000000000888 ) ) ;
#661 = AXIS2_PLACEMENT_3D ( 'NONE', #5991, #4818, #3725 ) ;
#662 = CARTESIAN_POINT ( 'NONE',  ( 125.7274963446084826, -91.26476830974928589, -3.389930888827655142 ) ) ;
#663 = CARTESIAN_POINT ( 'NONE',  ( 46.75000000000004263, -98.62499974499999666, -7.000000000000000000 ) ) ;
#664 = DIRECTION ( 'NONE',  ( 3.194334880715847085E-16, -1.000000000000000000, -0.000000000000000000 ) ) ;
#665 = AXIS2_PLACEMENT_3D ( 'NONE', #5828, #638, #7005 ) ;
#666 = EDGE_CURVE ( 'NONE', #3100, #7222, #2245, .T. ) ;
#667 = ORIENTED_EDGE ( 'NONE', *, *, #2844, .T. ) ;
#668 = EDGE_LOOP ( 'NONE', ( #5889, #4408, #5043, #2305, #3212, #3208, #4113, #3825 ) ) ;
#669 = CARTESIAN_POINT ( 'NONE',  ( 122.5999999999999801, -62.67999999999999972, -5.000000000000000888 ) ) ;
#670 = DIRECTION ( 'NONE',  ( 0.000000000000000000, -0.000000000000000000, -1.000000000000000000 ) ) ;
#671 = EDGE_CURVE ( 'NONE', #1006, #1548, #5862, .T. ) ;
#672 = EDGE_LOOP ( 'NONE', ( #6393, #1028, #1496, #5434 ) ) ;
#673 = DIRECTION ( 'NONE',  ( 1.000000000000000000, -0.000000000000000000, -0.000000000000000000 ) ) ;
#674 = DIRECTION ( 'NONE',  ( 1.000000000000000000, 1.597167440357923543E-16, -0.000000000000000000 ) ) ;
#675 = DIRECTION ( 'NONE',  ( 0.000000000000000000, 1.000000000000000000, 0.000000000000000000 ) ) ;
#676 = EDGE_CURVE ( 'NONE', #5652, #6058, #2628, .T. ) ;
#677 = CYLINDRICAL_SURFACE ( 'NONE', #2973, 2.000000000000001776 ) ;
#678 = ORIENTED_EDGE ( 'NONE', *, *, #3196, .T. ) ;
#679 = DIRECTION ( 'NONE',  ( -0.000000000000000000, -0.000000000000000000, -1.000000000000000000 ) ) ;
#680 = CARTESIAN_POINT ( 'NONE',  ( 66.90000000000000568, -62.67999999999999972, 2.500000000000000444 ) ) ;
#681 = EDGE_LOOP ( 'NONE', ( #6592, #3910, #4980, #1648 ) ) ;
#682 = ORIENTED_EDGE ( 'NONE', *, *, #4952, .T. ) ;
#683 = CARTESIAN_POINT ( 'NONE',  ( 67.25000000000001421, -64.68000000000000682, 12.50000000000000000 ) ) ;
#684 = DIRECTION ( 'NONE',  ( 1.000000000000000000, 0.000000000000000000, 0.000000000000000000 ) ) ;
#685 = DIRECTION ( 'NONE',  ( -3.194334880715847085E-16, 1.000000000000000000, 0.000000000000000000 ) ) ;
#686 = CARTESIAN_POINT ( 'NONE',  ( 70.89666574022598411, -149.3699994899999979, 6.500000000000000888 ) ) ;
#687 = DIRECTION ( 'NONE',  ( -1.000000000000000000, -0.000000000000000000, -0.000000000000000000 ) ) ;
#688 = VERTEX_POINT ( 'NONE', #5010 ) ;
#689 = EDGE_CURVE ( 'NONE', #738, #5279, #3195, .T. ) ;
#690 = CARTESIAN_POINT ( 'NONE',  ( 136.7500000000000284, -106.1249997449999967, -4.000000000000000000 ) ) ;
#691 = CARTESIAN_POINT ( 'NONE',  ( 108.1499998649999839, -152.5699994899999865, 13.50000000000000178 ) ) ;
#692 = FACE_OUTER_BOUND ( 'NONE', #523, .T. ) ;
#693 = CARTESIAN_POINT ( 'NONE',  ( 65.34999999999999432, -74.57500000000000284, -0.3500000000000152434 ) ) ;
#694 = DIRECTION ( 'NONE',  ( 0.000000000000000000, 0.000000000000000000, 1.000000000000000000 ) ) ;
#695 = CARTESIAN_POINT ( 'NONE',  ( 70.89666574022596990, -147.3699994899999695, 6.500000000000000888 ) ) ;
#696 = ADVANCED_FACE ( 'NONE', ( #954 ), #3272, .T. ) ;
#697 = CARTESIAN_POINT ( 'NONE',  ( 120.5999999999999801, -60.67999999999999972, 2.500000000000000444 ) ) ;
#698 = EDGE_CURVE ( 'NONE', #2723, #4875, #4140, .T. ) ;
#699 = VERTEX_POINT ( 'NONE', #386 ) ;
#700 = VERTEX_POINT ( 'NONE', #5697 ) ;
#701 = CARTESIAN_POINT ( 'NONE',  ( 58.89999999999997726, -125.7500128800810302, -1.170077910064031723 ) ) ;
#702 = CYLINDRICAL_SURFACE ( 'NONE', #4821, 0.2000000000000057288 ) ;
#703 = ORIENTED_EDGE ( 'NONE', *, *, #6723, .F. ) ;
#704 = CARTESIAN_POINT ( 'NONE',  ( 46.90000000000001279, -126.1249997450000251, -4.000000000000000000 ) ) ;
#705 = B_SPLINE_CURVE_WITH_KNOTS ( 'NONE', 3,
 ( #3665, #1992, #5966, #3088, #4828, #195, #2565, #7188, #843, #5280, #81, #2415, #7031, #1285, #701, #3016 ),
 .UNSPECIFIED., .F., .F.,
 ( 4, 2, 2, 2, 2, 2, 2, 4 ),
 ( 0.000000000000000000, 0.001235262798645909814, 0.002470525597291819194, 0.004941051194583673950, 0.006176313993229620193, 0.007411576791875565569, 0.008646839590521511812, 0.009882102389167420758 ),
 .UNSPECIFIED. ) ;
#706 = CARTESIAN_POINT ( 'NONE',  ( 126.0188372579172977, -91.84210432826677106, -3.900222949370173886 ) ) ;
#707 = LINE ( 'NONE', #851, #1972 ) ;
#708 = AXIS2_PLACEMENT_3D ( 'NONE', #1370, #4807, #3681 ) ;
#709 = DIRECTION ( 'NONE',  ( 0.000000000000000000, 0.000000000000000000, 1.000000000000000000 ) ) ;
#710 = ORIENTED_EDGE ( 'NONE', *, *, #6051, .T. ) ;
#711 = DIRECTION ( 'NONE',  ( -0.000000000000000000, -0.000000000000000000, -1.000000000000000000 ) ) ;
#712 = AXIS2_PLACEMENT_3D ( 'NONE', #402, #931, #3244 ) ;
#713 = CARTESIAN_POINT ( 'NONE',  ( 58.58783053268810193, -123.1043395599827051, -2.344795513817409915 ) ) ;
#714 = ORIENTED_EDGE ( 'NONE', *, *, #2661, .T. ) ;
#715 = CIRCLE ( 'NONE', #2651, 4.750000000000001776 ) ;
#716 = EDGE_LOOP ( 'NONE', ( #6655, #1976, #4900, #3242, #5463 ) ) ;
#717 = CARTESIAN_POINT ( 'NONE',  ( 108.1499998649999839, -150.8699994899999979, 30.00000000000000355 ) ) ;
#718 = CARTESIAN_POINT ( 'NONE',  ( 136.5999999999999943, -86.12499974499999666, -6.500000000000000888 ) ) ;
#719 = CARTESIAN_POINT ( 'NONE',  ( 58.58783053268776797, -89.14565993002034361, -2.344795513817990340 ) ) ;
#720 = FACE_OUTER_BOUND ( 'NONE', #4536, .T. ) ;
#721 = CARTESIAN_POINT ( 'NONE',  ( 46.90000000000001279, -126.1249997450000251, -6.500000000000000888 ) ) ;
#722 = PLANE ( 'NONE',  #6716 ) ;
#723 = CARTESIAN_POINT ( 'NONE',  ( 46.89999999999999858, -86.12499974499999666, -4.500000000000000888 ) ) ;
#724 = ORIENTED_EDGE ( 'NONE', *, *, #5843, .F. ) ;
#725 = AXIS2_PLACEMENT_3D ( 'NONE', #1212, #54, #2387 ) ;
#726 = PLANE ( 'NONE',  #1461 ) ;
#727 = ADVANCED_FACE ( 'NONE', ( #7365 ), #552, .F. ) ;
#728 = CYLINDRICAL_SURFACE ( 'NONE', #3510, 3.999999999999976019 ) ;
#729 = VECTOR ( 'NONE', #2876, 1000.000000000000000 ) ;
#730 = CARTESIAN_POINT ( 'NONE',  ( 120.5999999999999943, -149.3699994899999979, -5.000000000000000000 ) ) ;
#731 = CYLINDRICAL_SURFACE ( 'NONE', #1229, 2.000000000000001776 ) ;
#732 = FACE_OUTER_BOUND ( 'NONE', #467, .T. ) ;
#733 = CONICAL_SURFACE ( 'NONE', #5568, 2.000000000000001776, 0.7853981633974581600 ) ;
#734 = CIRCLE ( 'NONE', #4963, 0.2000000000000057288 ) ;
#735 = CARTESIAN_POINT ( 'NONE',  ( 58.88178949775240767, -86.87736601311732443, -1.340905255032814214 ) ) ;
#736 = AXIS2_PLACEMENT_3D ( 'NONE', #5231, #1301, #4638 ) ;
#737 = ADVANCED_FACE ( 'NONE', ( #6800 ), #3540, .F. ) ;
#738 = VERTEX_POINT ( 'NONE', #6753 ) ;
#739 = ORIENTED_EDGE ( 'NONE', *, *, #1373, .F. ) ;
#740 = DIRECTION ( 'NONE',  ( 1.000000000000000000, 0.000000000000000000, -0.000000000000000000 ) ) ;
#741 = EDGE_CURVE ( 'NONE', #4615, #2317, #508, .T. ) ;
#742 = LINE ( 'NONE', #3162, #2778 ) ;
#743 = ORIENTED_EDGE ( 'NONE', *, *, #3311, .T. ) ;
#744 = LINE ( 'NONE', #1251, #7259 ) ;
#745 = CIRCLE ( 'NONE', #1729, 0.5000000000000004441 ) ;
#746 = PLANE ( 'NONE',  #5678 ) ;
#747 = CARTESIAN_POINT ( 'NONE',  ( 136.7500000000000284, -106.1249997449999967, -7.000000000000000000 ) ) ;
#748 = ORIENTED_EDGE ( 'NONE', *, *, #7209, .T. ) ;
#749 = AXIS2_PLACEMENT_3D ( 'NONE', #6291, #1101, #7309 ) ;
#750 = CARTESIAN_POINT ( 'NONE',  ( 58.89999999999999147, -91.80499999999996419, 7.060000000000001386 ) ) ;
#751 = CARTESIAN_POINT ( 'NONE',  ( 70.90000000000000568, -60.67999999999999972, 4.500000000000000888 ) ) ;
#752 = ORIENTED_EDGE ( 'NONE', *, *, #4184, .T. ) ;
#753 = CIRCLE ( 'NONE', #636, 12.50000000000000355 ) ;
#754 = EDGE_CURVE ( 'NONE', #4716, #4321, #6440, .T. ) ;
#755 = VERTEX_POINT ( 'NONE', #2746 ) ;
#756 = DIRECTION ( 'NONE',  ( 1.000000000000000000, 0.000000000000000000, 0.000000000000000000 ) ) ;
#757 = CARTESIAN_POINT ( 'NONE',  ( 124.1000000000000227, -149.5699994899999865, -7.000000000000000000 ) ) ;
#758 = CARTESIAN_POINT ( 'NONE',  ( 58.89999999999999147, -86.12499974499999666, -1.000000000000000000 ) ) ;
#759 = CARTESIAN_POINT ( 'NONE',  ( 120.5999999999999801, -62.67999999999999972, 2.500000000000000444 ) ) ;
#760 = VECTOR ( 'NONE', #3582, 1000.000000000000000 ) ;
#761 = VECTOR ( 'NONE', #6336, 1000.000000000000000 ) ;
#762 = EDGE_CURVE ( 'NONE', #2933, #3110, #6277, .T. ) ;
#763 = LINE ( 'NONE', #5152, #6671 ) ;
#764 = AXIS2_PLACEMENT_3D ( 'NONE', #4706, #7520, #2334 ) ;
#765 = EDGE_LOOP ( 'NONE', ( #1723, #6774, #3529, #2659 ) ) ;
#766 = EDGE_CURVE ( 'NONE', #1762, #4058, #1049, .T. ) ;
#767 = CARTESIAN_POINT ( 'NONE',  ( 56.10163124545152868, -118.4115868376430569, -4.461309391226038201 ) ) ;
#768 = VERTEX_POINT ( 'NONE', #465 ) ;
#769 = ADVANCED_FACE ( 'NONE', ( #6720 ), #1128, .T. ) ;
#770 = AXIS2_PLACEMENT_3D ( 'NONE', #3945, #7339, #6767 ) ;
#771 = DIRECTION ( 'NONE',  ( 1.000000000000000000, 0.000000000000000000, -0.000000000000000000 ) ) ;
#772 = CARTESIAN_POINT ( 'NONE',  ( 108.1499998649999839, -152.7699994900000036, 30.00000000000000355 ) ) ;
#773 = CARTESIAN_POINT ( 'NONE',  ( 120.5999999999999801, -62.67999999999999972, 13.50000000000000178 ) ) ;
#774 = CIRCLE ( 'NONE', #273, 2.000000000000001776 ) ;
#775 = CARTESIAN_POINT ( 'NONE',  ( 136.7500000000000284, -106.1249997449999967, -4.000000000000000000 ) ) ;
#776 = CARTESIAN_POINT ( 'NONE',  ( 108.1499998649999839, -150.6699994899999808, 30.00000000000000355 ) ) ;
#777 = CARTESIAN_POINT ( 'NONE',  ( 114.8048266345191593, -147.4342656108322274, 5.613570391020680006 ) ) ;
#778 = AXIS2_PLACEMENT_3D ( 'NONE', #7172, #6602, #5453 ) ;
#779 = VERTEX_POINT ( 'NONE', #6314 ) ;
#780 = VERTEX_POINT ( 'NONE', #6192 ) ;
#781 = DIRECTION ( 'NONE',  ( 1.000000000000000000, 0.000000000000000000, 0.000000000000000000 ) ) ;
#782 = VERTEX_POINT ( 'NONE', #5086 ) ;
#783 = EDGE_CURVE ( 'NONE', #4862, #871, #2868, .T. ) ;
#784 = LINE ( 'NONE', #6433, #7021 ) ;
#785 = CARTESIAN_POINT ( 'NONE',  ( 106.1499998649999981, -142.6699994900000092, -6.000000000000000000 ) ) ;
#786 = DIRECTION ( 'NONE',  ( 1.000000000000000000, -0.000000000000000000, -0.000000000000000000 ) ) ;
#787 = EDGE_CURVE ( 'NONE', #7413, #1411, #141, .T. ) ;
#788 = VERTEX_POINT ( 'NONE', #6846 ) ;
#789 = ORIENTED_EDGE ( 'NONE', *, *, #143, .T. ) ;
#790 = DIRECTION ( 'NONE',  ( 0.000000000000000000, 0.000000000000000000, 1.000000000000000000 ) ) ;
#791 = CARTESIAN_POINT ( 'NONE',  ( 60.89999999999999858, -82.30500000000000682, -0.1400000000000001799 ) ) ;
#792 = VERTEX_POINT ( 'NONE', #5620 ) ;
#793 = ORIENTED_EDGE ( 'NONE', *, *, #2262, .T. ) ;
#794 = CARTESIAN_POINT ( 'NONE',  ( 58.55261918886343153, -89.01567229139985216, -2.564166982526344896 ) ) ;
#795 = CARTESIAN_POINT ( 'NONE',  ( 118.6000000000000085, -147.5699994899999865, 12.50000000000000000 ) ) ;
#796 = CARTESIAN_POINT ( 'NONE',  ( 58.32487248891225562, -89.81619314873195492, -2.783478253751478171 ) ) ;
#797 = CARTESIAN_POINT ( 'NONE',  ( 64.90000000000000568, -64.68000000000000682, 6.500000000000001776 ) ) ;
#798 = EDGE_CURVE ( 'NONE', #6697, #4507, #2088, .T. ) ;
#799 = DIRECTION ( 'NONE',  ( 1.000000000000000000, 0.000000000000000000, -0.000000000000000000 ) ) ;
#800 = FACE_OUTER_BOUND ( 'NONE', #2578, .T. ) ;
#801 = CARTESIAN_POINT ( 'NONE',  ( 108.1499998649999839, -152.5699994899999865, 2.000000000000001776 ) ) ;
#802 = ORIENTED_EDGE ( 'NONE', *, *, #1912, .F. ) ;
#803 = CARTESIAN_POINT ( 'NONE',  ( 60.89999999999999858, -62.67999999999999972, 2.500000000000000444 ) ) ;
#804 = ADVANCED_FACE ( 'NONE', ( #3393 ), #4566, .F. ) ;
#805 = CARTESIAN_POINT ( 'NONE',  ( 108.1499998649999839, -151.4699994900000206, 4.300000000000001599 ) ) ;
#806 = EDGE_CURVE ( 'NONE', #434, #4369, #109, .T. ) ;
#807 = CARTESIAN_POINT ( 'NONE',  ( 67.40999947059677311, -147.4045667966749420, 4.563184819858117969 ) ) ;
#808 = CARTESIAN_POINT ( 'NONE',  ( 120.5999999999999801, -60.67999999999999972, -5.000000000000000888 ) ) ;
#809 = CARTESIAN_POINT ( 'NONE',  ( 116.3446318182702583, -147.3914526728327417, 4.513008052635540501 ) ) ;
#810 = ORIENTED_EDGE ( 'NONE', *, *, #4056, .T. ) ;
#811 = ORIENTED_EDGE ( 'NONE', *, *, #606, .T. ) ;
#812 = CYLINDRICAL_SURFACE ( 'NONE', #4731, 0.5000000000000004441 ) ;
#813 = CARTESIAN_POINT ( 'NONE',  ( 66.90000000000000568, -64.68000000000000682, 6.500000000000001776 ) ) ;
#814 = VERTEX_POINT ( 'NONE', #4709 ) ;
#815 = DIRECTION ( 'NONE',  ( 0.000000000000000000, 0.000000000000000000, 1.000000000000000000 ) ) ;
#816 = PLANE ( 'NONE',  #1441 ) ;
#817 = DIRECTION ( 'NONE',  ( -1.000000000000000000, 0.000000000000000000, 0.000000000000000000 ) ) ;
#818 = ORIENTED_EDGE ( 'NONE', *, *, #583, .F. ) ;
#819 = ORIENTED_EDGE ( 'NONE', *, *, #3300, .T. ) ;
#820 = DIRECTION ( 'NONE',  ( -1.597167440357923543E-16, 1.000000000000000000, -0.000000000000000000 ) ) ;
#821 = CYLINDRICAL_SURFACE ( 'NONE', #4034, 4.000000000000003553 ) ;
#822 = EDGE_LOOP ( 'NONE', ( #5521, #1536, #4219, #928 ) ) ;
#823 = ORIENTED_EDGE ( 'NONE', *, *, #6591, .F. ) ;
#824 = DIRECTION ( 'NONE',  ( 0.000000000000000000, 0.000000000000000000, 1.000000000000000000 ) ) ;
#825 = DIRECTION ( 'NONE',  ( 1.000000000000000000, 0.000000000000000000, 0.000000000000000000 ) ) ;
#826 = CARTESIAN_POINT ( 'NONE',  ( 64.90000000000003411, -145.5699994899999865, 4.500000000000000888 ) ) ;
#827 = CARTESIAN_POINT ( 'NONE',  ( 104.1499998649999981, -142.6699994900000092, 0.000000000000000000 ) ) ;
#828 = VECTOR ( 'NONE', #1710, 1000.000000000000000 ) ;
#829 = AXIS2_PLACEMENT_3D ( 'NONE', #5826, #634, #530 ) ;
#830 = CARTESIAN_POINT ( 'NONE',  ( 136.5999999999999943, -126.1249997450000251, -4.500000000000000888 ) ) ;
#831 = CARTESIAN_POINT ( 'NONE',  ( 112.0000000000000000, -74.57500000000000284, -2.000000000000000000 ) ) ;
#832 = ADVANCED_FACE ( 'NONE', ( #6496 ), #1798, .F. ) ;
#833 = ORIENTED_EDGE ( 'NONE', *, *, #368, .F. ) ;
#834 = DIRECTION ( 'NONE',  ( -0.000000000000000000, -0.000000000000000000, 1.000000000000000000 ) ) ;
#835 = CIRCLE ( 'NONE', #5080, 4.750000000000001776 ) ;
#836 = DIRECTION ( 'NONE',  ( -0.000000000000000000, -0.000000000000000000, -1.000000000000000000 ) ) ;
#837 = CARTESIAN_POINT ( 'NONE',  ( 68.79554899374161892, -147.4355022040170127, 5.855465507631092414 ) ) ;
#838 = EDGE_CURVE ( 'NONE', #4191, #7030, #2406, .T. ) ;
#839 = DIRECTION ( 'NONE',  ( -0.000000000000000000, -0.000000000000000000, 1.000000000000000000 ) ) ;
#840 = CARTESIAN_POINT ( 'NONE',  ( 115.3527341526830696, -149.3699994899999695, 4.865684866420777688 ) ) ;
#841 = ORIENTED_EDGE ( 'NONE', *, *, #4452, .T. ) ;
#842 = EDGE_LOOP ( 'NONE', ( #802, #4904, #2982, #3701 ) ) ;
#843 = CARTESIAN_POINT ( 'NONE',  ( 58.41492340180235487, -122.3863691627857122, -2.645445648435252206 ) ) ;
#844 = DIRECTION ( 'NONE',  ( 0.000000000000000000, 1.000000000000000000, 0.000000000000000000 ) ) ;
#845 = CIRCLE ( 'NONE', #5, 2.000000000000001776 ) ;
#846 = ORIENTED_EDGE ( 'NONE', *, *, #192, .T. ) ;
#847 = CARTESIAN_POINT ( 'NONE',  ( 122.5999999999999801, -147.5699994899999865, 12.50000000000000000 ) ) ;
#848 = AXIS2_PLACEMENT_3D ( 'NONE', #5618, #6916, #2828 ) ;
#849 = DIRECTION ( 'NONE',  ( 0.000000000000000000, 0.000000000000000000, 1.000000000000000000 ) ) ;
#850 = EDGE_CURVE ( 'NONE', #2823, #755, #6459, .T. ) ;
#851 = CARTESIAN_POINT ( 'NONE',  ( 105.6499998649999981, -148.5699994899999865, 9.460000009999998127 ) ) ;
#852 =( BOUNDED_CURVE ( )  B_SPLINE_CURVE ( 3, ( #4409, #6112, #1534, #6805 ),
 .UNSPECIFIED., .F., .F. ) 
 B_SPLINE_CURVE_WITH_KNOTS ( ( 4, 4 ),
 ( 4.712388980384691450, 6.283185307179586232 ),
 .UNSPECIFIED. ) 
 CURVE ( )  GEOMETRIC_REPRESENTATION_ITEM ( )  RATIONAL_B_SPLINE_CURVE ( ( 1.000000000000000000, 0.8047378541243654926, 0.8047378541243654926, 1.000000000000000000 ) ) 
 REPRESENTATION_ITEM ( '' )  );
#853 = VERTEX_POINT ( 'NONE', #1307 ) ;
#854 = ORIENTED_EDGE ( 'NONE', *, *, #1199, .T. ) ;
#855 = VECTOR ( 'NONE', #1737, 1000.000000000000000 ) ;
#856 = CARTESIAN_POINT ( 'NONE',  ( 123.0000000000000142, -74.57500000000000284, -2.000000000000000000 ) ) ;
#857 = AXIS2_PLACEMENT_3D ( 'NONE', #3607, #7017, #5909 ) ;
#858 = CARTESIAN_POINT ( 'NONE',  ( 62.90000000000001279, -153.5699994899999865, 13.50000000000000178 ) ) ;
#859 = ORIENTED_EDGE ( 'NONE', *, *, #5504, .T. ) ;
#860 = ADVANCED_FACE ( 'NONE', ( #5196 ), #1198, .T. ) ;
#861 = ORIENTED_EDGE ( 'NONE', *, *, #1373, .T. ) ;
#862 = DIRECTION ( 'NONE',  ( 0.000000000000000000, 0.000000000000000000, -1.000000000000000000 ) ) ;
#863 = FACE_OUTER_BOUND ( 'NONE', #5899, .T. ) ;
#864 = DIRECTION ( 'NONE',  ( 1.000000000000000000, 0.000000000000000000, 0.000000000000000000 ) ) ;
#865 = AXIS2_PLACEMENT_3D ( 'NONE', #7475, #4394, #7439 ) ;
#866 = CARTESIAN_POINT ( 'NONE',  ( 120.5999999999999801, -62.67999999999999972, -6.500000000000002665 ) ) ;
#867 = AXIS2_PLACEMENT_3D ( 'NONE', #3375, #988, #5518 ) ;
#868 = CARTESIAN_POINT ( 'NONE',  ( 116.6000000000000227, -64.68000000000003524, 6.500000000000000888 ) ) ;
#869 = DIRECTION ( 'NONE',  ( -0.000000000000000000, -0.000000000000000000, 1.000000000000000000 ) ) ;
#870 = AXIS2_PLACEMENT_3D ( 'NONE', #1082, #423, #6750 ) ;
#871 = VERTEX_POINT ( 'NONE', #7023 ) ;
#872 = ADVANCED_FACE ( 'NONE', ( #6918 ), #728, .F. ) ;
#873 = TOROIDAL_SURFACE ( 'NONE', #22, 0.4000000000000056843, 0.2000000000000057288 ) ;
#874 = DIRECTION ( 'NONE',  ( 1.000000000000000000, 0.000000000000000000, 0.000000000000000000 ) ) ;
#875 = ADVANCED_FACE ( 'NONE', ( #5304 ), #6161, .F. ) ;
#876 = AXIS2_PLACEMENT_3D ( 'NONE', #1363, #786, #5322 ) ;
#877 = CARTESIAN_POINT ( 'NONE',  ( 79.64999986499999807, -142.6699994900000092, 0.000000000000000000 ) ) ;
#878 = CARTESIAN_POINT ( 'NONE',  ( 70.87037759584090679, -149.3699994899999979, 5.973000352766295151 ) ) ;
#879 = CARTESIAN_POINT ( 'NONE',  ( 75.64999986500001228, -151.2699994900000036, 4.700000000000001954 ) ) ;
#880 = DIRECTION ( 'NONE',  ( -0.000000000000000000, 0.000000000000000000, 1.000000000000000000 ) ) ;
#881 = TOROIDAL_SURFACE ( 'NONE', #867, 3.500000000000003553, 0.5000000000000000000 ) ;
#882 = ORIENTED_EDGE ( 'NONE', *, *, #2474, .T. ) ;
#883 = EDGE_LOOP ( 'NONE', ( #7117, #7266, #5623, #2418 ) ) ;
#884 = EDGE_CURVE ( 'NONE', #393, #780, #5802, .T. ) ;
#885 = AXIS2_PLACEMENT_3D ( 'NONE', #2302, #4015, #5169 ) ;
#886 = CARTESIAN_POINT ( 'NONE',  ( 122.5999999999999801, -70.67999999999999261, 6.500000000000000888 ) ) ;
#887 = ORIENTED_EDGE ( 'NONE', *, *, #798, .F. ) ;
#888 = CARTESIAN_POINT ( 'NONE',  ( 60.90000000000000568, -93.80499999999999261, 1.860000000000015419 ) ) ;
#889 = DIRECTION ( 'NONE',  ( 0.000000000000000000, 0.000000000000000000, 1.000000000000000000 ) ) ;
#890 = CARTESIAN_POINT ( 'NONE',  ( 67.34999999999999432, -74.57500000000000284, 0.000000000000000000 ) ) ;
#891 = AXIS2_PLACEMENT_3D ( 'NONE', #7249, #3271, #3194 ) ;
#892 = EDGE_LOOP ( 'NONE', ( #1226, #4263, #7462, #133 ) ) ;
#893 = ORIENTED_EDGE ( 'NONE', *, *, #1768, .F. ) ;
#894 = EDGE_CURVE ( 'NONE', #6147, #2631, #598, .T. ) ;
#895 = DIRECTION ( 'NONE',  ( 0.000000000000000000, 0.000000000000000000, -1.000000000000000000 ) ) ;
#896 = FACE_OUTER_BOUND ( 'NONE', #5263, .T. ) ;
#897 = ORIENTED_EDGE ( 'NONE', *, *, #5025, .F. ) ;
#898 = PRODUCT ( 'esp32-canboard-case-bottom', 'esp32-canboard-case-bottom', '', ( #5535 ) ) ;
#899 = ORIENTED_EDGE ( 'NONE', *, *, #3246, .T. ) ;
#900 = CARTESIAN_POINT ( 'NONE',  ( 58.89999999999999147, -82.30500000000000682, 7.060000000000000497 ) ) ;
#901 = ADVANCED_FACE ( 'NONE', ( #5884, #692 ), #5347, .T. ) ;
#902 = FACE_OUTER_BOUND ( 'NONE', #1784, .T. ) ;
#903 = CARTESIAN_POINT ( 'NONE',  ( 64.90000000000003411, -143.5699994899999865, 12.50000000000000000 ) ) ;
#904 = AXIS2_PLACEMENT_3D ( 'NONE', #1476, #905, #2648 ) ;
#905 = DIRECTION ( 'NONE',  ( 0.000000000000000000, 0.000000000000000000, 1.000000000000000000 ) ) ;
#906 = CARTESIAN_POINT ( 'NONE',  ( 73.62268637172859087, -149.3699994899999979, -5.000000000000000000 ) ) ;
#907 = DIRECTION ( 'NONE',  ( 1.000000000000000000, 0.000000000000000000, 0.000000000000000000 ) ) ;
#908 = DIRECTION ( 'NONE',  ( 0.000000000000000000, -1.000000000000000000, 0.000000000000000000 ) ) ;
#909 = ORIENTED_EDGE ( 'NONE', *, *, #4109, .F. ) ;
#910 = CARTESIAN_POINT ( 'NONE',  ( 62.89999999999999858, -70.68000000000000682, 13.50000000000000178 ) ) ;
#911 = FACE_OUTER_BOUND ( 'NONE', #934, .T. ) ;
#912 = CIRCLE ( 'NONE', #3214, 0.1999999999999996503 ) ;
#913 = ORIENTED_EDGE ( 'NONE', *, *, #1227, .T. ) ;
#914 = DIRECTION ( 'NONE',  ( 1.000000000000000000, -0.000000000000000000, 0.000000000000000000 ) ) ;
#915 = CARTESIAN_POINT ( 'NONE',  ( 68.44829375083443779, -149.3699994899999979, 5.139998451937710655 ) ) ;
#916 = LINE ( 'NONE', #5528, #2596 ) ;
#917 = CARTESIAN_POINT ( 'NONE',  ( 115.3851335967772087, -147.4250347944096120, 4.908436081582187249 ) ) ;
#918 = EDGE_LOOP ( 'NONE', ( #4825, #589, #1397, #2643 ) ) ;
#919 = ORIENTED_EDGE ( 'NONE', *, *, #5438, .T. ) ;
#920 = CARTESIAN_POINT ( 'NONE',  ( 116.6000000000000227, -62.67999999999999972, 2.500000000000000444 ) ) ;
#921 = EDGE_LOOP ( 'NONE', ( #4042, #6379, #6970, #1626 ) ) ;
#922 = EDGE_LOOP ( 'NONE', ( #122, #2775 ) ) ;
#923 = DIRECTION ( 'NONE',  ( 0.000000000000000000, -1.000000000000000000, 0.000000000000000000 ) ) ;
#924 = ADVANCED_FACE ( 'NONE', ( #1168 ), #4748, .F. ) ;
#925 = FACE_OUTER_BOUND ( 'NONE', #5325, .T. ) ;
#926 = ADVANCED_FACE ( 'NONE', ( #584 ), #7461, .F. ) ;
#927 = CARTESIAN_POINT ( 'NONE',  ( 43.50000000000003553, -106.1249997449999967, -4.000000000000000000 ) ) ;
#928 = ORIENTED_EDGE ( 'NONE', *, *, #2211, .T. ) ;
#929 = EDGE_LOOP ( 'NONE', ( #2869, #3960, #1026, #4554 ) ) ;
#930 = CARTESIAN_POINT ( 'NONE',  ( 60.89999999999999858, -62.67999999999999972, 13.50000000000000178 ) ) ;
#931 = DIRECTION ( 'NONE',  ( -0.000000000000000000, -1.000000000000000000, -0.000000000000000000 ) ) ;
#932 = ORIENTED_EDGE ( 'NONE', *, *, #2976, .T. ) ;
#933 = LINE ( 'NONE', #4986, #3062 ) ;
#934 = EDGE_LOOP ( 'NONE', ( #3557, #1388, #5968, #1355 ) ) ;
#935 = DIRECTION ( 'NONE',  ( 0.000000000000000000, 0.000000000000000000, 1.000000000000000000 ) ) ;
#936 = DIRECTION ( 'NONE',  ( 0.000000000000000000, 0.000000000000000000, 1.000000000000000000 ) ) ;
#937 = EDGE_CURVE ( 'NONE', #2115, #6256, #4642, .T. ) ;
#938 = DIRECTION ( 'NONE',  ( -0.000000000000000000, -0.000000000000000000, -1.000000000000000000 ) ) ;
#939 = DIRECTION ( 'NONE',  ( 0.000000000000000000, 0.000000000000000000, -1.000000000000000000 ) ) ;
#940 = FACE_OUTER_BOUND ( 'NONE', #4493, .T. ) ;
#941 = CARTESIAN_POINT ( 'NONE',  ( 67.34999999999999432, -74.57500000000000284, -2.000000000000000000 ) ) ;
#942 = CARTESIAN_POINT ( 'NONE',  ( 122.6000000000000085, -147.3699994899999979, 2.500000000000000444 ) ) ;
#943 = ORIENTED_EDGE ( 'NONE', *, *, #1325, .F. ) ;
#944 = CARTESIAN_POINT ( 'NONE',  ( 64.90000000000000568, -147.5699994899999865, 12.50000000000000000 ) ) ;
#945 = CARTESIAN_POINT ( 'NONE',  ( 60.90000000000000568, -93.80499999999999261, 5.059999999999986287 ) ) ;
#946 = CIRCLE ( 'NONE', #7492, 3.500000000000003109 ) ;
#947 = CIRCLE ( 'NONE', #7495, 2.000000000000001776 ) ;
#948 = ORIENTED_EDGE ( 'NONE', *, *, #3543, .F. ) ;
#949 = CARTESIAN_POINT ( 'NONE',  ( 68.11176491696035384, -147.4249741050783200, 4.906011567117120720 ) ) ;
#950 = EDGE_CURVE ( 'NONE', #6742, #2520, #6111, .T. ) ;
#951 = VECTOR ( 'NONE', #4834, 1000.000000000000000 ) ;
#952 = DIRECTION ( 'NONE',  ( 1.000000000000000000, 0.000000000000000000, 0.000000000000000000 ) ) ;
#953 = DIRECTION ( 'NONE',  ( 1.000000000000000000, -0.000000000000000000, 0.000000000000000000 ) ) ;
#954 = FACE_OUTER_BOUND ( 'NONE', #5116, .T. ) ;
#955 = UNCERTAINTY_MEASURE_WITH_UNIT (LENGTH_MEASURE( 1.000000000000000082E-05 ), #1010, 'distance_accuracy_value', 'NONE');
#956 = ORIENTED_EDGE ( 'NONE', *, *, #2474, .F. ) ;
#957 = ORIENTED_EDGE ( 'NONE', *, *, #131, .F. ) ;
#958 = CIRCLE ( 'NONE', #2783, 12.50000000000000355 ) ;
#959 = LINE ( 'NONE', #2715, #2561 ) ;
#960 = DIRECTION ( 'NONE',  ( 1.000000000000000000, 0.000000000000000000, 0.000000000000000000 ) ) ;
#961 = DIRECTION ( 'NONE',  ( 1.000000000000000000, 0.000000000000000000, 0.000000000000000000 ) ) ;
#962 = ORIENTED_EDGE ( 'NONE', *, *, #4210, .F. ) ;
#963 = VERTEX_POINT ( 'NONE', #2939 ) ;
#964 = LINE ( 'NONE', #2719, #7507 ) ;
#965 = CARTESIAN_POINT ( 'NONE',  ( 62.89999999999999858, -66.68000000000000682, 6.500000000000000888 ) ) ;
#966 = VECTOR ( 'NONE', #4581, 1000.000000000000000 ) ;
#967 = ADVANCED_FACE ( 'NONE', ( #2376 ), #4108, .F. ) ;
#968 = AXIS2_PLACEMENT_3D ( 'NONE', #1690, #2255, #1656 ) ;
#969 = CYLINDRICAL_SURFACE ( 'NONE', #3437, 0.5000000000000004441 ) ;
#970 = EDGE_CURVE ( 'NONE', #2530, #1035, #912, .T. ) ;
#971 = VERTEX_POINT ( 'NONE', #6100 ) ;
#972 = VERTEX_POINT ( 'NONE', #1412 ) ;
#973 = ADVANCED_FACE ( 'NONE', ( #911 ), #1902, .F. ) ;
#974 = CARTESIAN_POINT ( 'NONE',  ( 46.75000000000004263, -98.62499974499999666, -6.500000000000000888 ) ) ;
#975 = DIRECTION ( 'NONE',  ( 0.000000000000000000, 0.000000000000000000, -1.000000000000000000 ) ) ;
#976 = ORIENTED_EDGE ( 'NONE', *, *, #2487, .T. ) ;
#977 = DIRECTION ( 'NONE',  ( 1.000000000000000000, 0.000000000000000000, 0.000000000000000000 ) ) ;
#978 = AXIS2_PLACEMENT_3D ( 'NONE', #6122, #4982, #2641 ) ;
#979 = EDGE_LOOP ( 'NONE', ( #1742, #3528, #6411, #4462 ) ) ;
#980 = CARTESIAN_POINT ( 'NONE',  ( 136.7500000000000284, -114.1249997450000109, -4.500000000000000888 ) ) ;
#981 = DIRECTION ( 'NONE',  ( 0.000000000000000000, 0.000000000000000000, 1.000000000000000000 ) ) ;
#982 = CARTESIAN_POINT ( 'NONE',  ( 62.89999999999999858, -60.67999999999999972, 13.50000000000000178 ) ) ;
#983 = AXIS2_PLACEMENT_3D ( 'NONE', #6984, #3498, #4636 ) ;
#984 = CIRCLE ( 'NONE', #5208, 0.5000000000000004441 ) ;
#985 = DIRECTION ( 'NONE',  ( 0.000000000000000000, 0.000000000000000000, -1.000000000000000000 ) ) ;
#986 = ORIENTED_EDGE ( 'NONE', *, *, #414, .F. ) ;
#987 = AXIS2_PLACEMENT_3D ( 'NONE', #104, #2435, #5879 ) ;
#988 = DIRECTION ( 'NONE',  ( 0.000000000000000000, 0.000000000000000000, 1.000000000000000000 ) ) ;
#989 = EDGE_CURVE ( 'NONE', #2189, #5039, #4182, .T. ) ;
#990 = DIRECTION ( 'NONE',  ( 0.7071067811865545671, 0.000000000000000000, 0.7071067811865405783 ) ) ;
#991 = CARTESIAN_POINT ( 'NONE',  ( 46.75000000000004263, -106.1249997449999967, -6.500000000000000888 ) ) ;
#992 = ORIENTED_EDGE ( 'NONE', *, *, #4680, .F. ) ;
#993 = CARTESIAN_POINT ( 'NONE',  ( 108.3499998649999867, -151.2699994900000036, 4.300000000000001599 ) ) ;
#994 = CARTESIAN_POINT ( 'NONE',  ( 118.6000000000000085, -64.68000000000000682, 12.14999999999999325 ) ) ;
#995 = EDGE_CURVE ( 'NONE', #96, #3441, #260, .T. ) ;
#996 = ORIENTED_EDGE ( 'NONE', *, *, #1488, .T. ) ;
#997 = CIRCLE ( 'NONE', #7167, 8.000000000000007105 ) ;
#998 = VECTOR ( 'NONE', #1450, 1000.000000000000000 ) ;
#999 = EDGE_CURVE ( 'NONE', #5357, #1966, #7200, .T. ) ;
#1000 = LINE ( 'NONE', #4404, #380 ) ;
#1001 = VECTOR ( 'NONE', #1263, 1000.000000000000000 ) ;
#1002 = LINE ( 'NONE', #1083, #613 ) ;
#1003 = FACE_OUTER_BOUND ( 'NONE', #6006, .T. ) ;
#1004 = EDGE_CURVE ( 'NONE', #4866, #2310, #3944, .T. ) ;
#1005 = DIRECTION ( 'NONE',  ( 0.000000000000000000, 0.000000000000000000, -1.000000000000000000 ) ) ;
#1006 = VERTEX_POINT ( 'NONE', #2592 ) ;
#1007 = ORIENTED_EDGE ( 'NONE', *, *, #6738, .F. ) ;
#1008 = CARTESIAN_POINT ( 'NONE',  ( 136.7500000000000284, -98.12499974499999666, -4.000000000000000000 ) ) ;
#1009 = CARTESIAN_POINT ( 'NONE',  ( 120.6000000000000085, -149.3699994899999979, 2.500000000000000444 ) ) ;
#1010 =( LENGTH_UNIT ( ) NAMED_UNIT ( * ) SI_UNIT ( .MILLI., .METRE. ) );
#1011 = CIRCLE ( 'NONE', #5236, 4.000000000000003553 ) ;
#1012 = ORIENTED_EDGE ( 'NONE', *, *, #7130, .F. ) ;
#1013 = EDGE_LOOP ( 'NONE', ( #6502, #3742, #3806, #5779 ) ) ;
#1014 = DIRECTION ( 'NONE',  ( 1.000000000000000000, -0.000000000000000000, -0.000000000000000000 ) ) ;
#1015 = DIRECTION ( 'NONE',  ( 0.000000000000000000, 0.000000000000000000, -1.000000000000000000 ) ) ;
#1016 = AXIS2_PLACEMENT_3D ( 'NONE', #7390, #5554, #4512 ) ;
#1017 = CARTESIAN_POINT ( 'NONE',  ( 136.7500000000000284, -113.6249997450000109, -6.500000000000000888 ) ) ;
#1018 = AXIS2_PLACEMENT_3D ( 'NONE', #537, #5150, #1155 ) ;
#1019 = AXIS2_PLACEMENT_3D ( 'NONE', #1479, #3998, #7478 ) ;
#1020 = AXIS2_PLACEMENT_3D ( 'NONE', #5994, #5961, #1242 ) ;
#1021 = ORIENTED_EDGE ( 'NONE', *, *, #100, .F. ) ;
#1022 = ORIENTED_EDGE ( 'NONE', *, *, #580, .F. ) ;
#1023 = CYLINDRICAL_SURFACE ( 'NONE', #360, 2.000000000000001776 ) ;
#1024 = EDGE_CURVE ( 'NONE', #2842, #3987, #4292, .T. ) ;
#1025 = DIRECTION ( 'NONE',  ( -1.000000000000000000, 3.469446951953671381E-15, -0.000000000000000000 ) ) ;
#1026 = ORIENTED_EDGE ( 'NONE', *, *, #2141, .F. ) ;
#1027 = DIRECTION ( 'NONE',  ( 1.000000000000000000, 0.000000000000000000, 0.000000000000000000 ) ) ;
#1028 = ORIENTED_EDGE ( 'NONE', *, *, #2859, .T. ) ;
#1029 = DIRECTION ( 'NONE',  ( 0.000000000000000000, 0.000000000000000000, 1.000000000000000000 ) ) ;
#1030 = AXIS2_PLACEMENT_3D ( 'NONE', #6640, #3804, #6752 ) ;
#1031 = EDGE_CURVE ( 'NONE', #4059, #2140, #1036, .T. ) ;
#1032 = CARTESIAN_POINT ( 'NONE',  ( 122.5999999999999801, -74.96378139748415492, -4.973213749463710975 ) ) ;
#1033 = CARTESIAN_POINT ( 'NONE',  ( 120.6000000000000085, -147.3699994899999979, 2.500000000000000444 ) ) ;
#1034 = CARTESIAN_POINT ( 'NONE',  ( 136.7500000000000284, -106.1249997449999967, -4.500000000000000888 ) ) ;
#1035 = VERTEX_POINT ( 'NONE', #3111 ) ;
#1036 = CIRCLE ( 'NONE', #5252, 2.350000000000018741 ) ;
#1037 = DIRECTION ( 'NONE',  ( -0.000000000000000000, -0.000000000000000000, -1.000000000000000000 ) ) ;
#1038 = ORIENTED_EDGE ( 'NONE', *, *, #6166, .F. ) ;
#1039 = ORIENTED_EDGE ( 'NONE', *, *, #4070, .T. ) ;
#1040 = AXIS2_PLACEMENT_3D ( 'NONE', #5286, #2316, #4065 ) ;
#1041 = EDGE_CURVE ( 'NONE', #2000, #1130, #1988, .T. ) ;
#1042 = DIRECTION ( 'NONE',  ( -0.000000000000000000, -0.000000000000000000, 1.000000000000000000 ) ) ;
#1043 = EDGE_CURVE ( 'NONE', #2403, #4686, #3692, .T. ) ;
#1044 = CARTESIAN_POINT ( 'NONE',  ( 120.6000000000000085, -147.3699994899999979, 13.50000000000000178 ) ) ;
#1045 = EDGE_LOOP ( 'NONE', ( #4557, #2889, #3952, #893 ) ) ;
#1046 = FACE_OUTER_BOUND ( 'NONE', #5462, .T. ) ;
#1047 = CARTESIAN_POINT ( 'NONE',  ( 127.0898270090621907, -94.14789918845846728, -3.965522297984295008 ) ) ;
#1048 = CARTESIAN_POINT ( 'NONE',  ( 115.7214668649975238, -147.4171327423212858, 4.700474762722216759 ) ) ;
#1049 = LINE ( 'NONE', #1571, #5456 ) ;
#1050 = EDGE_CURVE ( 'NONE', #1548, #2752, #4358, .T. ) ;
#1051 = ORIENTED_EDGE ( 'NONE', *, *, #6628, .T. ) ;
#1052 = VERTEX_POINT ( 'NONE', #221 ) ;
#1053 = EDGE_CURVE ( 'NONE', #2102, #7393, #4252, .T. ) ;
#1054 = CYLINDRICAL_SURFACE ( 'NONE', #4736, 2.000000000000001776 ) ;
#1055 = CARTESIAN_POINT ( 'NONE',  ( 0.000000000000000000, 0.000000000000000000, 0.000000000000000000 ) ) ;
#1056 = VERTEX_POINT ( 'NONE', #4211 ) ;
#1057 = VERTEX_POINT ( 'NONE', #4293 ) ;
#1058 = CARTESIAN_POINT ( 'NONE',  ( 136.6000000000000796, -113.6249997450000109, -4.000000000000000000 ) ) ;
#1059 = DIRECTION ( 'NONE',  ( 0.000000000000000000, 0.000000000000000000, -1.000000000000000000 ) ) ;
#1060 = CARTESIAN_POINT ( 'NONE',  ( 60.89999999999999858, -62.67999999999999972, -5.000000000000000888 ) ) ;
#1061 = ORIENTED_EDGE ( 'NONE', *, *, #4066, .F. ) ;
#1062 = VERTEX_POINT ( 'NONE', #151 ) ;
#1063 = CYLINDRICAL_SURFACE ( 'NONE', #978, 0.2000000000000057288 ) ;
#1064 = CARTESIAN_POINT ( 'NONE',  ( 76.32580821033369034, -149.3699994899999979, -4.984962311319857342 ) ) ;
#1065 = ORIENTED_EDGE ( 'NONE', *, *, #7444, .T. ) ;
#1066 = CARTESIAN_POINT ( 'NONE',  ( 60.89999999999999858, -143.5699994899999865, 12.50000000000000000 ) ) ;
#1067 = ORIENTED_EDGE ( 'NONE', *, *, #3848, .F. ) ;
#1068 = DIRECTION ( 'NONE',  ( -0.000000000000000000, 0.000000000000000000, 1.000000000000000000 ) ) ;
#1069 = LINE ( 'NONE', #2123, #3664 ) ;
#1070 = CARTESIAN_POINT ( 'NONE',  ( 108.1499998649999839, -151.4699994900000206, 30.00000000000000355 ) ) ;
#1071 = CARTESIAN_POINT ( 'NONE',  ( 61.89999999999999858, -82.30500000000000682, -0.1400000000000001799 ) ) ;
#1072 = ORIENTED_EDGE ( 'NONE', *, *, #4070, .F. ) ;
#1073 = DIRECTION ( 'NONE',  ( -1.000000000000000000, -0.000000000000000000, -0.000000000000000000 ) ) ;
#1074 = CARTESIAN_POINT ( 'NONE',  ( 55.80080018747565163, -118.0678919015021648, -4.030100042370281521 ) ) ;
#1075 = VERTEX_POINT ( 'NONE', #7097 ) ;
#1076 = ORIENTED_EDGE ( 'NONE', *, *, #2652, .T. ) ;
#1077 = DIRECTION ( 'NONE',  ( -1.000000000000000000, 0.000000000000000000, 0.000000000000000000 ) ) ;
#1078 = CARTESIAN_POINT ( 'NONE',  ( 67.15431022259748772, -149.3699994900000263, 2.500000000000001332 ) ) ;
#1079 = ADVANCED_FACE ( 'NONE', ( #1345 ), #2550, .T. ) ;
#1080 = ORIENTED_EDGE ( 'NONE', *, *, #1540, .F. ) ;
#1081 = EDGE_CURVE ( 'NONE', #1250, #5633, #2367, .T. ) ;
#1082 = CARTESIAN_POINT ( 'NONE',  ( 62.89999999999999858, -149.5699994899999865, 4.500000000000000888 ) ) ;
#1083 = CARTESIAN_POINT ( 'NONE',  ( 105.8499998650000009, -152.7699994900000036, 13.50000000000000178 ) ) ;
#1084 = DIRECTION ( 'NONE',  ( 0.000000000000000000, 0.000000000000000000, 1.000000000000000000 ) ) ;
#1085 = CIRCLE ( 'NONE', #7004, 2.000000000000000000 ) ;
#1086 = DIRECTION ( 'NONE',  ( 1.000000000000000000, 0.000000000000000000, 0.000000000000000000 ) ) ;
#1087 = ORIENTED_EDGE ( 'NONE', *, *, #3501, .T. ) ;
#1088 = ORIENTED_EDGE ( 'NONE', *, *, #3898, .T. ) ;
#1089 = CONICAL_SURFACE ( 'NONE', #1917, 2.000000000000001776, 0.7853981633974581600 ) ;
#1090 = VECTOR ( 'NONE', #2420, 1000.000000000000000 ) ;
#1091 = CARTESIAN_POINT ( 'NONE',  ( 62.89999999999999858, -59.17999999999999972, -7.000000000000000000 ) ) ;
#1092 = EDGE_CURVE ( 'NONE', #6221, #7103, #2721, .T. ) ;
#1093 = VERTEX_POINT ( 'NONE', #6633 ) ;
#1094 = ORIENTED_EDGE ( 'NONE', *, *, #512, .F. ) ;
#1095 = CARTESIAN_POINT ( 'NONE',  ( 127.9599999999997095, -117.7973109900095210, -4.500000000000000888 ) ) ;
#1096 = FACE_OUTER_BOUND ( 'NONE', #6445, .T. ) ;
#1097 = AXIS2_PLACEMENT_3D ( 'NONE', #1883, #2988, #5538 ) ;
#1098 = ORIENTED_EDGE ( 'NONE', *, *, #4356, .F. ) ;
#1099 = VERTEX_POINT ( 'NONE', #1448 ) ;
#1100 = CARTESIAN_POINT ( 'NONE',  ( 62.90000000000001279, -153.0699994899999865, -6.500000000000002665 ) ) ;
#1101 = DIRECTION ( 'NONE',  ( -1.000000000000000000, -3.194334880715847085E-16, 0.000000000000000000 ) ) ;
#1102 = EDGE_CURVE ( 'NONE', #1164, #4198, #3758, .T. ) ;
#1103 = ORIENTED_EDGE ( 'NONE', *, *, #5948, .T. ) ;
#1104 = AXIS2_PLACEMENT_3D ( 'NONE', #7499, #1779, #4063 ) ;
#1105 = LINE ( 'NONE', #1066, #2950 ) ;
#1106 = FACE_OUTER_BOUND ( 'NONE', #5797, .T. ) ;
#1107 = DIRECTION ( 'NONE',  ( 1.000000000000000000, 0.000000000000000000, 0.000000000000000000 ) ) ;
#1108 = DIRECTION ( 'NONE',  ( -0.000000000000000000, -0.000000000000000000, -1.000000000000000000 ) ) ;
#1109 = CARTESIAN_POINT ( 'NONE',  ( 82.89999986499999807, -152.9699994900000206, 4.710000010000001680 ) ) ;
#1110 = ORIENTED_EDGE ( 'NONE', *, *, #4728, .F. ) ;
#1111 = CARTESIAN_POINT ( 'NONE',  ( 118.6000000000000085, -147.5699994899999865, 12.15000000000002700 ) ) ;
#1112 = VECTOR ( 'NONE', #4456, 1000.000000000000000 ) ;
#1113 = FACE_OUTER_BOUND ( 'NONE', #4492, .T. ) ;
#1114 = ORIENTED_EDGE ( 'NONE', *, *, #1947, .T. ) ;
#1115 = VERTEX_POINT ( 'NONE', #3874 ) ;
#1116 = AXIS2_PLACEMENT_3D ( 'NONE', #33, #1792, #3073 ) ;
#1117 = AXIS2_PLACEMENT_3D ( 'NONE', #2405, #150, #2975 ) ;
#1118 = CARTESIAN_POINT ( 'NONE',  ( 62.90000000000001279, -147.3699994899999979, 2.500000000000000444 ) ) ;
#1119 = CIRCLE ( 'NONE', #6434, 12.50000000000001066 ) ;
#1120 = CARTESIAN_POINT ( 'NONE',  ( 60.89999999999999858, -62.67999999999999972, 13.50000000000000178 ) ) ;
#1121 = ORIENTED_EDGE ( 'NONE', *, *, #4118, .T. ) ;
#1122 = AXIS2_PLACEMENT_3D ( 'NONE', #2716, #6806, #1578 ) ;
#1123 = EDGE_CURVE ( 'NONE', #342, #1470, #5976, .T. ) ;
#1124 = CIRCLE ( 'NONE', #4855, 2.000000000000000000 ) ;
#1125 = FACE_OUTER_BOUND ( 'NONE', #63, .T. ) ;
#1126 = DIRECTION ( 'NONE',  ( 1.000000000000000000, 0.000000000000000000, 0.000000000000000000 ) ) ;
#1127 = EDGE_CURVE ( 'NONE', #6364, #4531, #1524, .T. ) ;
#1128 = PLANE ( 'NONE',  #210 ) ;
#1129 = CIRCLE ( 'NONE', #7410, 3.500000000000003109 ) ;
#1130 = VERTEX_POINT ( 'NONE', #3968 ) ;
#1131 = VERTEX_POINT ( 'NONE', #7358 ) ;
#1132 = TOROIDAL_SURFACE ( 'NONE', #4749, 0.4000000000000000222, 0.2000000000000000111 ) ;
#1133 = CARTESIAN_POINT ( 'NONE',  ( 105.8499998649999867, -152.7699994900000036, 9.460000009999998127 ) ) ;
#1134 = VERTEX_POINT ( 'NONE', #3919 ) ;
#1135 = CARTESIAN_POINT ( 'NONE',  ( 124.6825075318194394, -124.6740396512667530, -1.796569222900688434 ) ) ;
#1136 = DIRECTION ( 'NONE',  ( 1.000000000000000000, 0.000000000000000000, 0.000000000000000000 ) ) ;
#1137 = VECTOR ( 'NONE', #4180, 1000.000000000000000 ) ;
#1138 = EDGE_CURVE ( 'NONE', #3733, #4912, #2306, .T. ) ;
#1139 = AXIS2_PLACEMENT_3D ( 'NONE', #6004, #4271, #3629 ) ;
#1140 = ORIENTED_EDGE ( 'NONE', *, *, #7100, .F. ) ;
#1141 = ORIENTED_EDGE ( 'NONE', *, *, #5949, .T. ) ;
#1142 = VECTOR ( 'NONE', #3609, 1000.000000000000000 ) ;
#1143 = DIRECTION ( 'NONE',  ( 0.000000000000000000, -1.000000000000000000, 0.000000000000000000 ) ) ;
#1144 = CARTESIAN_POINT ( 'NONE',  ( 62.89999999999999858, -62.67999999999999972, -6.500000000000002665 ) ) ;
#1145 = ORIENTED_EDGE ( 'NONE', *, *, #2993, .F. ) ;
#1146 = CIRCLE ( 'NONE', #3066, 2.350000000000018741 ) ;
#1147 = DIRECTION ( 'NONE',  ( 1.000000000000000000, 0.000000000000000000, 0.000000000000000000 ) ) ;
#1148 = DIRECTION ( 'NONE',  ( -1.000000000000000000, -8.068950408636815886E-17, -0.000000000000000000 ) ) ;
#1149 = CYLINDRICAL_SURFACE ( 'NONE', #2466, 0.5000000000000004441 ) ;
#1150 = CARTESIAN_POINT ( 'NONE',  ( 55.90000000000000568, -94.79967553144872738, -4.000000000000000000 ) ) ;
#1151 = DIRECTION ( 'NONE',  ( 0.000000000000000000, 0.000000000000000000, 1.000000000000000000 ) ) ;
#1152 = EDGE_CURVE ( 'NONE', #5542, #1052, #329, .T. ) ;
#1153 = VERTEX_POINT ( 'NONE', #7443 ) ;
#1154 = VECTOR ( 'NONE', #679, 1000.000000000000000 ) ;
#1155 = DIRECTION ( 'NONE',  ( 1.000000000000000000, 0.000000000000000000, 0.000000000000000000 ) ) ;
#1156 = CARTESIAN_POINT ( 'NONE',  ( 108.1499998649999839, -150.8699994899999979, 4.300000000000001599 ) ) ;
#1157 = ADVANCED_FACE ( 'NONE', ( #2657, #7283 ), #6748, .T. ) ;
#1158 = CIRCLE ( 'NONE', #36, 2.000000000000000000 ) ;
#1159 = VERTEX_POINT ( 'NONE', #945 ) ;
#1160 = EDGE_CURVE ( 'NONE', #792, #3237, #5553, .T. ) ;
#1161 = VERTEX_POINT ( 'NONE', #377 ) ;
#1162 = LINE ( 'NONE', #3468, #6450 ) ;
#1163 = DIRECTION ( 'NONE',  ( 1.000000000000000000, 0.000000000000000000, 0.000000000000000000 ) ) ;
#1164 = VERTEX_POINT ( 'NONE', #5124 ) ;
#1165 = FACE_OUTER_BOUND ( 'NONE', #921, .T. ) ;
#1166 = FACE_OUTER_BOUND ( 'NONE', #2718, .T. ) ;
#1167 = CARTESIAN_POINT ( 'NONE',  ( 125.0850765981976451, -89.86363032721433797, -2.645445648435281516 ) ) ;
#1168 = FACE_OUTER_BOUND ( 'NONE', #248, .T. ) ;
#1169 = EDGE_LOOP ( 'NONE', ( #1339, #1533, #6324, #2816 ) ) ;
#1170 = CARTESIAN_POINT ( 'NONE',  ( 124.9121694673116139, -89.14565993002034361, -2.344795513816925858 ) ) ;
#1171 = ORIENTED_EDGE ( 'NONE', *, *, #3820, .T. ) ;
#1172 = CARTESIAN_POINT ( 'NONE',  ( 124.6206797118978926, -125.3977377687176613, -1.400465237458873302 ) ) ;
#1173 = CARTESIAN_POINT ( 'NONE',  ( 75.64999986500001228, -150.8699994899999979, 2.000000000000001776 ) ) ;
#1174 = EDGE_LOOP ( 'NONE', ( #2798, #6032, #6127, #4573 ) ) ;
#1175 = ORIENTED_EDGE ( 'NONE', *, *, #4285, .T. ) ;
#1176 = DIRECTION ( 'NONE',  ( 1.000000000000000000, 0.000000000000000000, 0.000000000000000000 ) ) ;
#1177 = EDGE_CURVE ( 'NONE', #2412, #1960, #5922, .T. ) ;
#1178 = DIRECTION ( 'NONE',  ( -0.000000000000000000, -0.000000000000000000, -1.000000000000000000 ) ) ;
#1179 = ORIENTED_EDGE ( 'NONE', *, *, #2870, .F. ) ;
#1180 = EDGE_CURVE ( 'NONE', #1548, #6438, #3263, .T. ) ;
#1181 = DIRECTION ( 'NONE',  ( 0.000000000000000000, 0.000000000000000000, -1.000000000000000000 ) ) ;
#1182 = FACE_OUTER_BOUND ( 'NONE', #3211, .T. ) ;
#1183 = CARTESIAN_POINT ( 'NONE',  ( 60.89999999999999858, -62.67999999999999972, 13.50000000000000178 ) ) ;
#1184 = CARTESIAN_POINT ( 'NONE',  ( 57.07218481014693623, -93.12068187120223683, -3.769814956408012563 ) ) ;
#1185 = CARTESIAN_POINT ( 'NONE',  ( 120.5999999999999943, -153.5699994899999865, 13.50000000000000178 ) ) ;
#1186 = EDGE_LOOP ( 'NONE', ( #3301, #4200, #5134, #5439 ) ) ;
#1187 = CARTESIAN_POINT ( 'NONE',  ( 116.6000000000000085, -147.5699994899999865, 6.500000000000001776 ) ) ;
#1188 = DIRECTION ( 'NONE',  ( 1.000000000000000000, -0.000000000000000000, -0.000000000000000000 ) ) ;
#1189 = ORIENTED_EDGE ( 'NONE', *, *, #6576, .F. ) ;
#1190 = EDGE_CURVE ( 'NONE', #4369, #548, #4603, .T. ) ;
#1191 = VERTEX_POINT ( 'NONE', #7322 ) ;
#1192 = DIRECTION ( 'NONE',  ( -1.000000000000000000, 0.000000000000000000, 0.000000000000000000 ) ) ;
#1193 = DIRECTION ( 'NONE',  ( 0.000000000000000000, 0.000000000000000000, 1.000000000000000000 ) ) ;
#1194 = ORIENTED_EDGE ( 'NONE', *, *, #6629, .T. ) ;
#1195 = DIRECTION ( 'NONE',  ( 0.000000000000000000, 0.000000000000000000, -1.000000000000000000 ) ) ;
#1196 = PLANE ( 'NONE',  #5353 ) ;
#1197 = CARTESIAN_POINT ( 'NONE',  ( 116.0000000000000000, -74.57500000000000284, -5.000000000000000000 ) ) ;
#1198 = CYLINDRICAL_SURFACE ( 'NONE', #3870, 2.000000000000001776 ) ;
#1199 = EDGE_CURVE ( 'NONE', #6870, #2679, #5613, .T. ) ;
#1200 = DIRECTION ( 'NONE',  ( -1.000000000000000000, 0.000000000000000000, 0.000000000000000000 ) ) ;
#1201 = CARTESIAN_POINT ( 'NONE',  ( 124.6000000000000227, -149.5699994899999865, -6.500000000000002665 ) ) ;
#1202 = DIRECTION ( 'NONE',  ( 1.000000000000000000, 0.000000000000000000, 0.000000000000000000 ) ) ;
#1203 = VECTOR ( 'NONE', #1680, 1000.000000000000000 ) ;
#1204 = AXIS2_PLACEMENT_3D ( 'NONE', #4332, #4265, #5359 ) ;
#1205 = ORIENTED_EDGE ( 'NONE', *, *, #5901, .T. ) ;
#1206 = ORIENTED_EDGE ( 'NONE', *, *, #3387, .F. ) ;
#1207 = CIRCLE ( 'NONE', #5418, 2.000000000000001776 ) ;
#1208 = DIRECTION ( 'NONE',  ( 1.000000000000000000, 0.000000000000000000, 0.000000000000000000 ) ) ;
#1209 = CARTESIAN_POINT ( 'NONE',  ( 118.6000000000000085, -64.68000000000000682, 6.500000000000001776 ) ) ;
#1210 = ORIENTED_EDGE ( 'NONE', *, *, #5256, .T. ) ;
#1211 = EDGE_CURVE ( 'NONE', #7279, #4632, #2312, .T. ) ;
#1212 = CARTESIAN_POINT ( 'NONE',  ( 62.89999999999999858, -62.67999999999999972, 2.500000000000000444 ) ) ;
#1213 = LINE ( 'NONE', #2277, #3507 ) ;
#1214 = SURFACE_STYLE_USAGE ( .BOTH. , #2278 ) ;
#1215 = DIRECTION ( 'NONE',  ( -1.000000000000000000, 0.000000000000000000, 0.000000000000000000 ) ) ;
#1216 = EDGE_CURVE ( 'NONE', #3409, #2005, #3268, .T. ) ;
#1217 = ORIENTED_EDGE ( 'NONE', *, *, #6497, .F. ) ;
#1218 = AXIS2_PLACEMENT_3D ( 'NONE', #4014, #5706, #4538 ) ;
#1219 = DIRECTION ( 'NONE',  ( 1.000000000000000000, 0.000000000000000000, 0.000000000000000000 ) ) ;
#1220 = CARTESIAN_POINT ( 'NONE',  ( 108.3499998649999867, -152.5699994899999865, 2.000000000000001776 ) ) ;
#1221 = ORIENTED_EDGE ( 'NONE', *, *, #4452, .F. ) ;
#1222 = ORIENTED_EDGE ( 'NONE', *, *, #1641, .F. ) ;
#1223 = FACE_OUTER_BOUND ( 'NONE', #3837, .T. ) ;
#1224 = B_SPLINE_CURVE_WITH_KNOTS ( 'NONE', 3,
 ( #1252, #237, #199, #6508, #5896, #3059, #1319, #2497, #163, #4801, #7109, #1915, #706, #6003, #3020, #6544, #3670, #5970 ),
 .UNSPECIFIED., .F., .F.,
 ( 4, 2, 2, 2, 2, 2, 2, 2, 4 ),
 ( -2.190971435911018517E-05, 0.0005976288479969842690, 0.001217167410353078676, 0.002456244535065231493, 0.003695321659777383878, 0.004934398784489545803, 0.007412553033913843632, 0.008651630158625994715, 0.009890707283338143196 ),
 .UNSPECIFIED. ) ;
#1225 = CARTESIAN_POINT ( 'NONE',  ( 70.07595608680748001, -149.3699994899999979, 4.059430917656761117 ) ) ;
#1226 = ORIENTED_EDGE ( 'NONE', *, *, #1160, .T. ) ;
#1227 = EDGE_CURVE ( 'NONE', #4626, #1035, #4234, .T. ) ;
#1228 = CARTESIAN_POINT ( 'NONE',  ( 136.5999999999999943, -126.1249997450000251, -7.000000000000000000 ) ) ;
#1229 = AXIS2_PLACEMENT_3D ( 'NONE', #6499, #6464, #1310 ) ;
#1230 = DIRECTION ( 'NONE',  ( 0.000000000000000000, 0.000000000000000000, 1.000000000000000000 ) ) ;
#1231 = DIRECTION ( 'NONE',  ( 9.899475347290531101E-33, -1.226860353075706564E-16, -1.000000000000000000 ) ) ;
#1232 = VECTOR ( 'NONE', #314, 1000.000000000000000 ) ;
#1233 = ADVANCED_FACE ( 'NONE', ( #6875 ), #7402, .T. ) ;
#1234 = CARTESIAN_POINT ( 'NONE',  ( 46.75000000000004263, -106.1249997449999967, -4.000000000000000000 ) ) ;
#1235 = AXIS2_PLACEMENT_3D ( 'NONE', #7372, #5093, #6245 ) ;
#1236 = EDGE_CURVE ( 'NONE', #3846, #3471, #352, .T. ) ;
#1237 = VECTOR ( 'NONE', #544, 1000.000000000000000 ) ;
#1238 = AXIS2_PLACEMENT_3D ( 'NONE', #1498, #4489, #3809 ) ;
#1239 = CARTESIAN_POINT ( 'NONE',  ( 126.0889735450027445, -91.96494451765956057, -3.640115811310220550 ) ) ;
#1240 = DIRECTION ( 'NONE',  ( 1.000000000000000000, 0.000000000000000000, 0.000000000000000000 ) ) ;
#1241 = EDGE_CURVE ( 'NONE', #515, #6109, #2307, .T. ) ;
#1242 = DIRECTION ( 'NONE',  ( 1.000000000000000000, 0.000000000000000000, 0.000000000000000000 ) ) ;
#1243 = VECTOR ( 'NONE', #6135, 1000.000000000000000 ) ;
#1244 = VECTOR ( 'NONE', #5048, 1000.000000000000000 ) ;
#1245 = VERTEX_POINT ( 'NONE', #4740 ) ;
#1246 = ORIENTED_EDGE ( 'NONE', *, *, #1043, .T. ) ;
#1247 = DIRECTION ( 'NONE',  ( 1.000000000000000000, 0.000000000000000000, 0.000000000000000000 ) ) ;
#1248 = CIRCLE ( 'NONE', #5837, 2.000000000000000000 ) ;
#1249 = FACE_OUTER_BOUND ( 'NONE', #68, .T. ) ;
#1250 = VERTEX_POINT ( 'NONE', #5157 ) ;
#1251 = CARTESIAN_POINT ( 'NONE',  ( 100.8999998649999981, -152.7699994900000036, 4.510000010000000614 ) ) ;
#1252 = CARTESIAN_POINT ( 'NONE',  ( 124.5999999999999943, -86.12499974499991140, -1.000000000000000000 ) ) ;
#1253 = CARTESIAN_POINT ( 'NONE',  ( 58.89999999999999147, -82.30500000000000682, -0.1400000000000001799 ) ) ;
#1254 = CARTESIAN_POINT ( 'NONE',  ( 61.89999999999999858, -80.30499999999999261, 1.860000000000014087 ) ) ;
#1255 = VERTEX_POINT ( 'NONE', #3470 ) ;
#1256 = EDGE_CURVE ( 'NONE', #6967, #2154, #3887, .T. ) ;
#1257 = CARTESIAN_POINT ( 'NONE',  ( 118.6000000000000512, -143.5699994900000149, 12.50000000000000000 ) ) ;
#1258 = AXIS2_PLACEMENT_3D ( 'NONE', #1290, #3596, #3128 ) ;
#1259 = CARTESIAN_POINT ( 'NONE',  ( 58.90000000000000568, -125.3929918693613388, -1.403481091575527806 ) ) ;
#1260 = ORIENTED_EDGE ( 'NONE', *, *, #50, .T. ) ;
#1261 = EDGE_CURVE ( 'NONE', #284, #1161, #546, .T. ) ;
#1262 = VERTEX_POINT ( 'NONE', #4670 ) ;
#1263 = DIRECTION ( 'NONE',  ( -1.000000000000000000, -0.000000000000000000, 0.000000000000000000 ) ) ;
#1264 = FACE_OUTER_BOUND ( 'NONE', #3969, .T. ) ;
#1265 = CARTESIAN_POINT ( 'NONE',  ( 58.89999999999999147, -62.67999999999999972, -6.500000000000002665 ) ) ;
#1266 = AXIS2_PLACEMENT_3D ( 'NONE', #6691, #4540, #7422 ) ;
#1267 = ORIENTED_EDGE ( 'NONE', *, *, #2879, .F. ) ;
#1268 = VECTOR ( 'NONE', #5748, 1000.000000000000000 ) ;
#1269 = CARTESIAN_POINT ( 'NONE',  ( 75.64999986500001228, -151.4699994900000206, 4.300000000000001599 ) ) ;
#1270 = LINE ( 'NONE', #1975, #5379 ) ;
#1271 = EDGE_CURVE ( 'NONE', #49, #7393, #4359, .T. ) ;
#1272 = CARTESIAN_POINT ( 'NONE',  ( 60.90171624945524087, -147.4528369954472851, 12.50000000000000000 ) ) ;
#1273 = EDGE_CURVE ( 'NONE', #3810, #6453, #4725, .T. ) ;
#1274 = DIRECTION ( 'NONE',  ( 0.000000000000000000, -1.000000000000000000, 0.000000000000000000 ) ) ;
#1275 = CIRCLE ( 'NONE', #3454, 0.5000000000000004441 ) ;
#1276 = DIRECTION ( 'NONE',  ( -1.000000000000000000, -8.068950408636815886E-17, -0.000000000000000000 ) ) ;
#1277 = VECTOR ( 'NONE', #2138, 1000.000000000000000 ) ;
#1278 = CARTESIAN_POINT ( 'NONE',  ( 124.9496298032341315, -89.02483352254405702, -2.568928099710395152 ) ) ;
#1279 = DIRECTION ( 'NONE',  ( 1.000000000000000000, 0.000000000000000000, 0.000000000000000000 ) ) ;
#1280 = CARTESIAN_POINT ( 'NONE',  ( 60.89999999999999147, -75.48173944291502835, -4.959258912534050268 ) ) ;
#1281 = CIRCLE ( 'NONE', #1996, 4.000000000000003553 ) ;
#1282 = ADVANCED_FACE ( 'NONE', ( #2289 ), #2970, .T. ) ;
#1283 = ORIENTED_EDGE ( 'NONE', *, *, #4568, .F. ) ;
#1284 = ORIENTED_EDGE ( 'NONE', *, *, #418, .T. ) ;
#1285 = CARTESIAN_POINT ( 'NONE',  ( 58.88541808767316610, -125.3723557516871807, -1.341367897513543239 ) ) ;
#1286 = DIRECTION ( 'NONE',  ( 1.000000000000000000, 1.597167440357923543E-16, -0.000000000000000000 ) ) ;
#1287 = ORIENTED_EDGE ( 'NONE', *, *, #6665, .T. ) ;
#1288 = DIRECTION ( 'NONE',  ( 0.7071067811865545671, 0.000000000000000000, 0.7071067811865405783 ) ) ;
#1289 = LINE ( 'NONE', #1395, #3385 ) ;
#1290 = CARTESIAN_POINT ( 'NONE',  ( 62.89999999999999858, -62.67999999999999972, 2.500000000000000444 ) ) ;
#1291 = DIRECTION ( 'NONE',  ( -0.000000000000000000, -0.000000000000000000, -1.000000000000000000 ) ) ;
#1292 = ORIENTED_EDGE ( 'NONE', *, *, #6536, .F. ) ;
#1293 = DIRECTION ( 'NONE',  ( 0.000000000000000000, 1.000000000000000000, -0.000000000000000000 ) ) ;
#1294 = DIRECTION ( 'NONE',  ( -1.000000000000000000, 0.000000000000000000, 0.000000000000000000 ) ) ;
#1295 = VERTEX_POINT ( 'NONE', #3001 ) ;
#1296 = ORIENTED_EDGE ( 'NONE', *, *, #5345, .T. ) ;
#1297 = CARTESIAN_POINT ( 'NONE',  ( 58.81749246818056776, -87.57595983873333978, -1.796569222900750162 ) ) ;
#1298 = DIRECTION ( 'NONE',  ( -1.000000000000000000, 0.000000000000000000, 0.000000000000000000 ) ) ;
#1299 = CARTESIAN_POINT ( 'NONE',  ( 57.62765701641096427, -92.09193540546475276, -3.489596778997545723 ) ) ;
#1300 = DIRECTION ( 'NONE',  ( -1.000000000000000000, 0.000000000000000000, 0.000000000000000000 ) ) ;
#1301 = DIRECTION ( 'NONE',  ( 0.000000000000000000, 0.000000000000000000, 1.000000000000000000 ) ) ;
#1302 = CARTESIAN_POINT ( 'NONE',  ( 124.6182105022475781, -125.3726334768827400, -1.340905255032740495 ) ) ;
#1303 = CARTESIAN_POINT ( 'NONE',  ( 58.86694610687186469, -125.2166060935410457, -1.499905435910716012 ) ) ;
#1304 = ORIENTED_EDGE ( 'NONE', *, *, #456, .F. ) ;
#1305 = DIRECTION ( 'NONE',  ( 0.000000000000000000, 0.000000000000000000, -1.000000000000000000 ) ) ;
#1306 = EDGE_CURVE ( 'NONE', #3588, #792, #4171, .T. ) ;
#1307 = CARTESIAN_POINT ( 'NONE',  ( 122.6000000000000085, -141.5699994899999865, 6.500000000000000888 ) ) ;
#1308 = ADVANCED_FACE ( 'NONE', ( #5265 ), #6050, .F. ) ;
#1309 = CARTESIAN_POINT ( 'NONE',  ( 124.8660595723519151, -88.66456022225773381, -2.380232467988959932 ) ) ;
#1310 = DIRECTION ( 'NONE',  ( 1.000000000000000000, 0.000000000000000000, 0.000000000000000000 ) ) ;
#1311 = CARTESIAN_POINT ( 'NONE',  ( 118.6000000000000085, -147.5699994899999865, 12.50000000000000000 ) ) ;
#1312 = CARTESIAN_POINT ( 'NONE',  ( 112.6293333869521263, -149.3699994899999979, 5.974628636256045233 ) ) ;
#1313 = ORIENTED_EDGE ( 'NONE', *, *, #2141, .T. ) ;
#1314 = ORIENTED_EDGE ( 'NONE', *, *, #937, .F. ) ;
#1315 = EDGE_CURVE ( 'NONE', #564, #782, #4020, .T. ) ;
#1316 = CARTESIAN_POINT ( 'NONE',  ( 114.6000000000000227, -64.68000000000003524, 6.500000000000000888 ) ) ;
#1317 = VERTEX_POINT ( 'NONE', #7053 ) ;
#1318 = FACE_OUTER_BOUND ( 'NONE', #1758, .T. ) ;
#1319 = CARTESIAN_POINT ( 'NONE',  ( 124.7318628887044980, -87.93642382114730083, -1.992076284158590394 ) ) ;
#1320 = CARTESIAN_POINT ( 'NONE',  ( 46.75000000000004263, -114.1249997450000109, -4.500000000000000888 ) ) ;
#1321 = EDGE_CURVE ( 'NONE', #172, #2630, #4617, .T. ) ;
#1322 = CIRCLE ( 'NONE', #4461, 2.000000000000000000 ) ;
#1323 = AXIS2_PLACEMENT_3D ( 'NONE', #6737, #1029, #7388 ) ;
#1324 = ORIENTED_EDGE ( 'NONE', *, *, #6628, .F. ) ;
#1325 = EDGE_CURVE ( 'NONE', #2272, #5716, #101, .T. ) ;
#1326 = ADVANCED_FACE ( 'NONE', ( #650 ), #1824, .F. ) ;
#1327 = DIRECTION ( 'NONE',  ( 0.000000000000000000, 0.000000000000000000, 1.000000000000000000 ) ) ;
#1328 = DIRECTION ( 'NONE',  ( 0.000000000000000000, 0.000000000000000000, 1.000000000000000000 ) ) ;
#1329 = VERTEX_POINT ( 'NONE', #577 ) ;
#1330 = AXIS2_PLACEMENT_3D ( 'NONE', #5539, #4305, #436 ) ;
#1331 = EDGE_LOOP ( 'NONE', ( #5941, #4672, #2108, #6709, #4487 ) ) ;
#1332 = CARTESIAN_POINT ( 'NONE',  ( 120.0000000000000142, -74.57500000000000284, 0.000000000000000000 ) ) ;
#1333 = CARTESIAN_POINT ( 'NONE',  ( 77.67731335827140526, -149.3699994899999979, -5.000000000000000000 ) ) ;
#1334 = CARTESIAN_POINT ( 'NONE',  ( 58.89999999999999147, -86.12499974499999666, -1.000000000000000000 ) ) ;
#1335 = DIRECTION ( 'NONE',  ( 1.000000000000000000, 0.000000000000000000, -0.000000000000000000 ) ) ;
#1336 = CIRCLE ( 'NONE', #4477, 2.000000000000000000 ) ;
#1337 = AXIS2_PLACEMENT_3D ( 'NONE', #4434, #1562, #3836 ) ;
#1338 = PLANE ( 'NONE',  #3047 ) ;
#1339 = ORIENTED_EDGE ( 'NONE', *, *, #7068, .F. ) ;
#1340 = CARTESIAN_POINT ( 'NONE',  ( 57.48116274208274490, -120.4078951617332791, -3.900222949370149905 ) ) ;
#1341 = ORIENTED_EDGE ( 'NONE', *, *, #2286, .T. ) ;
#1342 = VECTOR ( 'NONE', #2763, 1000.000000000000114 ) ;
#1343 = DIRECTION ( 'NONE',  ( -0.000000000000000000, -0.000000000000000000, -1.000000000000000000 ) ) ;
#1344 = AXIS2_PLACEMENT_3D ( 'NONE', #4560, #5650, #458 ) ;
#1345 = FACE_OUTER_BOUND ( 'NONE', #3488, .T. ) ;
#1346 = ADVANCED_FACE ( 'NONE', ( #2891 ), #5188, .T. ) ;
#1347 = VECTOR ( 'NONE', #3516, 1000.000000000000000 ) ;
#1348 = DIRECTION ( 'NONE',  ( -1.000000000000000000, 0.000000000000000000, 0.000000000000000000 ) ) ;
#1349 = DIRECTION ( 'NONE',  ( 1.000000000000000000, 0.000000000000000000, 0.000000000000000000 ) ) ;
#1350 = ADVANCED_FACE ( 'NONE', ( #3182 ), #2009, .F. ) ;
#1351 = DIRECTION ( 'NONE',  ( 1.000000000000000000, -0.000000000000000000, -0.000000000000000000 ) ) ;
#1352 = CARTESIAN_POINT ( 'NONE',  ( 113.4252974615761929, -149.3699994899999979, 4.057641535252418663 ) ) ;
#1353 = AXIS2_PLACEMENT_3D ( 'NONE', #274, #2603, #3321 ) ;
#1354 = EDGE_LOOP ( 'NONE', ( #1634, #2638, #2062, #2235, #1952, #2353, #5736 ) ) ;
#1355 = ORIENTED_EDGE ( 'NONE', *, *, #3037, .F. ) ;
#1356 = DIRECTION ( 'NONE',  ( 3.194334880715847085E-16, -1.000000000000000000, 0.000000000000000000 ) ) ;
#1357 = FACE_OUTER_BOUND ( 'NONE', #2728, .T. ) ;
#1358 = ORIENTED_EDGE ( 'NONE', *, *, #741, .T. ) ;
#1359 = CARTESIAN_POINT ( 'NONE',  ( 108.1499998649999981, -142.6699994900000092, -5.000000000000000000 ) ) ;
#1360 = TOROIDAL_SURFACE ( 'NONE', #1839, 7.500000000000007105, 0.5000000000000000000 ) ;
#1361 = DIRECTION ( 'NONE',  ( 3.194334880715847085E-16, -1.000000000000000000, -0.000000000000000000 ) ) ;
#1362 = EDGE_CURVE ( 'NONE', #548, #4369, #114, .T. ) ;
#1363 = CARTESIAN_POINT ( 'NONE',  ( 108.1499998649999839, -151.2699994900000036, 4.300000000000001599 ) ) ;
#1364 = ORIENTED_EDGE ( 'NONE', *, *, #7161, .F. ) ;
#1365 = DIRECTION ( 'NONE',  ( 0.000000000000000000, 0.000000000000000000, -1.000000000000000000 ) ) ;
#1366 = CARTESIAN_POINT ( 'NONE',  ( 46.75000000000004263, -106.1249997449999967, -6.500000000000000888 ) ) ;
#1367 = ORIENTED_EDGE ( 'NONE', *, *, #1592, .T. ) ;
#1368 = VECTOR ( 'NONE', #3315, 1000.000000000000000 ) ;
#1369 = ORIENTED_EDGE ( 'NONE', *, *, #4109, .T. ) ;
#1370 = CARTESIAN_POINT ( 'NONE',  ( 108.1499998649999981, -142.6699994900000092, -0.3500000000000152434 ) ) ;
#1371 = DIRECTION ( 'NONE',  ( 1.000000000000000000, 6.938893903907221278E-15, 0.000000000000000000 ) ) ;
#1372 = CARTESIAN_POINT ( 'NONE',  ( 58.63394042764812042, -88.66456022225743538, -2.380232467989322753 ) ) ;
#1373 = EDGE_CURVE ( 'NONE', #4447, #594, #7151, .T. ) ;
#1374 = CARTESIAN_POINT ( 'NONE',  ( 112.6033342597740585, -149.3699994900000263, 6.235745801377039932 ) ) ;
#1375 = CIRCLE ( 'NONE', #27, 2.349999999999976996 ) ;
#1376 = EDGE_CURVE ( 'NONE', #161, #399, #1895, .T. ) ;
#1377 = CARTESIAN_POINT ( 'NONE',  ( 136.6000000000000796, -113.6249997450000109, -6.500000000000000888 ) ) ;
#1378 = AXIS2_PLACEMENT_3D ( 'NONE', #1511, #3824, #6125 ) ;
#1379 = ORIENTED_EDGE ( 'NONE', *, *, #6362, .T. ) ;
#1380 = LINE ( 'NONE', #181, #4525 ) ;
#1381 = EDGE_LOOP ( 'NONE', ( #1707, #1205, #4987, #3492 ) ) ;
#1382 = CIRCLE ( 'NONE', #4747, 2.000000000000000000 ) ;
#1383 = DIRECTION ( 'NONE',  ( -1.000000000000000000, 0.000000000000000000, 0.000000000000000000 ) ) ;
#1384 = CARTESIAN_POINT ( 'NONE',  ( 71.34999999999999432, -74.57500000000000284, 0.000000000000000000 ) ) ;
#1385 = CARTESIAN_POINT ( 'NONE',  ( 69.91041144749435432, -149.3699994899999979, 3.857400616471470478 ) ) ;
#1386 = CARTESIAN_POINT ( 'NONE',  ( 136.7500000000000284, -98.12499974499999666, -6.500000000000000888 ) ) ;
#1387 = CARTESIAN_POINT ( 'NONE',  ( 112.8079182263837339, -149.3699994899999979, 5.210654563274380813 ) ) ;
#1388 = ORIENTED_EDGE ( 'NONE', *, *, #610, .F. ) ;
#1389 = VERTEX_POINT ( 'NONE', #4317 ) ;
#1390 = LINE ( 'NONE', #7074, #2194 ) ;
#1391 = DIRECTION ( 'NONE',  ( -0.000000000000000000, -0.000000000000000000, 1.000000000000000000 ) ) ;
#1392 = VERTEX_POINT ( 'NONE', #7237 ) ;
#1393 = TOROIDAL_SURFACE ( 'NONE', #1654, 0.4000000000000056843, 0.2000000000000057288 ) ;
#1394 = CARTESIAN_POINT ( 'NONE',  ( 120.5999999999999801, -62.67999999999999972, 4.500000000000000888 ) ) ;
#1395 = CARTESIAN_POINT ( 'NONE',  ( 122.5999999999999801, -62.67999999999999972, -5.000000000000000888 ) ) ;
#1396 = CARTESIAN_POINT ( 'NONE',  ( 108.3499998649999867, -151.6699994900000092, 4.300000000000001599 ) ) ;
#1397 = ORIENTED_EDGE ( 'NONE', *, *, #1761, .F. ) ;
#1398 = VERTEX_POINT ( 'NONE', #3719 ) ;
#1399 = EDGE_CURVE ( 'NONE', #2832, #814, #6315, .T. ) ;
#1400 = CARTESIAN_POINT ( 'NONE',  ( 62.89999999999999858, -64.68000000000000682, 4.500000000000000888 ) ) ;
#1401 = CARTESIAN_POINT ( 'NONE',  ( 100.8999998649999981, -148.5699994899999865, 4.710000010000001680 ) ) ;
#1402 = VERTEX_POINT ( 'NONE', #4204 ) ;
#1403 = VERTEX_POINT ( 'NONE', #5407 ) ;
#1404 = DIRECTION ( 'NONE',  ( -0.000000000000000000, -0.000000000000000000, -1.000000000000000000 ) ) ;
#1405 = DIRECTION ( 'NONE',  ( 0.000000000000000000, 0.000000000000000000, 1.000000000000000000 ) ) ;
#1406 = LINE ( 'NONE', #139, #6070 ) ;
#1407 = CARTESIAN_POINT ( 'NONE',  ( 55.90000000000000568, -106.1249997449999967, -4.000000000000000000 ) ) ;
#1408 = EDGE_CURVE ( 'NONE', #4128, #2154, #4848, .T. ) ;
#1409 = CARTESIAN_POINT ( 'NONE',  ( 75.44999986500000944, -151.2699994900000036, 4.300000000000001599 ) ) ;
#1410 = ORIENTED_EDGE ( 'NONE', *, *, #1199, .F. ) ;
#1411 = VERTEX_POINT ( 'NONE', #7121 ) ;
#1412 = CARTESIAN_POINT ( 'NONE',  ( 122.5999999999999801, -72.24261924206182073, -5.000000000000000888 ) ) ;
#1413 = ADVANCED_FACE ( 'NONE', ( #4286 ), #6627, .T. ) ;
#1414 = DIRECTION ( 'NONE',  ( 0.000000000000000000, 0.000000000000000000, 1.000000000000000000 ) ) ;
#1415 = CARTESIAN_POINT ( 'NONE',  ( 68.83343823739375011, -147.4359388584382486, 5.980348370365780042 ) ) ;
#1416 = DIRECTION ( 'NONE',  ( 1.000000000000000000, -0.000000000000000000, 0.000000000000000000 ) ) ;
#1417 = CARTESIAN_POINT ( 'NONE',  ( 116.0792594716439936, -149.3699994899999979, 4.530707261754296056 ) ) ;
#1418 = ORIENTED_EDGE ( 'NONE', *, *, #2899, .T. ) ;
#1419 = EDGE_LOOP ( 'NONE', ( #5590, #2101, #2392, #2202 ) ) ;
#1420 = EDGE_CURVE ( 'NONE', #2780, #4191, #3278, .T. ) ;
#1421 = CYLINDRICAL_SURFACE ( 'NONE', #3419, 3.000000000000002665 ) ;
#1422 = DIRECTION ( 'NONE',  ( 1.000000000000000000, 0.000000000000000000, 0.000000000000000000 ) ) ;
#1423 = VERTEX_POINT ( 'NONE', #1439 ) ;
#1424 = DIRECTION ( 'NONE',  ( -0.000000000000000000, -0.000000000000000000, 1.000000000000000000 ) ) ;
#1425 = DIRECTION ( 'NONE',  ( -1.597167440357923789E-16, 1.000000000000000000, 0.000000000000000000 ) ) ;
#1426 = CARTESIAN_POINT ( 'NONE',  ( 66.90000000000000568, -64.68000000000000682, 6.500000000000001776 ) ) ;
#1427 = EDGE_LOOP ( 'NONE', ( #6786, #4580, #6350, #1076, #5964 ) ) ;
#1428 = VERTEX_POINT ( 'NONE', #2507 ) ;
#1429 = LINE ( 'NONE', #3743, #4763 ) ;
#1430 = EDGE_CURVE ( 'NONE', #49, #5170, #4962, .T. ) ;
#1431 = DIRECTION ( 'NONE',  ( -1.000000000000000000, -3.194334880715847085E-16, 0.000000000000000000 ) ) ;
#1432 = EDGE_LOOP ( 'NONE', ( #1145, #6286, #3732, #2456 ) ) ;
#1433 = ORIENTED_EDGE ( 'NONE', *, *, #1430, .T. ) ;
#1434 = CARTESIAN_POINT ( 'NONE',  ( 56.10162983552848459, -93.83841427901114685, -4.461309589571469836 ) ) ;
#1435 = VECTOR ( 'NONE', #1068, 1000.000000000000000 ) ;
#1436 = EDGE_CURVE ( 'NONE', #6428, #3101, #6016, .T. ) ;
#1437 = DIRECTION ( 'NONE',  ( 1.000000000000000000, 0.000000000000000000, 0.000000000000000000 ) ) ;
#1438 = CARTESIAN_POINT ( 'NONE',  ( 122.6000000000000085, -145.5699994900000149, 2.500000000000000444 ) ) ;
#1439 = CARTESIAN_POINT ( 'NONE',  ( 58.89999999999999858, -86.12499974499989719, -1.000000000000000000 ) ) ;
#1440 = CIRCLE ( 'NONE', #3858, 2.000000000000001776 ) ;
#1441 = AXIS2_PLACEMENT_3D ( 'NONE', #7147, #125, #85 ) ;
#1442 = DIRECTION ( 'NONE',  ( 0.000000000000000000, 0.000000000000000000, -1.000000000000000000 ) ) ;
#1443 = CARTESIAN_POINT ( 'NONE',  ( 116.0000000000000000, -74.57500000000000284, -0.3500000000000152434 ) ) ;
#1444 = EDGE_LOOP ( 'NONE', ( #2615, #3273, #3293, #3668 ) ) ;
#1445 = PRODUCT_DEFINITION_FORMATION_WITH_SPECIFIED_SOURCE ( 'ANY', '', #898, .NOT_KNOWN. ) ;
#1446 = TOROIDAL_SURFACE ( 'NONE', #6528, 7.500000000000007105, 0.5000000000000000000 ) ;
#1447 = ADVANCED_FACE ( 'NONE', ( #720 ), #733, .F. ) ;
#1448 = CARTESIAN_POINT ( 'NONE',  ( 73.64999986499999807, -142.6699994900000092, -6.000000000000000000 ) ) ;
#1449 = VECTOR ( 'NONE', #6862, 1000.000000000000000 ) ;
#1450 = DIRECTION ( 'NONE',  ( 1.000000000000000000, 0.000000000000000000, -0.000000000000000000 ) ) ;
#1451 = CARTESIAN_POINT ( 'NONE',  ( 67.15342585377344164, -147.3913315412266627, 4.512776978406986217 ) ) ;
#1452 = LINE ( 'NONE', #4297, #1984 ) ;
#1453 = DIRECTION ( 'NONE',  ( -0.000000000000000000, -0.000000000000000000, -1.000000000000000000 ) ) ;
#1454 = ORIENTED_EDGE ( 'NONE', *, *, #5151, .T. ) ;
#1455 = VERTEX_POINT ( 'NONE', #3106 ) ;
#1456 = CARTESIAN_POINT ( 'NONE',  ( 60.34999999999998721, -74.57500000000000284, -2.000000000000000000 ) ) ;
#1457 = EDGE_CURVE ( 'NONE', #1052, #172, #6092, .T. ) ;
#1458 = VECTOR ( 'NONE', #3425, 1000.000000000000000 ) ;
#1459 = EDGE_LOOP ( 'NONE', ( #4383, #2758, #6876, #5512 ) ) ;
#1460 = DIRECTION ( 'NONE',  ( -1.000000000000000000, -8.068950408636815886E-17, -0.000000000000000000 ) ) ;
#1461 = AXIS2_PLACEMENT_3D ( 'NONE', #615, #1231, #3044 ) ;
#1462 = CYLINDRICAL_SURFACE ( 'NONE', #2960, 2.000000000000001776 ) ;
#1463 = DIRECTION ( 'NONE',  ( 0.000000000000000000, -1.000000000000000000, 0.000000000000000000 ) ) ;
#1464 = ORIENTED_EDGE ( 'NONE', *, *, #5830, .F. ) ;
#1465 = ORIENTED_EDGE ( 'NONE', *, *, #2375, .F. ) ;
#1466 = CIRCLE ( 'NONE', #2558, 1.999999999999988010 ) ;
#1467 = CARTESIAN_POINT ( 'NONE',  ( 62.90000000000001279, -147.3699994899999979, 13.50000000000000178 ) ) ;
#1468 = VECTOR ( 'NONE', #2105, 1000.000000000000000 ) ;
#1469 = DIRECTION ( 'NONE',  ( 1.000000000000000000, 0.000000000000000000, 0.000000000000000000 ) ) ;
#1470 = VERTEX_POINT ( 'NONE', #4513 ) ;
#1471 = ORIENTED_EDGE ( 'NONE', *, *, #4436, .F. ) ;
#1472 = LINE ( 'NONE', #362, #7123 ) ;
#1473 = DIRECTION ( 'NONE',  ( 1.000000000000000000, 0.000000000000000000, 0.000000000000000000 ) ) ;
#1474 = CYLINDRICAL_SURFACE ( 'NONE', #3868, 2.000000000000001776 ) ;
#1475 = CIRCLE ( 'NONE', #6330, 0.4000000000000057954 ) ;
#1476 = CARTESIAN_POINT ( 'NONE',  ( 136.7500000000000284, -106.1249997449999967, -7.000000000000000000 ) ) ;
#1477 = CIRCLE ( 'NONE', #5596, 8.000000000000007105 ) ;
#1478 = FACE_OUTER_BOUND ( 'NONE', #3875, .T. ) ;
#1479 = CARTESIAN_POINT ( 'NONE',  ( 62.89999999999999858, -58.67999999999999261, 13.50000000000000178 ) ) ;
#1480 = CONICAL_SURFACE ( 'NONE', #3544, 2.349999999999976996, 0.7853981633974581600 ) ;
#1481 = VERTEX_POINT ( 'NONE', #3830 ) ;
#1482 = CARTESIAN_POINT ( 'NONE',  ( 108.1499998649999981, -142.6699994900000092, -0.3500000000000152434 ) ) ;
#1483 = CONICAL_SURFACE ( 'NONE', #1736, 2.000000000000001776, 0.7853981633974508325 ) ;
#1484 = CARTESIAN_POINT ( 'NONE',  ( 82.89999986499999807, -152.7699994900000036, 9.460000009999999904 ) ) ;
#1485 = ORIENTED_EDGE ( 'NONE', *, *, #783, .T. ) ;
#1486 = AXIS2_PLACEMENT_3D ( 'NONE', #723, #1867, #5772 ) ;
#1487 = EDGE_CURVE ( 'NONE', #6982, #2910, #1553, .T. ) ;
#1488 = EDGE_CURVE ( 'NONE', #4933, #3076, #2672, .T. ) ;
#1489 = CIRCLE ( 'NONE', #7295, 0.5000000000000004441 ) ;
#1490 = LINE ( 'NONE', #5045, #1961 ) ;
#1491 = CARTESIAN_POINT ( 'NONE',  ( 68.89408531408244585, -149.3699994899999979, 3.025513433412234221 ) ) ;
#1492 = LINE ( 'NONE', #3765, #280 ) ;
#1493 = CARTESIAN_POINT ( 'NONE',  ( 114.6048599598013311, -149.3699994899999979, 5.963443159972963592 ) ) ;
#1494 = AXIS2_PLACEMENT_3D ( 'NONE', #2231, #478, #6855 ) ;
#1495 = EDGE_LOOP ( 'NONE', ( #7368, #5822, #2753, #3608 ) ) ;
#1496 = ORIENTED_EDGE ( 'NONE', *, *, #4066, .T. ) ;
#1497 = AXIS2_PLACEMENT_3D ( 'NONE', #4539, #520, #1136 ) ;
#1498 = CARTESIAN_POINT ( 'NONE',  ( 118.6000000000000085, -64.68000000000000682, 6.500000000000001776 ) ) ;
#1499 = EDGE_CURVE ( 'NONE', #6409, #6870, #845, .T. ) ;
#1500 =( NAMED_UNIT ( * ) SI_UNIT ( $, .STERADIAN. ) SOLID_ANGLE_UNIT ( ) );
#1501 = EDGE_LOOP ( 'NONE', ( #219, #7311, #943, #899 ) ) ;
#1502 = DIRECTION ( 'NONE',  ( -0.7199999999999944222, -0.6939740629159046881, 0.000000000000000000 ) ) ;
#1503 = CARTESIAN_POINT ( 'NONE',  ( 100.8999998649999981, -153.5699994899999865, 9.460000009999999904 ) ) ;
#1504 = DIRECTION ( 'NONE',  ( 0.000000000000000000, 0.000000000000000000, -1.000000000000000000 ) ) ;
#1505 = AXIS2_PLACEMENT_3D ( 'NONE', #879, #2098, #4967 ) ;
#1506 = ORIENTED_EDGE ( 'NONE', *, *, #3112, .T. ) ;
#1507 = ORIENTED_EDGE ( 'NONE', *, *, #159, .F. ) ;
#1508 = CARTESIAN_POINT ( 'NONE',  ( 122.5999999999999801, -62.67999999999999972, 12.50000000000000000 ) ) ;
#1509 = CARTESIAN_POINT ( 'NONE',  ( 67.34999999999999432, -74.57500000000000284, -0.3500000000000152434 ) ) ;
#1510 = ORIENTED_EDGE ( 'NONE', *, *, #3150, .T. ) ;
#1511 = CARTESIAN_POINT ( 'NONE',  ( 64.90000000000000568, -147.5699994899999865, 12.50000000000000000 ) ) ;
#1512 = ORIENTED_EDGE ( 'NONE', *, *, #211, .T. ) ;
#1513 = FACE_OUTER_BOUND ( 'NONE', #2499, .T. ) ;
#1514 = CARTESIAN_POINT ( 'NONE',  ( 75.64999986500001228, -152.5699994899999865, 30.00000000000000355 ) ) ;
#1515 = CARTESIAN_POINT ( 'NONE',  ( 69.70000000000001705, -74.57500000000000284, 0.000000000000000000 ) ) ;
#1516 = VECTOR ( 'NONE', #1752, 1000.000000000000000 ) ;
#1517 = CARTESIAN_POINT ( 'NONE',  ( 60.90171624945524087, -147.4528369954472851, 13.00000000000000178 ) ) ;
#1518 = EDGE_CURVE ( 'NONE', #5318, #2068, #322, .T. ) ;
#1519 = CARTESIAN_POINT ( 'NONE',  ( 125.5667136768825998, -120.8765384305847732, -3.237506646863608228 ) ) ;
#1520 = LINE ( 'NONE', #7354, #4969 ) ;
#1521 = CARTESIAN_POINT ( 'NONE',  ( 118.0000000000000142, -74.57500000000000284, -6.000000000000000000 ) ) ;
#1522 = ORIENTED_EDGE ( 'NONE', *, *, #5013, .T. ) ;
#1523 = DIRECTION ( 'NONE',  ( 0.000000000000000000, 0.000000000000000000, 1.000000000000000000 ) ) ;
#1524 = LINE ( 'NONE', #5565, #3266 ) ;
#1525 = ORIENTED_EDGE ( 'NONE', *, *, #4728, .T. ) ;
#1526 = CARTESIAN_POINT ( 'NONE',  ( 67.02178414404805551, -147.3829844966910798, 4.500000000000001776 ) ) ;
#1527 = ADVANCED_FACE ( 'NONE', ( #3909 ), #491, .F. ) ;
#1528 = CARTESIAN_POINT ( 'NONE',  ( 68.25350167294362791, -149.3699994899999979, 4.949929852322515700 ) ) ;
#1529 = CARTESIAN_POINT ( 'NONE',  ( 116.5999999999999943, -64.68000000000000682, 6.500000000000001776 ) ) ;
#1530 = EDGE_CURVE ( 'NONE', #2310, #2102, #6186, .T. ) ;
#1531 = DIRECTION ( 'NONE',  ( 0.000000000000000000, 0.000000000000000000, -1.000000000000000000 ) ) ;
#1532 = EDGE_LOOP ( 'NONE', ( #429, #5424, #1292, #3570 ) ) ;
#1533 = ORIENTED_EDGE ( 'NONE', *, *, #7154, .F. ) ;
#1534 = CARTESIAN_POINT ( 'NONE',  ( 108.3499998649999583, -149.4528422024746135, 2.000000000000000444 ) ) ;
#1535 = ORIENTED_EDGE ( 'NONE', *, *, #7352, .T. ) ;
#1536 = ORIENTED_EDGE ( 'NONE', *, *, #3099, .F. ) ;
#1537 = CARTESIAN_POINT ( 'NONE',  ( 75.64999986499999807, -142.6699994900000092, -5.000000000000000000 ) ) ;
#1538 = DIRECTION ( 'NONE',  ( -0.7071067811865545671, 8.659560562355019140E-17, 0.7071067811865405783 ) ) ;
#1539 = DIRECTION ( 'NONE',  ( -0.7071067811865545671, 8.659560562355019140E-17, 0.7071067811865405783 ) ) ;
#1540 = EDGE_CURVE ( 'NONE', #1398, #1250, #2246, .T. ) ;
#1541 = ORIENTED_EDGE ( 'NONE', *, *, #2457, .T. ) ;
#1542 = ORIENTED_EDGE ( 'NONE', *, *, #2621, .F. ) ;
#1543 = CARTESIAN_POINT ( 'NONE',  ( 100.8999998649999981, -148.5699994899999865, 9.460000009999999904 ) ) ;
#1544 = DIRECTION ( 'NONE',  ( 1.000000000000000000, -0.000000000000000000, 0.000000000000000000 ) ) ;
#1545 = ORIENTED_EDGE ( 'NONE', *, *, #4600, .T. ) ;
#1546 = CARTESIAN_POINT ( 'NONE',  ( 122.5999999999999801, -66.67999999999999261, 6.500000000000000888 ) ) ;
#1547 = EDGE_CURVE ( 'NONE', #6885, #4230, #2928, .T. ) ;
#1548 = VERTEX_POINT ( 'NONE', #2810 ) ;
#1549 = PLANE ( 'NONE',  #5183 ) ;
#1550 = DIRECTION ( 'NONE',  ( -1.000000000000000000, 0.000000000000000000, 0.000000000000000000 ) ) ;
#1551 = DIRECTION ( 'NONE',  ( 0.000000000000000000, 0.000000000000000000, 1.000000000000000000 ) ) ;
#1552 = EDGE_CURVE ( 'NONE', #5980, #3793, #6847, .T. ) ;
#1553 = LINE ( 'NONE', #1071, #1599 ) ;
#1554 = EDGE_CURVE ( 'NONE', #5498, #1057, #3579, .T. ) ;
#1555 = VERTEX_POINT ( 'NONE', #5604 ) ;
#1556 = DIRECTION ( 'NONE',  ( -0.000000000000000000, -0.000000000000000000, -1.000000000000000000 ) ) ;
#1557 = CARTESIAN_POINT ( 'NONE',  ( 56.09860384854879101, -118.4080688540899615, -4.461759093601989967 ) ) ;
#1558 = DIRECTION ( 'NONE',  ( 1.000000000000000000, 0.000000000000000000, 0.000000000000000000 ) ) ;
#1559 = ADVANCED_FACE ( 'NONE', ( #3340 ), #5643, .F. ) ;
#1560 = ORIENTED_EDGE ( 'NONE', *, *, #4342, .T. ) ;
#1561 = CARTESIAN_POINT ( 'NONE',  ( 62.89999999999999858, -60.67999999999999972, 13.50000000000000178 ) ) ;
#1562 = DIRECTION ( 'NONE',  ( 0.000000000000000000, 0.000000000000000000, 1.000000000000000000 ) ) ;
#1563 = VECTOR ( 'NONE', #7189, 1000.000000000000000 ) ;
#1564 = TOROIDAL_SURFACE ( 'NONE', #6758, 3.500000000000010658, 0.5000000000000000000 ) ;
#1565 = ORIENTED_EDGE ( 'NONE', *, *, #1708, .T. ) ;
#1566 = LINE ( 'NONE', #6877, #137 ) ;
#1567 = CARTESIAN_POINT ( 'NONE',  ( 64.90000000000000568, -147.5699994899999865, 12.15000000000002700 ) ) ;
#1568 = FACE_OUTER_BOUND ( 'NONE', #3565, .T. ) ;
#1569 = TOROIDAL_SURFACE ( 'NONE', #3925, 7.500000000000007105, 0.5000000000000000000 ) ;
#1570 = AXIS2_PLACEMENT_3D ( 'NONE', #6990, #6421, #1766 ) ;
#1571 = CARTESIAN_POINT ( 'NONE',  ( 124.5999999999999943, -86.12499974499991140, -4.000000000000000000 ) ) ;
#1572 = EDGE_CURVE ( 'NONE', #2396, #4873, #5115, .T. ) ;
#1573 = ORIENTED_EDGE ( 'NONE', *, *, #6565, .T. ) ;
#1574 = ORIENTED_EDGE ( 'NONE', *, *, #1589, .F. ) ;
#1575 = VECTOR ( 'NONE', #1349, 1000.000000000000000 ) ;
#1576 = DIRECTION ( 'NONE',  ( 1.000000000000000000, 0.000000000000000000, 0.000000000000000000 ) ) ;
#1577 = EDGE_CURVE ( 'NONE', #49, #2310, #4391, .T. ) ;
#1578 = DIRECTION ( 'NONE',  ( 1.000000000000000000, 0.000000000000000000, 0.000000000000000000 ) ) ;
#1579 = PRESENTATION_STYLE_ASSIGNMENT (( #5662 ) ) ;
#1580 = ORIENTED_EDGE ( 'NONE', *, *, #5250, .T. ) ;
#1581 = CARTESIAN_POINT ( 'NONE',  ( 108.1499998649999981, -142.6699994900000092, -6.000000000000000000 ) ) ;
#1582 = LINE ( 'NONE', #3892, #6899 ) ;
#1583 = B_SPLINE_CURVE_WITH_KNOTS ( 'NONE', 3,
 ( #2504, #2006, #1434, #97, #5982, #5372, #5404, #3748, #174, #794, #3102, #207, #1297, #3604, #5905, #4844, #7160, #3031 ),
 .UNSPECIFIED., .F., .F.,
 ( 4, 2, 2, 2, 2, 2, 2, 2, 4 ),
 ( 0.000000000000000000, 0.001240537384691780924, 0.002481074769383561848, 0.004962149538767147115, 0.006202686923458957530, 0.007443224308150767944, 0.008683761692842578359, 0.009304030385188483132, 0.009924299077534386171 ),
 .UNSPECIFIED. ) ;
#1584 = DIRECTION ( 'NONE',  ( 0.000000000000000000, -1.000000000000000000, 0.000000000000000000 ) ) ;
#1585 = VERTEX_POINT ( 'NONE', #2768 ) ;
#1586 = ORIENTED_EDGE ( 'NONE', *, *, #2870, .T. ) ;
#1587 = CARTESIAN_POINT ( 'NONE',  ( 46.89999999999999858, -86.12499974499999666, -4.500000000000000888 ) ) ;
#1588 = CIRCLE ( 'NONE', #3282, 4.000000000000003553 ) ;
#1589 = EDGE_CURVE ( 'NONE', #755, #3757, #4426, .T. ) ;
#1590 = CARTESIAN_POINT ( 'NONE',  ( 105.6499998649999981, -153.5699994899999865, 13.50000000000000178 ) ) ;
#1591 = VERTEX_POINT ( 'NONE', #2733 ) ;
#1592 = EDGE_CURVE ( 'NONE', #4354, #2133, #5034, .T. ) ;
#1593 = CARTESIAN_POINT ( 'NONE',  ( 120.5999999999999801, -62.67999999999999972, 2.500000000000000444 ) ) ;
#1594 = VECTOR ( 'NONE', #3624, 1000.000000000000000 ) ;
#1595 = EDGE_LOOP ( 'NONE', ( #1314, #7513, #5725, #5291, #1574, #7218, #4075, #957 ) ) ;
#1596 = DIRECTION ( 'NONE',  ( 3.194334880715847085E-16, -1.000000000000000000, 0.000000000000000000 ) ) ;
#1597 = DIRECTION ( 'NONE',  ( 0.000000000000000000, 0.000000000000000000, 1.000000000000000000 ) ) ;
#1598 = PLANE ( 'NONE',  #4827 ) ;
#1599 = VECTOR ( 'NONE', #3864, 1000.000000000000000 ) ;
#1600 = DIRECTION ( 'NONE',  ( 0.000000000000000000, 1.000000000000000000, 0.000000000000000000 ) ) ;
#1601 = VERTEX_POINT ( 'NONE', #5073 ) ;
#1602 = AXIS2_PLACEMENT_3D ( 'NONE', #5264, #647, #4594 ) ;
#1603 = CIRCLE ( 'NONE', #5709, 2.350000000000018741 ) ;
#1604 = FACE_OUTER_BOUND ( 'NONE', #822, .T. ) ;
#1605 = DIRECTION ( 'NONE',  ( 0.000000000000000000, 0.000000000000000000, 1.000000000000000000 ) ) ;
#1606 = CARTESIAN_POINT ( 'NONE',  ( 116.6000000000000227, -60.67999999999999972, 4.500000000000000888 ) ) ;
#1607 = EDGE_LOOP ( 'NONE', ( #710, #6115, #2948, #4072, #1507 ) ) ;
#1608 = EDGE_CURVE ( 'NONE', #5776, #7351, #7391, .T. ) ;
#1609 = AXIS2_PLACEMENT_3D ( 'NONE', #3914, #2127, #2206 ) ;
#1610 = CARTESIAN_POINT ( 'NONE',  ( 64.90000000000000568, -147.5699994899999865, 6.500000000000001776 ) ) ;
#1611 = DIRECTION ( 'NONE',  ( -0.000000000000000000, -1.000000000000000000, -0.000000000000000000 ) ) ;
#1612 = EDGE_CURVE ( 'NONE', #378, #3688, #3695, .T. ) ;
#1613 = EDGE_LOOP ( 'NONE', ( #5668, #1718, #4135, #5940 ) ) ;
#1614 = AXIS2_PLACEMENT_3D ( 'NONE', #5525, #4820, #6569 ) ;
#1615 = FACE_OUTER_BOUND ( 'NONE', #3818, .T. ) ;
#1616 = AXIS2_PLACEMENT_3D ( 'NONE', #4315, #1371, #6625 ) ;
#1617 = CARTESIAN_POINT ( 'NONE',  ( 125.1900996016401848, -90.23494545720436122, -2.796443788079845838 ) ) ;
#1618 = LINE ( 'NONE', #6844, #1368 ) ;
#1619 = CARTESIAN_POINT ( 'NONE',  ( 64.90000000000000568, -64.68000000000000682, 12.14999999999998082 ) ) ;
#1620 = ORIENTED_EDGE ( 'NONE', *, *, #5544, .F. ) ;
#1621 = ORIENTED_EDGE ( 'NONE', *, *, #7360, .F. ) ;
#1622 = CARTESIAN_POINT ( 'NONE',  ( 75.44999986500000944, -151.2699994900000036, 4.700000000000001954 ) ) ;
#1623 = CARTESIAN_POINT ( 'NONE',  ( 62.55000000000002558, -147.5699994899999865, 12.50000000000000000 ) ) ;
#1624 =( NAMED_UNIT ( * ) PLANE_ANGLE_UNIT ( ) SI_UNIT ( $, .RADIAN. ) );
#1625 = AXIS2_PLACEMENT_3D ( 'NONE', #5989, #4783, #7267 ) ;
#1626 = ORIENTED_EDGE ( 'NONE', *, *, #648, .F. ) ;
#1627 = ORIENTED_EDGE ( 'NONE', *, *, #4342, .F. ) ;
#1628 = PLANE ( 'NONE',  #6644 ) ;
#1629 = DIRECTION ( 'NONE',  ( 0.000000000000000000, 0.000000000000000000, 1.000000000000000000 ) ) ;
#1630 = VECTOR ( 'NONE', #7434, 1000.000000000000000 ) ;
#1631 = DIRECTION ( 'NONE',  ( 1.000000000000000000, 0.000000000000000000, 0.000000000000000000 ) ) ;
#1632 = VECTOR ( 'NONE', #1073, 1000.000000000000000 ) ;
#1633 = CIRCLE ( 'NONE', #6225, 2.000000000000001776 ) ;
#1634 = ORIENTED_EDGE ( 'NONE', *, *, #1325, .T. ) ;
#1635 = ORIENTED_EDGE ( 'NONE', *, *, #3720, .T. ) ;
#1636 = DIRECTION ( 'NONE',  ( 0.000000000000000000, 0.000000000000000000, 1.000000000000000000 ) ) ;
#1637 = DIRECTION ( 'NONE',  ( 1.000000000000000000, 0.000000000000000000, 0.000000000000000000 ) ) ;
#1638 = ORIENTED_EDGE ( 'NONE', *, *, #1362, .T. ) ;
#1639 = CARTESIAN_POINT ( 'NONE',  ( 78.14999986499999807, -152.9699994900000206, 13.50000000000000178 ) ) ;
#1640 = ORIENTED_EDGE ( 'NONE', *, *, #2198, .T. ) ;
#1641 = EDGE_CURVE ( 'NONE', #2680, #7460, #6943, .T. ) ;
#1642 = DIRECTION ( 'NONE',  ( -0.000000000000000000, -1.000000000000000000, -0.000000000000000000 ) ) ;
#1643 = CIRCLE ( 'NONE', #1505, 0.1999999999999996503 ) ;
#1644 = CARTESIAN_POINT ( 'NONE',  ( 46.90000000000001279, -126.1249997450000251, -6.500000000000000888 ) ) ;
#1645 = CARTESIAN_POINT ( 'NONE',  ( 75.64999986500001228, -152.7699994900000036, 30.00000000000000355 ) ) ;
#1646 = CARTESIAN_POINT ( 'NONE',  ( 116.0000000000000000, -74.57500000000000284, 0.000000000000000000 ) ) ;
#1647 = ADVANCED_FACE ( 'NONE', ( #534 ), #5789, .F. ) ;
#1648 = ORIENTED_EDGE ( 'NONE', *, *, #4614, .T. ) ;
#1649 = AXIS2_PLACEMENT_3D ( 'NONE', #7213, #2051, #6567 ) ;
#1650 = CARTESIAN_POINT ( 'NONE',  ( 46.89999999999991331, -113.6249997450000109, -7.000000000000000000 ) ) ;
#1651 = DIRECTION ( 'NONE',  ( 1.000000000000000000, 0.000000000000000000, 0.000000000000000000 ) ) ;
#1652 = ORIENTED_EDGE ( 'NONE', *, *, #3075, .F. ) ;
#1653 = ORIENTED_EDGE ( 'NONE', *, *, #2416, .F. ) ;
#1654 = AXIS2_PLACEMENT_3D ( 'NONE', #3522, #7504, #1783 ) ;
#1655 = DIRECTION ( 'NONE',  ( -1.000000000000000000, 0.000000000000000000, 0.000000000000000000 ) ) ;
#1656 = DIRECTION ( 'NONE',  ( 0.000000000000000000, 0.000000000000000000, 1.000000000000000000 ) ) ;
#1657 = VERTEX_POINT ( 'NONE', #1109 ) ;
#1658 = EDGE_CURVE ( 'NONE', #6252, #6428, #5871, .T. ) ;
#1659 = DIRECTION ( 'NONE',  ( -1.000000000000000000, 0.000000000000000000, 0.000000000000000000 ) ) ;
#1660 = DIRECTION ( 'NONE',  ( -1.000000000000000000, 0.000000000000000000, 0.000000000000000000 ) ) ;
#1661 = CARTESIAN_POINT ( 'NONE',  ( 46.89999999999991331, -98.62499974499999666, -4.500000000000000888 ) ) ;
#1662 = CARTESIAN_POINT ( 'NONE',  ( 116.0000000000000000, -74.57500000000000284, -6.000000000000000000 ) ) ;
#1663 = ADVANCED_FACE ( 'NONE', ( #2991 ), #4032, .F. ) ;
#1664 = ORIENTED_EDGE ( 'NONE', *, *, #1547, .F. ) ;
#1665 = EDGE_LOOP ( 'NONE', ( #4019, #5153, #5467, #7306 ) ) ;
#1666 = CARTESIAN_POINT ( 'NONE',  ( 126.6671851993732218, -92.87036514186097236, -4.240166825980413279 ) ) ;
#1667 = ORIENTED_EDGE ( 'NONE', *, *, #1530, .T. ) ;
#1668 = EDGE_LOOP ( 'NONE', ( #3119, #7115 ) ) ;
#1669 = DIRECTION ( 'NONE',  ( 1.000000000000000000, -0.000000000000000000, 0.000000000000000000 ) ) ;
#1670 = CARTESIAN_POINT ( 'NONE',  ( 108.3499998649999867, -150.6699994899999808, 2.000000000000001776 ) ) ;
#1671 = CARTESIAN_POINT ( 'NONE',  ( 60.89999999999999858, -71.85516544620813306, -5.000000000000000888 ) ) ;
#1672 = ORIENTED_EDGE ( 'NONE', *, *, #1572, .F. ) ;
#1673 = VERTEX_POINT ( 'NONE', #2918 ) ;
#1674 = DIRECTION ( 'NONE',  ( 0.000000000000000000, 0.000000000000000000, -1.000000000000000000 ) ) ;
#1675 = LINE ( 'NONE', #4419, #2170 ) ;
#1676 = EDGE_LOOP ( 'NONE', ( #6590, #451 ) ) ;
#1677 = DIRECTION ( 'NONE',  ( -0.000000000000000000, -0.000000000000000000, -1.000000000000000000 ) ) ;
#1678 = CARTESIAN_POINT ( 'NONE',  ( 75.64999986499999807, -142.6699994900000092, -6.000000000000000000 ) ) ;
#1679 = DIRECTION ( 'NONE',  ( -0.000000000000000000, 0.000000000000000000, 1.000000000000000000 ) ) ;
#1680 = DIRECTION ( 'NONE',  ( 1.000000000000000000, 0.000000000000000000, 0.000000000000000000 ) ) ;
#1681 = CARTESIAN_POINT ( 'NONE',  ( 64.90000000000000568, -147.5699994899999865, 6.500000000000000888 ) ) ;
#1682 = ORIENTED_EDGE ( 'NONE', *, *, #2879, .T. ) ;
#1683 = ADVANCED_FACE ( 'NONE', ( #5761 ), #599, .T. ) ;
#1684 = FACE_OUTER_BOUND ( 'NONE', #7159, .T. ) ;
#1685 = CARTESIAN_POINT ( 'NONE',  ( 57.05429892931042701, -119.0985774569151090, -3.777285852028928304 ) ) ;
#1686 = ORIENTED_EDGE ( 'NONE', *, *, #5949, .F. ) ;
#1687 = ADVANCED_FACE ( 'NONE', ( #3417 ), #4092, .F. ) ;
#1688 = ORIENTED_EDGE ( 'NONE', *, *, #5214, .T. ) ;
#1689 = CARTESIAN_POINT ( 'NONE',  ( 120.0000000000000142, -74.57500000000000284, -2.000000000000000000 ) ) ;
#1690 = CARTESIAN_POINT ( 'NONE',  ( 100.8999998649999981, -152.7699994900000036, 9.460000009999999904 ) ) ;
#1691 = VERTEX_POINT ( 'NONE', #89 ) ;
#1692 = CARTESIAN_POINT ( 'NONE',  ( 115.0278857801016699, -149.3699994899999979, 12.50000000000000000 ) ) ;
#1693 = ADVANCED_FACE ( 'NONE', ( #4552 ), #677, .F. ) ;
#1694 = CARTESIAN_POINT ( 'NONE',  ( 75.24999986500000659, -149.5699994899999865, 13.50000000000000178 ) ) ;
#1695 = CARTESIAN_POINT ( 'NONE',  ( 60.90000000000001279, -147.3699994899999979, 12.50000000000000000 ) ) ;
#1696 = AXIS2_PLACEMENT_3D ( 'NONE', #5293, #1404, #4735 ) ;
#1697 = DIRECTION ( 'NONE',  ( -1.000000000000000000, 0.000000000000000000, 0.000000000000000000 ) ) ;
#1698 = ORIENTED_EDGE ( 'NONE', *, *, #5753, .T. ) ;
#1699 = ORIENTED_EDGE ( 'NONE', *, *, #263, .F. ) ;
#1700 = AXIS2_PLACEMENT_3D ( 'NONE', #3370, #4090, #3989 ) ;
#1701 = CARTESIAN_POINT ( 'NONE',  ( 127.3414159020391168, -94.48668019797909778, -4.000000000000000000 ) ) ;
#1702 = ORIENTED_EDGE ( 'NONE', *, *, #572, .T. ) ;
#1703 = DIRECTION ( 'NONE',  ( 0.000000000000000000, 0.000000000000000000, 1.000000000000000000 ) ) ;
#1704 = LINE ( 'NONE', #6249, #1268 ) ;
#1705 = EDGE_CURVE ( 'NONE', #6867, #1585, #2883, .T. ) ;
#1706 = ORIENTED_EDGE ( 'NONE', *, *, #7484, .T. ) ;
#1707 = ORIENTED_EDGE ( 'NONE', *, *, #2926, .T. ) ;
#1708 = EDGE_CURVE ( 'NONE', #7356, #5584, #70, .T. ) ;
#1709 = CARTESIAN_POINT ( 'NONE',  ( 82.64999986499999807, -142.6699994900000092, -2.000000000000000000 ) ) ;
#1710 = DIRECTION ( 'NONE',  ( -1.000000000000000000, -0.000000000000000000, -0.000000000000000000 ) ) ;
#1711 = ORIENTED_EDGE ( 'NONE', *, *, #6251, .T. ) ;
#1712 = CIRCLE ( 'NONE', #4351, 4.000000000000003553 ) ;
#1713 = CARTESIAN_POINT ( 'NONE',  ( 75.64999986499999807, -142.6699994900000092, 0.000000000000000000 ) ) ;
#1714 = DIRECTION ( 'NONE',  ( -0.000000000000000000, -0.000000000000000000, -1.000000000000000000 ) ) ;
#1715 =( NAMED_UNIT ( * ) SI_UNIT ( $, .STERADIAN. ) SOLID_ANGLE_UNIT ( ) );
#1716 = DIRECTION ( 'NONE',  ( 1.000000000000000000, -3.469446951953671381E-15, 0.000000000000000000 ) ) ;
#1717 = CARTESIAN_POINT ( 'NONE',  ( 60.89999999999999858, -74.57500000000000284, -4.949152420611723890 ) ) ;
#1718 = ORIENTED_EDGE ( 'NONE', *, *, #5112, .T. ) ;
#1719 = FACE_OUTER_BOUND ( 'NONE', #7212, .T. ) ;
#1720 = CIRCLE ( 'NONE', #3411, 7.500000000000007105 ) ;
#1721 = CARTESIAN_POINT ( 'NONE',  ( 136.7500000000000284, -106.1249997449999967, -4.500000000000000888 ) ) ;
#1722 = EDGE_LOOP ( 'NONE', ( #3136, #5686, #4668, #7330 ) ) ;
#1723 = ORIENTED_EDGE ( 'NONE', *, *, #6533, .F. ) ;
#1724 = AXIS2_PLACEMENT_3D ( 'NONE', #797, #3142, #1335 ) ;
#1725 = CIRCLE ( 'NONE', #2675, 8.000000000000007105 ) ;
#1726 = LINE ( 'NONE', #6950, #5823 ) ;
#1727 = CARTESIAN_POINT ( 'NONE',  ( 70.89666574022596990, -149.3699994899999979, 6.235640234811769211 ) ) ;
#1728 = VERTEX_POINT ( 'NONE', #6974 ) ;
#1729 = AXIS2_PLACEMENT_3D ( 'NONE', #6621, #7157, #5436 ) ;
#1730 = CARTESIAN_POINT ( 'NONE',  ( 116.0000000000000000, -74.57500000000000284, -0.3500000000000152434 ) ) ;
#1731 = DIRECTION ( 'NONE',  ( 0.000000000000000000, 0.000000000000000000, 1.000000000000000000 ) ) ;
#1732 = CARTESIAN_POINT ( 'NONE',  ( 118.6000000000000085, -147.5699994899999865, 12.50000000000000000 ) ) ;
#1733 = CIRCLE ( 'NONE', #4634, 3.000000000000002665 ) ;
#1734 = ORIENTED_EDGE ( 'NONE', *, *, #3469, .F. ) ;
#1735 = ADVANCED_FACE ( 'NONE', ( #6338 ), #1393, .F. ) ;
#1736 = AXIS2_PLACEMENT_3D ( 'NONE', #7087, #3828, #1473 ) ;
#1737 = DIRECTION ( 'NONE',  ( 1.000000000000000000, 0.000000000000000000, -0.000000000000000000 ) ) ;
#1738 = ORIENTED_EDGE ( 'NONE', *, *, #7486, .T. ) ;
#1739 = LINE ( 'NONE', #6283, #223 ) ;
#1740 = CARTESIAN_POINT ( 'NONE',  ( 62.89999999999999858, -59.17999999999999972, -6.500000000000000888 ) ) ;
#1741 = AXIS2_PLACEMENT_3D ( 'NONE', #3816, #1504, #6204 ) ;
#1742 = ORIENTED_EDGE ( 'NONE', *, *, #2439, .F. ) ;
#1743 = EDGE_LOOP ( 'NONE', ( #411, #2846, #5605, #6925 ) ) ;
#1744 = EDGE_CURVE ( 'NONE', #2057, #699, #1281, .T. ) ;
#1745 = CIRCLE ( 'NONE', #5962, 0.5000000000000004441 ) ;
#1746 = CARTESIAN_POINT ( 'NONE',  ( 60.89999999999999858, -62.67999999999999972, -5.000000000000000888 ) ) ;
#1747 = DIRECTION ( 'NONE',  ( -1.000000000000000000, -8.068950408636815886E-17, -0.000000000000000000 ) ) ;
#1748 = EDGE_LOOP ( 'NONE', ( #4514, #6140, #3015, #2087 ) ) ;
#1749 = LINE ( 'NONE', #1639, #966 ) ;
#1750 = DIRECTION ( 'NONE',  ( 0.000000000000000000, 0.000000000000000000, 1.000000000000000000 ) ) ;
#1751 = CARTESIAN_POINT ( 'NONE',  ( 136.5999999999999943, -86.12499974499999666, -4.500000000000000888 ) ) ;
#1752 = DIRECTION ( 'NONE',  ( -1.000000000000000000, 0.000000000000000000, 0.000000000000000000 ) ) ;
#1753 = ORIENTED_EDGE ( 'NONE', *, *, #2487, .F. ) ;
#1754 = CARTESIAN_POINT ( 'NONE',  ( 124.6661450479401623, -124.6682885546261019, -1.803053144593888213 ) ) ;
#1755 = CARTESIAN_POINT ( 'NONE',  ( 112.6000000000000227, -62.67999999999999972, 13.50000000000000178 ) ) ;
#1756 = CIRCLE ( 'NONE', #3563, 0.2000000000000057288 ) ;
#1757 = EDGE_LOOP ( 'NONE', ( #3769, #5399, #2271, #3347 ) ) ;
#1758 = EDGE_LOOP ( 'NONE', ( #6356, #3834, #1217, #1094 ) ) ;
#1759 = VECTOR ( 'NONE', #2132, 1000.000000000000000 ) ;
#1760 = CARTESIAN_POINT ( 'NONE',  ( 68.18028532662756902, -149.3699994900000263, 2.703439311024761871 ) ) ;
#1761 = EDGE_CURVE ( 'NONE', #2752, #3518, #6240, .T. ) ;
#1762 = VERTEX_POINT ( 'NONE', #2961 ) ;
#1763 = DIRECTION ( 'NONE',  ( -1.000000000000000000, 0.000000000000000000, 0.000000000000000000 ) ) ;
#1764 = LINE ( 'NONE', #6456, #2463 ) ;
#1765 = DIRECTION ( 'NONE',  ( 1.000000000000000000, 0.000000000000000000, 0.000000000000000000 ) ) ;
#1766 = DIRECTION ( 'NONE',  ( 1.000000000000000000, 0.000000000000000000, 0.000000000000000000 ) ) ;
#1767 = EDGE_CURVE ( 'NONE', #2818, #2115, #57, .T. ) ;
#1768 = EDGE_CURVE ( 'NONE', #4604, #5221, #2390, .T. ) ;
#1769 = CARTESIAN_POINT ( 'NONE',  ( 124.6590580787077585, -87.64240723502093999, -1.688331266638877226 ) ) ;
#1770 = EDGE_LOOP ( 'NONE', ( #1485, #79, #234, #4767 ) ) ;
#1771 = SPHERICAL_SURFACE ( 'NONE', #236, 2.000000000000000000 ) ;
#1772 = EDGE_CURVE ( 'NONE', #788, #3076, #4122, .T. ) ;
#1773 = CARTESIAN_POINT ( 'NONE',  ( 82.89999986499999807, -148.5699994899999865, 4.710000010000001680 ) ) ;
#1774 = ORIENTED_EDGE ( 'NONE', *, *, #5559, .F. ) ;
#1775 = ORIENTED_EDGE ( 'NONE', *, *, #7130, .T. ) ;
#1776 = CARTESIAN_POINT ( 'NONE',  ( 136.7500000000000284, -106.1249997449999967, -7.000000000000000000 ) ) ;
#1777 = CARTESIAN_POINT ( 'NONE',  ( 136.5999999999999943, -86.12499974499999666, -4.000000000000000000 ) ) ;
#1778 = EDGE_LOOP ( 'NONE', ( #7197, #6961, #6319, #1471 ) ) ;
#1779 = DIRECTION ( 'NONE',  ( -0.000000000000000000, -1.000000000000000000, -0.000000000000000000 ) ) ;
#1780 = DIRECTION ( 'NONE',  ( -1.000000000000000000, 0.000000000000000000, 0.000000000000000000 ) ) ;
#1781 = DIRECTION ( 'NONE',  ( -1.000000000000000000, 0.000000000000000000, 0.000000000000000000 ) ) ;
#1782 = EDGE_CURVE ( 'NONE', #1245, #6339, #5752, .T. ) ;
#1783 = DIRECTION ( 'NONE',  ( 0.000000000000000000, 0.000000000000000000, 1.000000000000000000 ) ) ;
#1784 = EDGE_LOOP ( 'NONE', ( #6882, #2162, #5861, #7518 ) ) ;
#1785 = CARTESIAN_POINT ( 'NONE',  ( 124.9645053342771917, -123.1651770196213960, -2.451013034285281833 ) ) ;
#1786 = ADVANCED_FACE ( 'NONE', ( #2423 ), #4174, .T. ) ;
#1787 = DIRECTION ( 'NONE',  ( -0.000000000000000000, -1.000000000000000000, -0.000000000000000000 ) ) ;
#1788 = VERTEX_POINT ( 'NONE', #3598 ) ;
#1789 = ORIENTED_EDGE ( 'NONE', *, *, #6460, .F. ) ;
#1790 = DIRECTION ( 'NONE',  ( 1.000000000000000000, 0.000000000000000000, 0.000000000000000000 ) ) ;
#1791 = ADVANCED_FACE ( 'NONE', ( #5898 ), #3024, .F. ) ;
#1792 = DIRECTION ( 'NONE',  ( 1.000000000000000000, 0.000000000000000000, 0.000000000000000000 ) ) ;
#1793 = ORIENTED_EDGE ( 'NONE', *, *, #5330, .F. ) ;
#1794 = EDGE_CURVE ( 'NONE', #2730, #768, #2089, .T. ) ;
#1795 = DIRECTION ( 'NONE',  ( 1.597167440357923543E-16, -1.000000000000000000, -0.000000000000000000 ) ) ;
#1796 = CARTESIAN_POINT ( 'NONE',  ( 64.90000000000000568, -62.67999999999999972, 4.500000000000000888 ) ) ;
#1797 = LINE ( 'NONE', #5195, #5699 ) ;
#1798 = CYLINDRICAL_SURFACE ( 'NONE', #6678, 2.000000000000001776 ) ;
#1799 = CARTESIAN_POINT ( 'NONE',  ( 125.2994429888070158, -90.18037095792467994, -2.942635367589878648 ) ) ;
#1800 = DIRECTION ( 'NONE',  ( 1.000000000000000000, 0.000000000000000000, 0.000000000000000000 ) ) ;
#1801 = DIRECTION ( 'NONE',  ( -0.000000000000000000, -0.000000000000000000, -1.000000000000000000 ) ) ;
#1802 = EDGE_CURVE ( 'NONE', #5344, #1403, #2489, .T. ) ;
#1803 = AXIS2_PLACEMENT_3D ( 'NONE', #6035, #4760, #5393 ) ;
#1804 = ORIENTED_EDGE ( 'NONE', *, *, #5244, .T. ) ;
#1805 = ORIENTED_EDGE ( 'NONE', *, *, #7487, .F. ) ;
#1806 = CIRCLE ( 'NONE', #2414, 2.000000000000001776 ) ;
#1807 = EDGE_CURVE ( 'NONE', #1990, #5357, #2861, .T. ) ;
#1808 = CARTESIAN_POINT ( 'NONE',  ( 108.1499998649999839, -150.6699994899999808, 4.300000000000001599 ) ) ;
#1809 = LINE ( 'NONE', #4061, #5914 ) ;
#1810 = ORIENTED_EDGE ( 'NONE', *, *, #884, .T. ) ;
#1811 = CYLINDRICAL_SURFACE ( 'NONE', #7384, 2.000000000000001776 ) ;
#1812 = DIRECTION ( 'NONE',  ( 0.000000000000000000, 1.000000000000000000, 0.000000000000000000 ) ) ;
#1813 = DIRECTION ( 'NONE',  ( 0.000000000000000000, -1.000000000000000000, 0.000000000000000000 ) ) ;
#1814 = DIRECTION ( 'NONE',  ( -0.000000000000000000, -0.000000000000000000, -1.000000000000000000 ) ) ;
#1815 = ORIENTED_EDGE ( 'NONE', *, *, #7472, .F. ) ;
#1816 = CIRCLE ( 'NONE', #2303, 0.5000000000000027756 ) ;
#1817 = CARTESIAN_POINT ( 'NONE',  ( 118.6000000000000085, -147.5699994899999865, 12.50000000000000000 ) ) ;
#1818 = EDGE_CURVE ( 'NONE', #1392, #3386, #3812, .T. ) ;
#1819 = CARTESIAN_POINT ( 'NONE',  ( 62.90000000000001279, -149.5699994899999865, -7.000000000000000000 ) ) ;
#1820 = ORIENTED_EDGE ( 'NONE', *, *, #1818, .T. ) ;
#1821 = ORIENTED_EDGE ( 'NONE', *, *, #4403, .T. ) ;
#1822 = DIRECTION ( 'NONE',  ( 1.000000000000000000, 0.000000000000000000, 0.000000000000000000 ) ) ;
#1823 = DIRECTION ( 'NONE',  ( -1.000000000000000000, 0.000000000000000000, 0.000000000000000000 ) ) ;
#1824 = CYLINDRICAL_SURFACE ( 'NONE', #7027, 2.000000000000000000 ) ;
#1825 = VERTEX_POINT ( 'NONE', #7357 ) ;
#1826 = CARTESIAN_POINT ( 'NONE',  ( 46.89999999999992042, -114.1249997450000109, -6.500000000000000888 ) ) ;
#1827 = AXIS2_PLACEMENT_3D ( 'NONE', #5798, #3575, #6382 ) ;
#1828 = DIRECTION ( 'NONE',  ( 0.000000000000000000, -0.000000000000000000, 1.000000000000000000 ) ) ;
#1829 = AXIS2_PLACEMENT_3D ( 'NONE', #5960, #5387, #2343 ) ;
#1830 = CARTESIAN_POINT ( 'NONE',  ( 58.90000000000000568, -126.1249997450000819, -1.000000000000000000 ) ) ;
#1831 = DIRECTION ( 'NONE',  ( -1.000000000000000000, 0.000000000000000000, -0.000000000000000000 ) ) ;
#1832 = EDGE_CURVE ( 'NONE', #7460, #6654, #2726, .T. ) ;
#1833 = B_SPLINE_CURVE_WITH_KNOTS ( 'NONE', 3,
 ( #2490, #4754, #3618, #735, #3372, #2808, #2244, #5888, #4793, #1876, #7102, #490, #1907, #1184, #5113, #3415, #7470, #1150 ),
 .UNSPECIFIED., .F., .F.,
 ( 4, 2, 2, 2, 2, 2, 2, 2, 4 ),
 ( -2.237056687046519140E-05, 0.0005946588942573353617, 0.001211688355385135861, 0.002445747277640776107, 0.003679806199896416136, 0.004913865122152056598, 0.007381982966663328850, 0.008616041888918984926, 0.009850100811174640134 ),
 .UNSPECIFIED. ) ;
#1834 = DIRECTION ( 'NONE',  ( -1.000000000000000000, 3.469446951953671381E-15, 0.000000000000000000 ) ) ;
#1835 = CIRCLE ( 'NONE', #503, 12.00000000000001066 ) ;
#1836 = DIRECTION ( 'NONE',  ( -1.000000000000000000, 0.000000000000000000, 0.000000000000000000 ) ) ;
#1837 = DIRECTION ( 'NONE',  ( 0.000000000000000000, 0.000000000000000000, 1.000000000000000000 ) ) ;
#1838 = CARTESIAN_POINT ( 'NONE',  ( 118.0000000000000142, -74.57500000000000284, -6.000000000000000000 ) ) ;
#1839 = AXIS2_PLACEMENT_3D ( 'NONE', #1721, #2362, #4069 ) ;
#1840 = EDGE_LOOP ( 'NONE', ( #25, #6754, #6944, #5391 ) ) ;
#1841 = ORIENTED_EDGE ( 'NONE', *, *, #67, .T. ) ;
#1842 = AXIS2_PLACEMENT_3D ( 'NONE', #6405, #2886, #1219 ) ;
#1843 = DIRECTION ( 'NONE',  ( 1.000000000000000000, 0.000000000000000000, -0.000000000000000000 ) ) ;
#1844 = CIRCLE ( 'NONE', #5224, 8.000000000000007105 ) ;
#1845 = CARTESIAN_POINT ( 'NONE',  ( 60.39999999999999858, -149.3699994899999979, -5.499999999999994671 ) ) ;
#1846 = ORIENTED_EDGE ( 'NONE', *, *, #2945, .T. ) ;
#1847 = AXIS2_PLACEMENT_3D ( 'NONE', #1118, #4698, #1823 ) ;
#1848 = DIRECTION ( 'NONE',  ( -0.000000000000000000, -0.000000000000000000, -1.000000000000000000 ) ) ;
#1849 = CARTESIAN_POINT ( 'NONE',  ( 100.8999998649999981, -152.9699994900000206, 4.510000010000000614 ) ) ;
#1850 = AXIS2_PLACEMENT_3D ( 'NONE', #6276, #64, #2867 ) ;
#1851 = VERTEX_POINT ( 'NONE', #3261 ) ;
#1852 = LINE ( 'NONE', #1257, #6065 ) ;
#1853 = VECTOR ( 'NONE', #353, 1000.000000000000000 ) ;
#1854 = DIRECTION ( 'NONE',  ( -1.000000000000000000, 0.000000000000000000, 0.000000000000000000 ) ) ;
#1855 = EDGE_CURVE ( 'NONE', #2520, #3409, #6747, .T. ) ;
#1856 = ORIENTED_EDGE ( 'NONE', *, *, #3808, .F. ) ;
#1857 = VERTEX_POINT ( 'NONE', #4433 ) ;
#1858 = CARTESIAN_POINT ( 'NONE',  ( 75.64999986500001228, -151.0699994899999865, 4.700000000000001954 ) ) ;
#1859 = EDGE_CURVE ( 'NONE', #2401, #6305, #2824, .T. ) ;
#1860 = CARTESIAN_POINT ( 'NONE',  ( 115.6046982730400714, -147.4201075166477892, 4.762524811649718970 ) ) ;
#1861 = CARTESIAN_POINT ( 'NONE',  ( 58.40620335442761046, -89.89628607707065555, -2.658870908988816062 ) ) ;
#1862 = CARTESIAN_POINT ( 'NONE',  ( 69.91051859242085698, -149.3699994900000547, 3.857541119461158186 ) ) ;
#1863 = CIRCLE ( 'NONE', #6461, 2.000000000000001776 ) ;
#1864 = TOROIDAL_SURFACE ( 'NONE', #1497, 7.000000000000007105, 3.000000000000000000 ) ;
#1865 = DIRECTION ( 'NONE',  ( 0.000000000000000000, 0.000000000000000000, 1.000000000000000000 ) ) ;
#1866 = ORIENTED_EDGE ( 'NONE', *, *, #6420, .F. ) ;
#1867 = DIRECTION ( 'NONE',  ( 0.000000000000000000, 0.000000000000000000, 1.000000000000000000 ) ) ;
#1868 = CARTESIAN_POINT ( 'NONE',  ( 75.64999986500001228, -151.4699994900000206, 30.00000000000000355 ) ) ;
#1869 = CIRCLE ( 'NONE', #3192, 0.2000000000000057288 ) ;
#1870 = CARTESIAN_POINT ( 'NONE',  ( 64.90000000000000568, -147.5699994899999865, 4.500000000000000888 ) ) ;
#1871 = ADVANCED_FACE ( 'NONE', ( #499 ), #4957, .F. ) ;
#1872 = CARTESIAN_POINT ( 'NONE',  ( 124.5999999999880430, -86.87225877729032675, -1.374661511479327247 ) ) ;
#1873 = DIRECTION ( 'NONE',  ( 1.000000000000000000, 0.000000000000000000, 0.000000000000000000 ) ) ;
#1874 = DIRECTION ( 'NONE',  ( 1.000000000000000000, 0.000000000000000000, 0.000000000000000000 ) ) ;
#1875 = VECTOR ( 'NONE', #5041, 1000.000000000000000 ) ;
#1876 = CARTESIAN_POINT ( 'NONE',  ( 58.41492652158071053, -89.86361878579977258, -2.645440914128418530 ) ) ;
#1877 = EDGE_CURVE ( 'NONE', #3476, #374, #3429, .T. ) ;
#1878 = ORIENTED_EDGE ( 'NONE', *, *, #1802, .T. ) ;
#1879 = ORIENTED_EDGE ( 'NONE', *, *, #5917, .F. ) ;
#1880 = DIRECTION ( 'NONE',  ( 0.000000000000000000, 0.000000000000000000, 1.000000000000000000 ) ) ;
#1881 =( LENGTH_UNIT ( ) NAMED_UNIT ( * ) SI_UNIT ( .MILLI., .METRE. ) );
#1882 = ORIENTED_EDGE ( 'NONE', *, *, #1794, .T. ) ;
#1883 = CARTESIAN_POINT ( 'NONE',  ( 120.6000000000000085, -141.5699994899999865, 13.50000000000000178 ) ) ;
#1884 = DIRECTION ( 'NONE',  ( 0.000000000000000000, 0.000000000000000000, 1.000000000000000000 ) ) ;
#1885 = DIRECTION ( 'NONE',  ( -0.000000000000000000, -0.000000000000000000, -1.000000000000000000 ) ) ;
#1886 = AXIS2_PLACEMENT_3D ( 'NONE', #660, #2977, #4 ) ;
#1887 = EDGE_LOOP ( 'NONE', ( #6081, #5637, #6903, #2601 ) ) ;
#1888 = DIRECTION ( 'NONE',  ( -1.597167440357923543E-16, 1.000000000000000000, -0.000000000000000000 ) ) ;
#1889 = CARTESIAN_POINT ( 'NONE',  ( 75.64999986499999807, -142.6699994900000092, -2.000000000000000000 ) ) ;
#1890 = ORIENTED_EDGE ( 'NONE', *, *, #5932, .F. ) ;
#1891 = VERTEX_POINT ( 'NONE', #1561 ) ;
#1892 = LINE ( 'NONE', #5373, #2941 ) ;
#1893 = CARTESIAN_POINT ( 'NONE',  ( 57.47497585877678006, -91.85325797845557361, -3.904529578273115309 ) ) ;
#1894 = ADVANCED_FACE ( 'NONE', ( #3224 ), #1480, .F. ) ;
#1895 = LINE ( 'NONE', #3035, #6548 ) ;
#1896 = ADVANCED_FACE ( 'NONE', ( #5611 ), #420, .T. ) ;
#1897 = LINE ( 'NONE', #4102, #4028 ) ;
#1898 = CARTESIAN_POINT ( 'NONE',  ( 124.5999999999999943, -125.9376890420091399, -1.084956076801792069 ) ) ;
#1899 = CYLINDRICAL_SURFACE ( 'NONE', #7299, 2.000000000000001776 ) ;
#1900 = ORIENTED_EDGE ( 'NONE', *, *, #5566, .F. ) ;
#1901 = DIRECTION ( 'NONE',  ( -1.000000000000000000, -6.938893903907342762E-15, 0.000000000000000000 ) ) ;
#1902 = CYLINDRICAL_SURFACE ( 'NONE', #5154, 2.000000000000000000 ) ;
#1903 = ADVANCED_FACE ( 'NONE', ( #3348 ), #2131, .T. ) ;
#1904 = DIRECTION ( 'NONE',  ( -0.7071067811865545671, 8.659560562355019140E-17, 0.7071067811865405783 ) ) ;
#1905 = DIRECTION ( 'NONE',  ( 1.000000000000000000, 0.000000000000000000, 0.000000000000000000 ) ) ;
#1906 = DIRECTION ( 'NONE',  ( 0.000000000000000000, 0.000000000000000000, 1.000000000000000000 ) ) ;
#1907 = CARTESIAN_POINT ( 'NONE',  ( 57.64469628365008447, -92.05549394525603191, -3.477822303019366679 ) ) ;
#1908 = VERTEX_POINT ( 'NONE', #2210 ) ;
#1909 = VERTEX_POINT ( 'NONE', #2739 ) ;
#1910 = CARTESIAN_POINT ( 'NONE',  ( 118.6000000000000085, -147.5699994899999865, 12.15000000000002700 ) ) ;
#1911 = DIRECTION ( 'NONE',  ( -0.000000000000000000, -0.000000000000000000, 1.000000000000000000 ) ) ;
#1912 = EDGE_CURVE ( 'NONE', #564, #6851, #457, .T. ) ;
#1913 = ORIENTED_EDGE ( 'NONE', *, *, #2984, .F. ) ;
#1914 = DIRECTION ( 'NONE',  ( -0.000000000000000000, -0.000000000000000000, -1.000000000000000000 ) ) ;
#1915 = CARTESIAN_POINT ( 'NONE',  ( 125.6773876797814893, -91.15184384429697673, -3.605275583722252986 ) ) ;
#1916 = LINE ( 'NONE', #239, #1853 ) ;
#1917 = AXIS2_PLACEMENT_3D ( 'NONE', #1509, #2238, #2153 ) ;
#1918 = ADVANCED_FACE ( 'NONE', ( #5563 ), #7400, .F. ) ;
#1919 = VECTOR ( 'NONE', #2645, 1000.000000000000000 ) ;
#1920 = VERTEX_POINT ( 'NONE', #3966 ) ;
#1921 = B_SPLINE_CURVE_WITH_KNOTS ( 'NONE', 3,
 ( #3930, #4565, #7363, #7050, #5876, #1048, #1860, #3392, #5695, #6191, #5162, #507, #2829, #2175, #3353, #2260 ),
 .UNSPECIFIED., .F., .F.,
 ( 4, 2, 2, 2, 2, 2, 2, 4 ),
 ( 0.000000000000000000, 0.0003967090698708693706, 0.0007934181397417387413, 0.001190127209612608112, 0.001586836279483477483, 0.001983545349354346853, 0.002380254419225216224, 0.003173672558966954965 ),
 .UNSPECIFIED. ) ;
#1922 = DIRECTION ( 'NONE',  ( 1.000000000000000000, 0.000000000000000000, 0.000000000000000000 ) ) ;
#1923 = FACE_OUTER_BOUND ( 'NONE', #4940, .T. ) ;
#1924 = ORIENTED_EDGE ( 'NONE', *, *, #6490, .F. ) ;
#1925 = AXIS2_PLACEMENT_3D ( 'NONE', #5505, #6077, #3815 ) ;
#1926 = VERTEX_POINT ( 'NONE', #6270 ) ;
#1927 = DIRECTION ( 'NONE',  ( -0.000000000000000000, -0.000000000000000000, 1.000000000000000000 ) ) ;
#1928 = DIRECTION ( 'NONE',  ( 1.000000000000000000, 0.000000000000000000, 0.000000000000000000 ) ) ;
#1929 = CARTESIAN_POINT ( 'NONE',  ( 56.84631638658091646, -93.49642165478708478, -3.856159513852908560 ) ) ;
#1930 = CARTESIAN_POINT ( 'NONE',  ( 120.5999999999999801, -70.67999999999999261, 4.500000000000000888 ) ) ;
#1931 = AXIS2_PLACEMENT_3D ( 'NONE', #623, #6423, #5351 ) ;
#1932 = DIRECTION ( 'NONE',  ( 1.000000000000000000, 0.000000000000000000, 0.000000000000000000 ) ) ;
#1933 = ORIENTED_EDGE ( 'NONE', *, *, #2429, .T. ) ;
#1934 = DIRECTION ( 'NONE',  ( 0.000000000000000000, 0.000000000000000000, 1.000000000000000000 ) ) ;
#1935 = VERTEX_POINT ( 'NONE', #5688 ) ;
#1936 = CIRCLE ( 'NONE', #3633, 0.2000000000000057288 ) ;
#1937 = CARTESIAN_POINT ( 'NONE',  ( 64.90000000000003411, -66.68000000000000682, 6.500000000000000888 ) ) ;
#1938 = DIRECTION ( 'NONE',  ( 0.000000000000000000, 0.000000000000000000, 1.000000000000000000 ) ) ;
#1939 = CIRCLE ( 'NONE', #6182, 2.000000000000001776 ) ;
#1940 = DIRECTION ( 'NONE',  ( -0.000000000000000000, 1.000000000000000000, -1.826024711554540076E-16 ) ) ;
#1941 = CARTESIAN_POINT ( 'NONE',  ( 67.78055980122606172, -147.4171877673942106, 4.701482062486700642 ) ) ;
#1942 = FACE_OUTER_BOUND ( 'NONE', #4071, .T. ) ;
#1943 = VECTOR ( 'NONE', #5555, 1000.000000000000000 ) ;
#1944 = CIRCLE ( 'NONE', #4847, 2.000000000000001776 ) ;
#1945 = ADVANCED_FACE ( 'NONE', ( #2049 ), #5992, .T. ) ;
#1946 = CARTESIAN_POINT ( 'NONE',  ( 116.4781559936930790, -149.3699994899999979, 4.487009101361446817 ) ) ;
#1947 = EDGE_CURVE ( 'NONE', #4411, #6058, #7049, .T. ) ;
#1948 = ORIENTED_EDGE ( 'NONE', *, *, #6126, .T. ) ;
#1949 = ORIENTED_EDGE ( 'NONE', *, *, #4592, .F. ) ;
#1950 = CARTESIAN_POINT ( 'NONE',  ( 64.90000000000003411, -143.5699994899999865, 4.500000000000000888 ) ) ;
#1951 = CARTESIAN_POINT ( 'NONE',  ( 46.75000000000004263, -98.62499974499999666, -4.000000000000000000 ) ) ;
#1952 = ORIENTED_EDGE ( 'NONE', *, *, #6179, .T. ) ;
#1953 = DIRECTION ( 'NONE',  ( 1.000000000000000000, 0.000000000000000000, 0.000000000000000000 ) ) ;
#1954 = AXIS2_PLACEMENT_3D ( 'NONE', #3962, #2772, #2815 ) ;
#1955 = FACE_OUTER_BOUND ( 'NONE', #5647, .T. ) ;
#1956 = DIRECTION ( 'NONE',  ( -0.000000000000000000, -0.000000000000000000, -1.000000000000000000 ) ) ;
#1957 = EDGE_CURVE ( 'NONE', #4198, #5292, #1248, .T. ) ;
#1958 = ORIENTED_EDGE ( 'NONE', *, *, #2607, .T. ) ;
#1959 = AXIS2_PLACEMENT_3D ( 'NONE', #1443, #4998, #3833 ) ;
#1960 = VERTEX_POINT ( 'NONE', #2664 ) ;
#1961 = VECTOR ( 'NONE', #4004, 1000.000000000000000 ) ;
#1962 = DIRECTION ( 'NONE',  ( 1.000000000000000000, 0.000000000000000000, 0.000000000000000000 ) ) ;
#1963 = CARTESIAN_POINT ( 'NONE',  ( 73.64999986499999807, -142.6699994900000092, -6.000000000000000000 ) ) ;
#1964 = ORIENTED_EDGE ( 'NONE', *, *, #6460, .T. ) ;
#1965 = AXIS2_PLACEMENT_3D ( 'NONE', #1514, #2159, #1550 ) ;
#1966 = VERTEX_POINT ( 'NONE', #805 ) ;
#1967 = CARTESIAN_POINT ( 'NONE',  ( 62.89999999999999858, -62.67999999999999972, -6.500000000000002665 ) ) ;
#1968 = CARTESIAN_POINT ( 'NONE',  ( 144.2500000000000568, -106.1249997449999967, -4.000000000000000000 ) ) ;
#1969 = CYLINDRICAL_SURFACE ( 'NONE', #7052, 4.000000000000003553 ) ;
#1970 = CARTESIAN_POINT ( 'NONE',  ( 115.5697481896674645, -149.3699994899999979, 2.627941032356906792 ) ) ;
#1971 = EDGE_CURVE ( 'NONE', #5860, #3897, #1983, .T. ) ;
#1972 = VECTOR ( 'NONE', #4765, 1000.000000000000000 ) ;
#1973 = DIRECTION ( 'NONE',  ( 0.000000000000000000, 1.000000000000000000, 0.000000000000000000 ) ) ;
#1974 = AXIS2_PLACEMENT_3D ( 'NONE', #2729, #595, #6822 ) ;
#1975 = CARTESIAN_POINT ( 'NONE',  ( 120.6000000000000085, -149.3699994899999979, -5.499999999999994671 ) ) ;
#1976 = ORIENTED_EDGE ( 'NONE', *, *, #545, .T. ) ;
#1977 = AXIS2_PLACEMENT_3D ( 'NONE', #2315, #1108, #7070 ) ;
#1978 = AXIS2_PLACEMENT_3D ( 'NONE', #2994, #5179, #5288 ) ;
#1979 = EDGE_CURVE ( 'NONE', #782, #4401, #6064, .T. ) ;
#1980 = CIRCLE ( 'NONE', #7186, 2.350000000000018741 ) ;
#1981 = CARTESIAN_POINT ( 'NONE',  ( 75.64999986499999807, -142.6699994900000092, 0.000000000000000000 ) ) ;
#1982 = AXIS2_PLACEMENT_3D ( 'NONE', #6854, #2907, #5137 ) ;
#1983 = LINE ( 'NONE', #225, #3172 ) ;
#1984 = VECTOR ( 'NONE', #1416, 1000.000000000000000 ) ;
#1985 = CARTESIAN_POINT ( 'NONE',  ( 68.11391941635140768, -147.4250172817086479, 4.907653841379800319 ) ) ;
#1986 = DIRECTION ( 'NONE',  ( 0.000000000000000000, -0.000000000000000000, -1.000000000000000000 ) ) ;
#1987 = DIRECTION ( 'NONE',  ( -1.000000000000000000, 0.000000000000000000, 0.000000000000000000 ) ) ;
#1988 = CIRCLE ( 'NONE', #6235, 4.000000000000003553 ) ;
#1989 = ADVANCED_FACE ( 'NONE', ( #4255 ), #6529, .F. ) ;
#1990 = VERTEX_POINT ( 'NONE', #7175 ) ;
#1991 = ORIENTED_EDGE ( 'NONE', *, *, #2598, .T. ) ;
#1992 = CARTESIAN_POINT ( 'NONE',  ( 56.16556066181598084, -117.7717638622101362, -4.000000000000000888 ) ) ;
#1993 = EDGE_CURVE ( 'NONE', #699, #6036, #3762, .T. ) ;
#1994 = DIRECTION ( 'NONE',  ( -0.000000000000000000, 1.000000000000000000, -0.000000000000000000 ) ) ;
#1995 = ORIENTED_EDGE ( 'NONE', *, *, #7264, .F. ) ;
#1996 = AXIS2_PLACEMENT_3D ( 'NONE', #1681, #6401, #1215 ) ;
#1997 = DIRECTION ( 'NONE',  ( 0.000000000000000000, 0.000000000000000000, -1.000000000000000000 ) ) ;
#1998 = LINE ( 'NONE', #309, #6701 ) ;
#1999 = DIRECTION ( 'NONE',  ( 1.000000000000000000, -0.000000000000000000, -0.000000000000000000 ) ) ;
#2000 = VERTEX_POINT ( 'NONE', #877 ) ;
#2001 = ORIENTED_EDGE ( 'NONE', *, *, #4306, .F. ) ;
#2002 = DIRECTION ( 'NONE',  ( -1.597167440357923543E-16, 1.000000000000000000, -1.226860353075706564E-16 ) ) ;
#2003 = PLANE ( 'NONE',  #4743 ) ;
#2004 = ORIENTED_EDGE ( 'NONE', *, *, #6898, .F. ) ;
#2005 = VERTEX_POINT ( 'NONE', #3081 ) ;
#2006 = CARTESIAN_POINT ( 'NONE',  ( 55.83142995686995391, -94.15032911776152957, -4.500000000000000888 ) ) ;
#2007 = DIRECTION ( 'NONE',  ( -0.000000000000000000, -0.000000000000000000, -1.000000000000000000 ) ) ;
#2008 = CARTESIAN_POINT ( 'NONE',  ( 58.84094192129247602, -87.64240723502092578, -1.688331266638212202 ) ) ;
#2009 = CYLINDRICAL_SURFACE ( 'NONE', #5324, 2.000000000000001776 ) ;
#2010 = ADVANCED_FACE ( 'NONE', ( #3654 ), #5959, .T. ) ;
#2011 = CARTESIAN_POINT ( 'NONE',  ( 122.5999999999999801, -76.90738075793818496, -5.000000000000000888 ) ) ;
#2012 = DIRECTION ( 'NONE',  ( 1.000000000000000000, 0.000000000000000000, 0.000000000000000000 ) ) ;
#2013 = ORIENTED_EDGE ( 'NONE', *, *, #5566, .T. ) ;
#2014 = EDGE_CURVE ( 'NONE', #388, #1392, #5385, .T. ) ;
#2015 = DIRECTION ( 'NONE',  ( 0.000000000000000000, -1.000000000000000000, 0.000000000000000000 ) ) ;
#2016 = ADVANCED_FACE ( 'NONE', ( #2515, #334 ), #4362, .T. ) ;
#2017 = DIRECTION ( 'NONE',  ( -0.000000000000000000, -0.000000000000000000, -1.000000000000000000 ) ) ;
#2018 = CARTESIAN_POINT ( 'NONE',  ( 68.85567727796031079, -149.3699994900000263, 5.834971167709876561 ) ) ;
#2019 = LINE ( 'NONE', #5496, #2481 ) ;
#2020 = CARTESIAN_POINT ( 'NONE',  ( 115.2475524415941095, -149.3699994900036643, 4.949038827113759531 ) ) ;
#2021 = VERTEX_POINT ( 'NONE', #3153 ) ;
#2022 = ORIENTED_EDGE ( 'NONE', *, *, #1031, .F. ) ;
#2023 = FACE_OUTER_BOUND ( 'NONE', #3921, .T. ) ;
#2024 = DIRECTION ( 'NONE',  ( 1.000000000000000000, 0.000000000000000000, 0.000000000000000000 ) ) ;
#2025 = EDGE_LOOP ( 'NONE', ( #4585, #5078, #2492, #3094 ) ) ;
#2026 = EDGE_CURVE ( 'NONE', #1481, #3810, #7136, .T. ) ;
#2027 = CARTESIAN_POINT ( 'NONE',  ( 120.5999999999999943, -153.0699994899999865, -7.000000000000000000 ) ) ;
#2028 = DIRECTION ( 'NONE',  ( 0.000000000000000000, 0.000000000000000000, 1.000000000000000000 ) ) ;
#2029 = CARTESIAN_POINT ( 'NONE',  ( 140.0000000000000284, -106.1249997449999967, -7.000000000000000000 ) ) ;
#2030 = EDGE_CURVE ( 'NONE', #6109, #963, #3696, .T. ) ;
#2031 = ORIENTED_EDGE ( 'NONE', *, *, #2945, .F. ) ;
#2032 = ORIENTED_EDGE ( 'NONE', *, *, #5163, .T. ) ;
#2033 = CARTESIAN_POINT ( 'NONE',  ( 75.64999986500001228, -152.7699994900000036, 2.000000000000001776 ) ) ;
#2034 = DIRECTION ( 'NONE',  ( -0.000000000000000000, -0.000000000000000000, 1.000000000000000000 ) ) ;
#2035 = ORIENTED_EDGE ( 'NONE', *, *, #1430, .F. ) ;
#2036 = EDGE_LOOP ( 'NONE', ( #2668, #3785, #7284, #400 ) ) ;
#2037 = DIRECTION ( 'NONE',  ( 1.000000000000000000, 0.000000000000000000, 0.000000000000000000 ) ) ;
#2038 = AXIS2_PLACEMENT_3D ( 'NONE', #2998, #7118, #3138 ) ;
#2039 = FACE_OUTER_BOUND ( 'NONE', #3357, .T. ) ;
#2040 = DIRECTION ( 'NONE',  ( -1.000000000000000000, 0.000000000000000000, 0.000000000000000000 ) ) ;
#2041 = CARTESIAN_POINT ( 'NONE',  ( 113.5923511129119134, -149.3699994900000263, 3.854293403930558082 ) ) ;
#2042 = ADVANCED_FACE ( 'NONE', ( #3727 ), #6023, .T. ) ;
#2043 = EDGE_CURVE ( 'NONE', #3095, #738, #4324, .T. ) ;
#2044 = AXIS2_PLACEMENT_3D ( 'NONE', #5754, #5782, #5249 ) ;
#2045 = AXIS2_PLACEMENT_3D ( 'NONE', #3775, #4414, #5631 ) ;
#2046 = FACE_OUTER_BOUND ( 'NONE', #4037, .T. ) ;
#2047 = LINE ( 'NONE', #1606, #267 ) ;
#2048 = ORIENTED_EDGE ( 'NONE', *, *, #3574, .T. ) ;
#2049 = FACE_OUTER_BOUND ( 'NONE', #5370, .T. ) ;
#2050 = VECTOR ( 'NONE', #476, 1000.000000000000000 ) ;
#2051 = DIRECTION ( 'NONE',  ( 0.000000000000000000, 0.000000000000000000, 1.000000000000000000 ) ) ;
#2052 = CARTESIAN_POINT ( 'NONE',  ( 68.89777716015065323, -147.4366661566666323, 6.500000000000000888 ) ) ;
#2053 = EDGE_CURVE ( 'NONE', #2723, #3947, #299, .T. ) ;
#2054 = CARTESIAN_POINT ( 'NONE',  ( 122.6000000000000085, -147.3699994899999979, -5.000000000000000888 ) ) ;
#2055 = CARTESIAN_POINT ( 'NONE',  ( 136.7500000000000284, -106.1249997449999967, -7.000000000000000000 ) ) ;
#2056 = LINE ( 'NONE', #269, #282 ) ;
#2057 = VERTEX_POINT ( 'NONE', #2052 ) ;
#2058 = VERTEX_POINT ( 'NONE', #6672 ) ;
#2059 = CIRCLE ( 'NONE', #6917, 0.5000000000000004441 ) ;
#2060 = DIRECTION ( 'NONE',  ( 1.000000000000000000, 0.000000000000000000, 0.000000000000000000 ) ) ;
#2061 = AXIS2_PLACEMENT_3D ( 'NONE', #3684, #4242, #5985 ) ;
#2062 = ORIENTED_EDGE ( 'NONE', *, *, #5692, .T. ) ;
#2063 = DIRECTION ( 'NONE',  ( 1.000000000000000000, 0.000000000000000000, 0.000000000000000000 ) ) ;
#2064 = AXIS2_PLACEMENT_3D ( 'NONE', #2, #5234, #5301 ) ;
#2065 = DIRECTION ( 'NONE',  ( 0.000000000000000000, 0.000000000000000000, 1.000000000000000000 ) ) ;
#2066 = FACE_OUTER_BOUND ( 'NONE', #4853, .T. ) ;
#2067 = EDGE_CURVE ( 'NONE', #5023, #5318, #1490, .T. ) ;
#2068 = VERTEX_POINT ( 'NONE', #1692 ) ;
#2069 = ORIENTED_EDGE ( 'NONE', *, *, #3034, .F. ) ;
#2070 = AXIS2_PLACEMENT_3D ( 'NONE', #2834, #2299, #4446 ) ;
#2071 = DIRECTION ( 'NONE',  ( 0.000000000000000000, 0.000000000000000000, 1.000000000000000000 ) ) ;
#2072 = VECTOR ( 'NONE', #2283, 1000.000000000000000 ) ;
#2073 = CARTESIAN_POINT ( 'NONE',  ( 75.64999986499999807, -142.6699994900000092, -6.000000000000000000 ) ) ;
#2074 = ORIENTED_EDGE ( 'NONE', *, *, #2551, .F. ) ;
#2075 = DIRECTION ( 'NONE',  ( 0.000000000000000000, 1.000000000000000000, 0.000000000000000000 ) ) ;
#2076 = ORIENTED_EDGE ( 'NONE', *, *, #7226, .F. ) ;
#2077 = DIRECTION ( 'NONE',  ( -0.000000000000000000, -0.000000000000000000, -1.000000000000000000 ) ) ;
#2078 = CYLINDRICAL_SURFACE ( 'NONE', #3912, 2.000000000000001776 ) ;
#2079 = DIRECTION ( 'NONE',  ( 0.000000000000000000, 0.000000000000000000, 1.000000000000000000 ) ) ;
#2080 = DIRECTION ( 'NONE',  ( -1.000000000000000000, 0.000000000000000000, 0.000000000000000000 ) ) ;
#2081 = ADVANCED_FACE ( 'NONE', ( #7326 ), #5738, .T. ) ;
#2082 = CARTESIAN_POINT ( 'NONE',  ( 127.4013961514526585, -118.4080688540880999, -4.461759093602300830 ) ) ;
#2083 = AXIS2_PLACEMENT_3D ( 'NONE', #6556, #4202, #3180 ) ;
#2084 = CARTESIAN_POINT ( 'NONE',  ( 114.0000000000000000, -74.57500000000000284, -6.000000000000000000 ) ) ;
#2085 = CARTESIAN_POINT ( 'NONE',  ( 108.1499998649999839, -152.7699994900000036, 13.50000000000000178 ) ) ;
#2086 = ADVANCED_FACE ( 'NONE', ( #1125 ), #6717, .T. ) ;
#2087 = ORIENTED_EDGE ( 'NONE', *, *, #850, .F. ) ;
#2088 = CIRCLE ( 'NONE', #5348, 2.000000000000001776 ) ;
#2089 = LINE ( 'NONE', #4398, #1875 ) ;
#2090 = CIRCLE ( 'NONE', #3183, 3.999999999999976019 ) ;
#2091 = DIRECTION ( 'NONE',  ( 1.000000000000000000, 0.000000000000000000, 0.000000000000000000 ) ) ;
#2092 = EDGE_LOOP ( 'NONE', ( #2430, #3147, #5190, #2031 ) ) ;
#2093 = VECTOR ( 'NONE', #2936, 1000.000000000000000 ) ;
#2094 = AXIS2_PLACEMENT_3D ( 'NONE', #6250, #1584, #3168 ) ;
#2095 = DIRECTION ( 'NONE',  ( 1.000000000000000000, 0.000000000000000000, 0.000000000000000000 ) ) ;
#2096 = CARTESIAN_POINT ( 'NONE',  ( 66.88997487421325161, -149.3699994899999979, 2.499999999999998224 ) ) ;
#2097 = EDGE_CURVE ( 'NONE', #1062, #4230, #1844, .T. ) ;
#2098 = DIRECTION ( 'NONE',  ( 0.000000000000000000, 1.000000000000000000, 0.000000000000000000 ) ) ;
#2099 = CARTESIAN_POINT ( 'NONE',  ( 114.1682502670792019, -149.3699994899999979, 3.316872163046960420 ) ) ;
#2100 = AXIS2_PLACEMENT_3D ( 'NONE', #3961, #4393, #5558 ) ;
#2101 = ORIENTED_EDGE ( 'NONE', *, *, #4309, .T. ) ;
#2102 = VERTEX_POINT ( 'NONE', #2258 ) ;
#2103 = EDGE_CURVE ( 'NONE', #3987, #1657, #6068, .T. ) ;
#2104 = CONICAL_SURFACE ( 'NONE', #1982, 2.349999999999976996, 0.7853981633974581600 ) ;
#2105 = DIRECTION ( 'NONE',  ( -0.000000000000000000, 0.000000000000000000, -1.000000000000000000 ) ) ;
#2106 = SURFACE_SIDE_STYLE ('',( #6807 ) ) ;
#2107 = ORIENTED_EDGE ( 'NONE', *, *, #3099, .T. ) ;
#2108 = ORIENTED_EDGE ( 'NONE', *, *, #5653, .T. ) ;
#2109 = EDGE_CURVE ( 'NONE', #768, #4632, #5160, .T. ) ;
#2110 = CARTESIAN_POINT ( 'NONE',  ( 61.89999999999999858, -82.30499999999999261, 5.060000000000000497 ) ) ;
#2111 = DIRECTION ( 'NONE',  ( 1.000000000000000000, 1.597167440357923543E-16, -0.000000000000000000 ) ) ;
#2112 = ADVANCED_FACE ( 'NONE', ( #1615 ), #2217, .T. ) ;
#2113 = DIRECTION ( 'NONE',  ( 0.000000000000000000, 0.000000000000000000, -1.000000000000000000 ) ) ;
#2114 = EDGE_LOOP ( 'NONE', ( #5795, #7256, #1179 ) ) ;
#2115 = VERTEX_POINT ( 'NONE', #7405 ) ;
#2116 = CARTESIAN_POINT ( 'NONE',  ( 75.64999986500001228, 0.000000000000000000, 4.700000000000001954 ) ) ;
#2117 = PLANE ( 'NONE',  #6896 ) ;
#2118 = VERTEX_POINT ( 'NONE', #549 ) ;
#2119 = PLANE ( 'NONE',  #3789 ) ;
#2120 = PRODUCT_DEFINITION_SHAPE ( 'NONE', 'NONE',  #6341 ) ;
#2121 = ORIENTED_EDGE ( 'NONE', *, *, #6220, .T. ) ;
#2122 = CARTESIAN_POINT ( 'NONE',  ( 122.5999999999999801, -62.67999999999999972, 2.500000000000000444 ) ) ;
#2123 = CARTESIAN_POINT ( 'NONE',  ( 122.6000000000000085, -147.3699994899999979, 13.50000000000000178 ) ) ;
#2124 = CARTESIAN_POINT ( 'NONE',  ( 58.89999999999999147, -82.30499999999999261, 1.859999999999999654 ) ) ;
#2125 = CARTESIAN_POINT ( 'NONE',  ( 108.1499998649999839, -152.5699994899999865, 30.00000000000000355 ) ) ;
#2126 = CARTESIAN_POINT ( 'NONE',  ( 125.6827193185445708, -121.0864768830572586, -3.610424420702356585 ) ) ;
#2127 = DIRECTION ( 'NONE',  ( -0.000000000000000000, 0.000000000000000000, -1.000000000000000000 ) ) ;
#2128 = DIRECTION ( 'NONE',  ( 1.000000000000000000, 0.000000000000000000, 0.000000000000000000 ) ) ;
#2129 = ORIENTED_EDGE ( 'NONE', *, *, #7063, .T. ) ;
#2130 = EDGE_CURVE ( 'NONE', #4939, #5498, #1566, .T. ) ;
#2131 = CYLINDRICAL_SURFACE ( 'NONE', #257, 0.2000000000000057288 ) ;
#2132 = DIRECTION ( 'NONE',  ( 1.597167440357923543E-16, -1.000000000000000000, 0.000000000000000000 ) ) ;
#2133 = VERTEX_POINT ( 'NONE', #3388 ) ;
#2134 = EDGE_CURVE ( 'NONE', #5089, #4354, #1000, .T. ) ;
#2135 = CARTESIAN_POINT ( 'NONE',  ( 67.34999999999999432, -74.57500000000000284, 0.000000000000000000 ) ) ;
#2136 = DIRECTION ( 'NONE',  ( 1.000000000000000000, 1.597167440357923543E-16, -0.000000000000000000 ) ) ;
#2137 = CARTESIAN_POINT ( 'NONE',  ( 46.89999999999991331, -98.12499974499999666, -6.500000000000000888 ) ) ;
#2138 = DIRECTION ( 'NONE',  ( -1.000000000000000000, -0.000000000000000000, 0.000000000000000000 ) ) ;
#2139 = ORIENTED_EDGE ( 'NONE', *, *, #6565, .F. ) ;
#2140 = VERTEX_POINT ( 'NONE', #7361 ) ;
#2141 = EDGE_CURVE ( 'NONE', #780, #2057, #4628, .T. ) ;
#2142 = DIRECTION ( 'NONE',  ( 1.000000000000000000, 0.000000000000000000, 0.000000000000000000 ) ) ;
#2143 = CYLINDRICAL_SURFACE ( 'NONE', #2070, 2.000000000000001776 ) ;
#2144 = EDGE_LOOP ( 'NONE', ( #7341, #7488 ) ) ;
#2145 = ORIENTED_EDGE ( 'NONE', *, *, #4436, .T. ) ;
#2146 = DIRECTION ( 'NONE',  ( -1.000000000000000000, -0.000000000000000000, 0.000000000000000000 ) ) ;
#2147 = LINE ( 'NONE', #4374, #154 ) ;
#2148 = DIRECTION ( 'NONE',  ( -1.000000000000000000, 0.000000000000000000, 0.000000000000000000 ) ) ;
#2149 = ORIENTED_EDGE ( 'NONE', *, *, #7244, .T. ) ;
#2150 = ORIENTED_EDGE ( 'NONE', *, *, #3426, .T. ) ;
#2151 = ADVANCED_FACE ( 'NONE', ( #1046 ), #4526, .T. ) ;
#2152 = DIRECTION ( 'NONE',  ( -1.000000000000000000, 0.000000000000000000, 0.000000000000000000 ) ) ;
#2153 = DIRECTION ( 'NONE',  ( 1.000000000000000000, 0.000000000000000000, 0.000000000000000000 ) ) ;
#2154 = VERTEX_POINT ( 'NONE', #6273 ) ;
#2155 = CARTESIAN_POINT ( 'NONE',  ( 58.35028200811285615, -122.5152124529725910, -2.930035196536544984 ) ) ;
#2156 = ORIENTED_EDGE ( 'NONE', *, *, #3794, .F. ) ;
#2157 = CARTESIAN_POINT ( 'NONE',  ( 62.90000000000001279, -153.5699994899999865, 13.50000000000000178 ) ) ;
#2158 = EDGE_CURVE ( 'NONE', #4262, #4615, #4991, .T. ) ;
#2159 = DIRECTION ( 'NONE',  ( 0.000000000000000000, 0.000000000000000000, -1.000000000000000000 ) ) ;
#2160 = CARTESIAN_POINT ( 'NONE',  ( 46.75000000000004263, -98.12499974499999666, -4.000000000000000000 ) ) ;
#2161 = CARTESIAN_POINT ( 'NONE',  ( 120.5999999999999801, -70.67999999999999261, 6.500000000000000888 ) ) ;
#2162 = ORIENTED_EDGE ( 'NONE', *, *, #1877, .F. ) ;
#2163 = LINE ( 'NONE', #6265, #3445 ) ;
#2164 = CARTESIAN_POINT ( 'NONE',  ( 50.00000000000004263, -106.1249997449999967, -4.000000000000000000 ) ) ;
#2165 = CYLINDRICAL_SURFACE ( 'NONE', #2959, 4.000000000000003553 ) ;
#2166 = ORIENTED_EDGE ( 'NONE', *, *, #1772, .T. ) ;
#2167 = AXIS2_PLACEMENT_3D ( 'NONE', #3587, #5680, #4218 ) ;
#2168 = CARTESIAN_POINT ( 'NONE',  ( 64.90000000000000568, -64.68000000000000682, 6.500000000000000888 ) ) ;
#2169 = DIRECTION ( 'NONE',  ( -0.000000000000000000, -0.000000000000000000, -1.000000000000000000 ) ) ;
#2170 = VECTOR ( 'NONE', #5636, 1000.000000000000000 ) ;
#2171 = CIRCLE ( 'NONE', #6410, 2.000000000000001776 ) ;
#2172 = ORIENTED_EDGE ( 'NONE', *, *, #3302, .F. ) ;
#2173 = CARTESIAN_POINT ( 'NONE',  ( 67.89343209147777713, -147.4200627018154250, 4.761398512439313890 ) ) ;
#2174 = DIRECTION ( 'NONE',  ( 1.000000000000000000, 0.000000000000000000, 0.000000000000000000 ) ) ;
#2175 = CARTESIAN_POINT ( 'NONE',  ( 114.6550066255832121, -147.4361120446744735, 5.973901124262676277 ) ) ;
#2176 = CARTESIAN_POINT ( 'NONE',  ( 108.1499998649999839, 0.000000000000000000, 4.700000000000001954 ) ) ;
#2177 = ORIENTED_EDGE ( 'NONE', *, *, #6051, .F. ) ;
#2178 = ORIENTED_EDGE ( 'NONE', *, *, #5151, .F. ) ;
#2179 = VECTOR ( 'NONE', #5019, 1000.000000000000000 ) ;
#2180 = FACE_OUTER_BOUND ( 'NONE', #5997, .T. ) ;
#2181 = CARTESIAN_POINT ( 'NONE',  ( 110.1499998649999981, -142.6699994900000092, -0.3500000000000152434 ) ) ;
#2182 = ORIENTED_EDGE ( 'NONE', *, *, #2130, .T. ) ;
#2183 = ORIENTED_EDGE ( 'NONE', *, *, #2457, .F. ) ;
#2184 = CARTESIAN_POINT ( 'NONE',  ( 126.0188412620985332, -120.4078880167349723, -3.900225677824061599 ) ) ;
#2185 = EDGE_CURVE ( 'NONE', #4321, #6885, #7448, .T. ) ;
#2186 = LINE ( 'NONE', #7459, #5003 ) ;
#2187 = LINE ( 'NONE', #397, #5233 ) ;
#2188 = ORIENTED_EDGE ( 'NONE', *, *, #671, .F. ) ;
#2189 = VERTEX_POINT ( 'NONE', #5270 ) ;
#2190 = CARTESIAN_POINT ( 'NONE',  ( 64.90000000000000568, -64.68000000000000682, 6.500000000000001776 ) ) ;
#2191 = FACE_OUTER_BOUND ( 'NONE', #4890, .T. ) ;
#2192 = VERTEX_POINT ( 'NONE', #4744 ) ;
#2193 = DIRECTION ( 'NONE',  ( -1.000000000000000000, 0.000000000000000000, 0.000000000000000000 ) ) ;
#2194 = VECTOR ( 'NONE', #781, 1000.000000000000000 ) ;
#2195 = ORIENTED_EDGE ( 'NONE', *, *, #4508, .T. ) ;
#2196 = CARTESIAN_POINT ( 'NONE',  ( 71.34999999999999432, -74.57500000000000284, -2.000000000000000000 ) ) ;
#2197 = DIRECTION ( 'NONE',  ( -1.000000000000000000, 0.000000000000000000, 0.000000000000000000 ) ) ;
#2198 = EDGE_CURVE ( 'NONE', #5394, #6654, #1745, .T. ) ;
#2199 = FACE_BOUND ( 'NONE', #6952, .T. ) ;
#2200 = AXIS2_PLACEMENT_3D ( 'NONE', #7489, #4491, #7415 ) ;
#2201 = CARTESIAN_POINT ( 'NONE',  ( 116.6000000000000085, -147.5699994899999865, 6.500000000000001776 ) ) ;
#2202 = ORIENTED_EDGE ( 'NONE', *, *, #224, .T. ) ;
#2203 = CIRCLE ( 'NONE', #5117, 7.500000000000007105 ) ;
#2204 = VECTOR ( 'NONE', #1795, 1000.000000000000000 ) ;
#2205 = CARTESIAN_POINT ( 'NONE',  ( 118.6000000000000512, -68.67999999999999261, 4.500000000000000888 ) ) ;
#2206 = DIRECTION ( 'NONE',  ( 1.000000000000000000, 0.000000000000000000, 0.000000000000000000 ) ) ;
#2207 = VERTEX_POINT ( 'NONE', #6386 ) ;
#2208 = ORIENTED_EDGE ( 'NONE', *, *, #1499, .F. ) ;
#2209 = VECTOR ( 'NONE', #4849, 1000.000000000000000 ) ;
#2210 = CARTESIAN_POINT ( 'NONE',  ( 55.54000000000000625, -117.7973109900092368, -4.500000000000000888 ) ) ;
#2211 = EDGE_CURVE ( 'NONE', #1398, #4155, #7057, .T. ) ;
#2212 = AXIS2_PLACEMENT_3D ( 'NONE', #3933, #2830, #2708 ) ;
#2213 = CARTESIAN_POINT ( 'NONE',  ( 62.90000000000001279, -153.0699994899999865, -6.500000000000002665 ) ) ;
#2214 = ORIENTED_EDGE ( 'NONE', *, *, #5013, .F. ) ;
#2215 = VECTOR ( 'NONE', #4925, 1000.000000000000114 ) ;
#2216 = AXIS2_PLACEMENT_3D ( 'NONE', #576, #6380, #1192 ) ;
#2217 = CYLINDRICAL_SURFACE ( 'NONE', #3657, 4.000000000000003553 ) ;
#2218 = ADVANCED_FACE ( 'NONE', ( #6915 ), #4044, .T. ) ;
#2219 = TOROIDAL_SURFACE ( 'NONE', #5727, 12.50000000000000355, 0.5000000000000000000 ) ;
#2220 = DIRECTION ( 'NONE',  ( 0.000000000000000000, 0.000000000000000000, 1.000000000000000000 ) ) ;
#2221 = DIRECTION ( 'NONE',  ( 1.597167440357923543E-16, -1.000000000000000000, 0.000000000000000000 ) ) ;
#2222 = CARTESIAN_POINT ( 'NONE',  ( 62.90000000000001279, -147.3699994899999979, -5.000000000000000888 ) ) ;
#2223 = ORIENTED_EDGE ( 'NONE', *, *, #5843, .T. ) ;
#2224 = ORIENTED_EDGE ( 'NONE', *, *, #2483, .T. ) ;
#2225 = DIRECTION ( 'NONE',  ( -1.000000000000000000, 0.000000000000000000, 0.000000000000000000 ) ) ;
#2226 = EDGE_LOOP ( 'NONE', ( #3259, #4532 ) ) ;
#2227 = ORIENTED_EDGE ( 'NONE', *, *, #2896, .T. ) ;
#2228 = FACE_OUTER_BOUND ( 'NONE', #3176, .T. ) ;
#2229 = CARTESIAN_POINT ( 'NONE',  ( 75.64999986500001228, -152.5699994899999865, 13.50000000000000178 ) ) ;
#2230 = ADVANCED_FACE ( 'NONE', ( #1166 ), #6684, .T. ) ;
#2231 = CARTESIAN_POINT ( 'NONE',  ( 59.39999999999999858, -86.12499974499989719, -6.500000000000002665 ) ) ;
#2232 = AXIS2_PLACEMENT_3D ( 'NONE', #5368, #711, #5977 ) ;
#2233 = CIRCLE ( 'NONE', #6089, 2.000000000000001776 ) ;
#2234 = ORIENTED_EDGE ( 'NONE', *, *, #7325, .T. ) ;
#2235 = ORIENTED_EDGE ( 'NONE', *, *, #303, .T. ) ;
#2236 = EDGE_CURVE ( 'NONE', #5090, #6473, #3473, .T. ) ;
#2237 = DIRECTION ( 'NONE',  ( 1.000000000000000000, 0.000000000000000000, 0.000000000000000000 ) ) ;
#2238 = DIRECTION ( 'NONE',  ( 0.000000000000000000, 0.000000000000000000, 1.000000000000000000 ) ) ;
#2239 = ORIENTED_EDGE ( 'NONE', *, *, #4323, .F. ) ;
#2240 = CYLINDRICAL_SURFACE ( 'NONE', #7515, 3.250000000000002665 ) ;
#2241 = CARTESIAN_POINT ( 'NONE',  ( 110.4999998650000208, -142.6699994900000092, 0.000000000000000000 ) ) ;
#2242 = CONICAL_SURFACE ( 'NONE', #2965, 2.000000000000001776, 0.7853981633974508325 ) ;
#2243 = FACE_OUTER_BOUND ( 'NONE', #4973, .T. ) ;
#2244 = CARTESIAN_POINT ( 'NONE',  ( 58.78372242219513311, -88.00031286712182066, -1.845198127020839518 ) ) ;
#2245 = CIRCLE ( 'NONE', #3571, 2.349999999999976996 ) ;
#2246 = LINE ( 'NONE', #450, #5206 ) ;
#2247 = ORIENTED_EDGE ( 'NONE', *, *, #5159, .T. ) ;
#2248 = CARTESIAN_POINT ( 'NONE',  ( 127.5999999999997385, -117.4503239585515786, -4.000000000000000000 ) ) ;
#2249 = EDGE_CURVE ( 'NONE', #5480, #1057, #38, .T. ) ;
#2250 = LINE ( 'NONE', #372, #5831 ) ;
#2251 = ORIENTED_EDGE ( 'NONE', *, *, #1577, .F. ) ;
#2252 = EDGE_LOOP ( 'NONE', ( #5894, #5412, #2962, #5537 ) ) ;
#2253 = VECTOR ( 'NONE', #6660, 1000.000000000000000 ) ;
#2254 = DIRECTION ( 'NONE',  ( 0.000000000000000000, 0.000000000000000000, -1.000000000000000000 ) ) ;
#2255 = DIRECTION ( 'NONE',  ( 0.000000000000000000, -1.000000000000000000, -0.000000000000000000 ) ) ;
#2256 = ORIENTED_EDGE ( 'NONE', *, *, #4837, .F. ) ;
#2257 = EDGE_CURVE ( 'NONE', #1851, #5705, #6217, .T. ) ;
#2258 = CARTESIAN_POINT ( 'NONE',  ( 68.47211421989835856, -149.3699994899999979, 12.50000000000000000 ) ) ;
#2259 = CARTESIAN_POINT ( 'NONE',  ( 124.7162796391569373, -88.00032856743129628, -1.845205092672407288 ) ) ;
#2260 = CARTESIAN_POINT ( 'NONE',  ( 114.6022228398493752, -147.4366661566666323, 6.500000000000000888 ) ) ;
#2261 = AXIS2_PLACEMENT_3D ( 'NONE', #6958, #41, #617 ) ;
#2262 = EDGE_CURVE ( 'NONE', #1164, #2192, #3553, .T. ) ;
#2263 = DIRECTION ( 'NONE',  ( 0.000000000000000000, 0.000000000000000000, 1.000000000000000000 ) ) ;
#2264 = EDGE_LOOP ( 'NONE', ( #4206, #6178, #1672, #5473 ) ) ;
#2265 = VERTEX_POINT ( 'NONE', #1830 ) ;
#2266 = CARTESIAN_POINT ( 'NONE',  ( 127.4400582466002021, -93.88779648270012501, -4.025161790088997549 ) ) ;
#2267 = ORIENTED_EDGE ( 'NONE', *, *, #6151, .F. ) ;
#2268 = ORIENTED_EDGE ( 'NONE', *, *, #4184, .F. ) ;
#2269 = FACE_OUTER_BOUND ( 'NONE', #6692, .T. ) ;
#2270 = DIRECTION ( 'NONE',  ( 1.000000000000000000, 0.000000000000000000, 0.000000000000000000 ) ) ;
#2271 = ORIENTED_EDGE ( 'NONE', *, *, #4886, .F. ) ;
#2272 = VERTEX_POINT ( 'NONE', #4176 ) ;
#2273 = DIRECTION ( 'NONE',  ( 1.000000000000000000, 0.000000000000000000, 0.000000000000000000 ) ) ;
#2274 = DIRECTION ( 'NONE',  ( 0.000000000000000000, 0.000000000000000000, -1.000000000000000000 ) ) ;
#2275 = ORIENTED_EDGE ( 'NONE', *, *, #1227, .F. ) ;
#2276 = CARTESIAN_POINT ( 'NONE',  ( 67.34999999999999432, -74.57500000000000284, -2.000000000000000000 ) ) ;
#2277 = CARTESIAN_POINT ( 'NONE',  ( 61.89999999999999858, -82.30500000000000682, 7.060000000000000497 ) ) ;
#2278 = SURFACE_SIDE_STYLE ('',( #6900 ) ) ;
#2279 = LINE ( 'NONE', #5721, #1203 ) ;
#2280 = DIRECTION ( 'NONE',  ( -0.000000000000000000, -0.000000000000000000, -1.000000000000000000 ) ) ;
#2281 = ORIENTED_EDGE ( 'NONE', *, *, #4730, .T. ) ;
#2282 = FACE_OUTER_BOUND ( 'NONE', #6281, .T. ) ;
#2283 = DIRECTION ( 'NONE',  ( 1.000000000000000000, -0.000000000000000000, 0.000000000000000000 ) ) ;
#2284 = ORIENTED_EDGE ( 'NONE', *, *, #999, .F. ) ;
#2285 = EDGE_LOOP ( 'NONE', ( #1140, #6538, #6600, #2673 ) ) ;
#2286 = EDGE_CURVE ( 'NONE', #5903, #564, #5732, .T. ) ;
#2287 = CARTESIAN_POINT ( 'NONE',  ( 114.0000000000000000, -74.57500000000000284, -6.000000000000000000 ) ) ;
#2288 = ADVANCED_FACE ( 'NONE', ( #4639 ), #1196, .T. ) ;
#2289 = FACE_OUTER_BOUND ( 'NONE', #2604, .T. ) ;
#2290 = ORIENTED_EDGE ( 'NONE', *, *, #3967, .T. ) ;
#2291 = CARTESIAN_POINT ( 'NONE',  ( 58.55262293580234001, -123.2343421943708961, -2.564159209414589746 ) ) ;
#2292 = CARTESIAN_POINT ( 'NONE',  ( 124.9065434762354272, -89.11874471665358044, -2.333275310458316820 ) ) ;
#2293 = CIRCLE ( 'NONE', #5793, 3.500000000000016875 ) ;
#2294 = AXIS2_PLACEMENT_3D ( 'NONE', #4988, #3250, #3294 ) ;
#2295 = DIRECTION ( 'NONE',  ( -1.597167440357923543E-16, 1.000000000000000000, 0.000000000000000000 ) ) ;
#2296 = EDGE_CURVE ( 'NONE', #6468, #5394, #1764, .T. ) ;
#2297 = ORIENTED_EDGE ( 'NONE', *, *, #6547, .T. ) ;
#2298 = CIRCLE ( 'NONE', #4338, 0.1999999999999996503 ) ;
#2299 = DIRECTION ( 'NONE',  ( -1.000000000000000000, -8.068950408636815886E-17, -0.000000000000000000 ) ) ;
#2300 = EDGE_LOOP ( 'NONE', ( #6931, #4187, #7359, #3368 ) ) ;
#2301 = CARTESIAN_POINT ( 'NONE',  ( 108.1499998649999839, -151.4699994900000206, 2.000000000000001776 ) ) ;
#2302 = CARTESIAN_POINT ( 'NONE',  ( 120.5999999999999801, -62.67999999999999972, 2.500000000000000444 ) ) ;
#2303 = AXIS2_PLACEMENT_3D ( 'NONE', #3164, #3773, #1502 ) ;
#2304 = ORIENTED_EDGE ( 'NONE', *, *, #3850, .T. ) ;
#2305 = ORIENTED_EDGE ( 'NONE', *, *, #762, .T. ) ;
#2306 = CIRCLE ( 'NONE', #2660, 7.000000000000006217 ) ;
#2307 = B_SPLINE_CURVE_WITH_KNOTS ( 'NONE', 3,
 ( #6271, #1078, #5690, #501, #1760, #4134, #2400, #4074, #6413, #1862, #1225, #2434, #609, #6911, #7517, #6951, #1727, #686 ),
 .UNSPECIFIED., .F., .F.,
 ( 4, 2, 2, 2, 2, 2, 2, 2, 4 ),
 ( 0.000000000000000000, 0.0007820090992049405542, 0.001564018198409881108, 0.002346027297614821771, 0.003128036396819762217, 0.003910045496024703096, 0.004692054595229643542, 0.005474063694434583988, 0.006256072793639524433 ),
 .UNSPECIFIED. ) ;
#2308 = LINE ( 'NONE', #1746, #2441 ) ;
#2309 = CYLINDRICAL_SURFACE ( 'NONE', #92, 8.000000000000007105 ) ;
#2310 = VERTEX_POINT ( 'NONE', #1272 ) ;
#2311 = CARTESIAN_POINT ( 'NONE',  ( 122.5999999999999801, -147.3699994899999979, 12.50000000000000000 ) ) ;
#2312 = CIRCLE ( 'NONE', #4606, 11.99999999999999645 ) ;
#2313 = PLANE ( 'NONE',  #829 ) ;
#2314 = EDGE_CURVE ( 'NONE', #2412, #792, #5804, .T. ) ;
#2315 = CARTESIAN_POINT ( 'NONE',  ( 64.90000000000000568, -64.68000000000000682, 4.500000000000000888 ) ) ;
#2316 = DIRECTION ( 'NONE',  ( -1.000000000000000000, 0.000000000000000000, 0.000000000000000000 ) ) ;
#2317 = VERTEX_POINT ( 'NONE', #6417 ) ;
#2318 = CARTESIAN_POINT ( 'NONE',  ( 125.2994429888068311, -122.0696285320757681, -2.942635367591961870 ) ) ;
#2319 = AXIS2_PLACEMENT_3D ( 'NONE', #2384, #2843, #2273 ) ;
#2320 = PLANE ( 'NONE',  #6928 ) ;
#2321 = VERTEX_POINT ( 'NONE', #5232 ) ;
#2322 = ORIENTED_EDGE ( 'NONE', *, *, #3764, .T. ) ;
#2323 = AXIS2_PLACEMENT_3D ( 'NONE', #2368, #5878, #5227 ) ;
#2324 = VECTOR ( 'NONE', #1305, 1000.000000000000000 ) ;
#2325 = DIRECTION ( 'NONE',  ( 1.000000000000000000, 0.000000000000000000, 0.000000000000000000 ) ) ;
#2326 = EDGE_CURVE ( 'NONE', #779, #4715, #6988, .T. ) ;
#2327 = VECTOR ( 'NONE', #6598, 1000.000000000000000 ) ;
#2328 = DIRECTION ( 'NONE',  ( 0.000000000000000000, 0.000000000000000000, 1.000000000000000000 ) ) ;
#2329 = EDGE_CURVE ( 'NONE', #2265, #1908, #6977, .T. ) ;
#2330 = ORIENTED_EDGE ( 'NONE', *, *, #2536, .F. ) ;
#2331 = ADVANCED_FACE ( 'NONE', ( #6212 ), #31, .T. ) ;
#2332 = CARTESIAN_POINT ( 'NONE',  ( 64.90000000000003411, -66.68000000000000682, 6.500000000000000888 ) ) ;
#2333 = AXIS2_PLACEMENT_3D ( 'NONE', #680, #1188, #603 ) ;
#2334 = DIRECTION ( 'NONE',  ( 0.000000000000000000, 1.000000000000000000, 0.000000000000000000 ) ) ;
#2335 = DIRECTION ( 'NONE',  ( -0.000000000000000000, -0.000000000000000000, -1.000000000000000000 ) ) ;
#2336 = DIRECTION ( 'NONE',  ( -6.938893903907222067E-15, -1.000000000000000000, 0.000000000000000000 ) ) ;
#2337 = VECTOR ( 'NONE', #2697, 1000.000000000000000 ) ;
#2338 = VECTOR ( 'NONE', #187, 1000.000000000000000 ) ;
#2339 = AXIS2_PLACEMENT_3D ( 'NONE', #7014, #3972, #7407 ) ;
#2340 = CARTESIAN_POINT ( 'NONE',  ( 125.0937966455729935, -89.89628607707065555, -2.658870908989886761 ) ) ;
#2341 = ADVANCED_FACE ( 'NONE', ( #5597 ), #1899, .F. ) ;
#2342 = ORIENTED_EDGE ( 'NONE', *, *, #3141, .T. ) ;
#2343 = DIRECTION ( 'NONE',  ( 0.000000000000000000, 0.000000000000000000, -1.000000000000000000 ) ) ;
#2344 = CARTESIAN_POINT ( 'NONE',  ( 120.5999999999999801, -62.67999999999999972, 12.50000000000000000 ) ) ;
#2345 = TOROIDAL_SURFACE ( 'NONE', #1139, 12.50000000000000355, 0.5000000000000000000 ) ;
#2346 = EDGE_CURVE ( 'NONE', #3345, #7222, #933, .T. ) ;
#2347 = ORIENTED_EDGE ( 'NONE', *, *, #1092, .F. ) ;
#2348 = ORIENTED_EDGE ( 'NONE', *, *, #2249, .T. ) ;
#2349 = AXIS2_PLACEMENT_3D ( 'NONE', #4248, #3903, #6563 ) ;
#2350 = CARTESIAN_POINT ( 'NONE',  ( 124.1000000000000085, -126.1249997450001104, -7.000000000000000000 ) ) ;
#2351 = FACE_OUTER_BOUND ( 'NONE', #2841, .T. ) ;
#2352 = EDGE_CURVE ( 'NONE', #3178, #7465, #2704, .T. ) ;
#2353 = ORIENTED_EDGE ( 'NONE', *, *, #5845, .T. ) ;
#2354 = DIRECTION ( 'NONE',  ( 0.000000000000000000, -1.000000000000000000, 0.000000000000000000 ) ) ;
#2355 = CIRCLE ( 'NONE', #5477, 2.000000000000001776 ) ;
#2356 = CARTESIAN_POINT ( 'NONE',  ( 46.75000000000004263, -98.12499974499999666, -4.000000000000000000 ) ) ;
#2357 = FACE_OUTER_BOUND ( 'NONE', #6515, .T. ) ;
#2358 = EDGE_CURVE ( 'NONE', #6982, #455, #5603, .T. ) ;
#2359 = CARTESIAN_POINT ( 'NONE',  ( 60.89999999999999147, -72.76181233521506897, -4.984942804026640140 ) ) ;
#2360 = EDGE_LOOP ( 'NONE', ( #7344, #6242, #516, #4720, #202 ) ) ;
#2361 = CARTESIAN_POINT ( 'NONE',  ( 122.6000000000000085, -141.5699994899999865, 12.50000000000000000 ) ) ;
#2362 = DIRECTION ( 'NONE',  ( 0.000000000000000000, 0.000000000000000000, 1.000000000000000000 ) ) ;
#2363 = VECTOR ( 'NONE', #3360, 1000.000000000000000 ) ;
#2364 = ORIENTED_EDGE ( 'NONE', *, *, #6914, .F. ) ;
#2365 = ORIENTED_EDGE ( 'NONE', *, *, #648, .T. ) ;
#2366 = DIRECTION ( 'NONE',  ( -0.000000000000000000, -0.000000000000000000, -1.000000000000000000 ) ) ;
#2367 = CIRCLE ( 'NONE', #778, 2.350000000000018741 ) ;
#2368 = CARTESIAN_POINT ( 'NONE',  ( 116.6100251257867910, -147.3699994899999979, 2.500000000000000444 ) ) ;
#2369 = ORIENTED_EDGE ( 'NONE', *, *, #4995, .F. ) ;
#2370 = CARTESIAN_POINT ( 'NONE',  ( 60.90000000000001279, -147.3699994899999979, 13.50000000000000178 ) ) ;
#2371 = AXIS2_PLACEMENT_3D ( 'NONE', #2853, #1151, #569 ) ;
#2372 = EDGE_CURVE ( 'NONE', #3409, #6279, #1380, .T. ) ;
#2373 = DIRECTION ( 'NONE',  ( 0.000000000000000000, 0.000000000000000000, 1.000000000000000000 ) ) ;
#2374 = CARTESIAN_POINT ( 'NONE',  ( 108.1499998649999839, -152.7699994900000036, 2.000000000000001776 ) ) ;
#2375 = EDGE_CURVE ( 'NONE', #5394, #4166, #4872, .T. ) ;
#2376 = FACE_OUTER_BOUND ( 'NONE', #1013, .T. ) ;
#2377 = FACE_OUTER_BOUND ( 'NONE', #2264, .T. ) ;
#2378 = CARTESIAN_POINT ( 'NONE',  ( 75.64999986500001228, -151.4699994900000206, 2.000000000000001776 ) ) ;
#2379 = CYLINDRICAL_SURFACE ( 'NONE', #5365, 0.2000000000000057288 ) ;
#2380 = EDGE_CURVE ( 'NONE', #4632, #3996, #5343, .T. ) ;
#2381 = ADVANCED_FACE ( 'NONE', ( #2478 ), #2686, .T. ) ;
#2382 = ORIENTED_EDGE ( 'NONE', *, *, #995, .F. ) ;
#2383 = EDGE_LOOP ( 'NONE', ( #4509, #6856, #6820, #2734 ) ) ;
#2384 = CARTESIAN_POINT ( 'NONE',  ( 46.75000000000004263, -106.1249997449999967, -7.000000000000000000 ) ) ;
#2385 = DIRECTION ( 'NONE',  ( -0.000000000000000000, -0.000000000000000000, -1.000000000000000000 ) ) ;
#2386 = ORIENTED_EDGE ( 'NONE', *, *, #4347, .T. ) ;
#2387 = DIRECTION ( 'NONE',  ( 0.000000000000000000, 0.000000000000000000, 1.000000000000000000 ) ) ;
#2388 = CARTESIAN_POINT ( 'NONE',  ( 118.6000000000000085, -64.68000000000000682, 6.500000000000001776 ) ) ;
#2389 = LINE ( 'NONE', #1183, #2460 ) ;
#2390 = LINE ( 'NONE', #4690, #6102 ) ;
#2391 = ADVANCED_FACE ( 'NONE', ( #7093 ), #2119, .F. ) ;
#2392 = ORIENTED_EDGE ( 'NONE', *, *, #4468, .F. ) ;
#2393 = FACE_OUTER_BOUND ( 'NONE', #681, .T. ) ;
#2394 = CARTESIAN_POINT ( 'NONE',  ( 58.90000000000000568, -126.1249997450000251, -1.000000000000000000 ) ) ;
#2395 = EDGE_CURVE ( 'NONE', #3108, #9, #6523, .T. ) ;
#2396 = VERTEX_POINT ( 'NONE', #2547 ) ;
#2397 = ORIENTED_EDGE ( 'NONE', *, *, #6603, .F. ) ;
#2398 = LINE ( 'NONE', #6799, #659 ) ;
#2399 = CARTESIAN_POINT ( 'NONE',  ( 100.8999998649999981, -152.9699994900000206, 9.460000009999999904 ) ) ;
#2400 = CARTESIAN_POINT ( 'NONE',  ( 68.89501901139391293, -149.3699994900000263, 3.026063534047721326 ) ) ;
#2401 = VERTEX_POINT ( 'NONE', #4852 ) ;
#2402 = CYLINDRICAL_SURFACE ( 'NONE', #857, 2.000000000000001776 ) ;
#2403 = VERTEX_POINT ( 'NONE', #6698 ) ;
#2404 = CARTESIAN_POINT ( 'NONE',  ( 136.7500000000000284, -113.6249997450000109, -6.500000000000000888 ) ) ;
#2405 = CARTESIAN_POINT ( 'NONE',  ( 120.5999999999999801, -62.67999999999999972, 12.50000000000000000 ) ) ;
#2406 = LINE ( 'NONE', #3542, #760 ) ;
#2407 = DIRECTION ( 'NONE',  ( 0.000000000000000000, 0.000000000000000000, 1.000000000000000000 ) ) ;
#2408 = AXIS2_PLACEMENT_3D ( 'NONE', #2388, #1750, #6897 ) ;
#2409 = CARTESIAN_POINT ( 'NONE',  ( 120.5999999999999801, -62.67999999999999972, 4.500000000000000888 ) ) ;
#2410 = AXIS2_PLACEMENT_3D ( 'NONE', #3333, #1544, #6123 ) ;
#2411 = EDGE_CURVE ( 'NONE', #3515, #2949, #4643, .T. ) ;
#2412 = VERTEX_POINT ( 'NONE', #3292 ) ;
#2413 = ORIENTED_EDGE ( 'NONE', *, *, #5766, .T. ) ;
#2414 = AXIS2_PLACEMENT_3D ( 'NONE', #596, #2915, #1780 ) ;
#2415 = CARTESIAN_POINT ( 'NONE',  ( 58.78372036084306984, -124.2496709225687397, -1.845205092672376868 ) ) ;
#2416 = EDGE_CURVE ( 'NONE', #6921, #2933, #524, .T. ) ;
#2417 = FACE_OUTER_BOUND ( 'NONE', #1444, .T. ) ;
#2418 = ORIENTED_EDGE ( 'NONE', *, *, #4770, .T. ) ;
#2419 = CARTESIAN_POINT ( 'NONE',  ( 116.6100251257867910, -147.3699994899999979, 4.500000000000000888 ) ) ;
#2420 = DIRECTION ( 'NONE',  ( 0.000000000000000000, -1.000000000000000000, 0.000000000000000000 ) ) ;
#2421 = CONICAL_SURFACE ( 'NONE', #2544, 2.000000000000015543, 0.7853981633974489451 ) ;
#2422 = CARTESIAN_POINT ( 'NONE',  ( 62.90000000000001279, -145.5699994899999865, 6.500000000000000888 ) ) ;
#2423 = FACE_OUTER_BOUND ( 'NONE', #2741, .T. ) ;
#2424 = ORIENTED_EDGE ( 'NONE', *, *, #6133, .F. ) ;
#2425 = CIRCLE ( 'NONE', #6648, 2.350000000000018741 ) ;
#2426 = DIRECTION ( 'NONE',  ( -1.000000000000000000, 0.000000000000000000, 0.000000000000000000 ) ) ;
#2427 = CARTESIAN_POINT ( 'NONE',  ( 58.63394042764824832, -123.5854392677431548, -2.380232467989666478 ) ) ;
#2428 = EDGE_LOOP ( 'NONE', ( #919, #5791, #996, #962 ) ) ;
#2429 = EDGE_CURVE ( 'NONE', #2477, #6409, #1011, .T. ) ;
#2430 = ORIENTED_EDGE ( 'NONE', *, *, #6285, .T. ) ;
#2431 = DIRECTION ( 'NONE',  ( 0.000000000000000000, 0.000000000000000000, 1.000000000000000000 ) ) ;
#2432 = CARTESIAN_POINT ( 'NONE',  ( 66.90000000000000568, -64.68000000000000682, 12.14999999999998082 ) ) ;
#2433 = CARTESIAN_POINT ( 'NONE',  ( 58.82924986595853056, -87.62141150890926156, -1.750211480742255521 ) ) ;
#2434 = CARTESIAN_POINT ( 'NONE',  ( 70.36535471492545923, -149.3699994900000547, 4.491623974626709703 ) ) ;
#2435 = DIRECTION ( 'NONE',  ( 1.000000000000000000, 3.194334880715847085E-16, -0.000000000000000000 ) ) ;
#2436 = CARTESIAN_POINT ( 'NONE',  ( 127.3344387503932751, -117.7717645736838250, -3.999999999999975131 ) ) ;
#2437 = CIRCLE ( 'NONE', #6425, 7.000000000000006217 ) ;
#2438 = DIRECTION ( 'NONE',  ( 1.000000000000000000, 0.000000000000000000, 0.000000000000000000 ) ) ;
#2439 = EDGE_CURVE ( 'NONE', #5023, #5167, #5849, .T. ) ;
#2440 = CARTESIAN_POINT ( 'NONE',  ( 75.44999986500000944, -149.4528422024746135, 2.000000000000000444 ) ) ;
#2441 = VECTOR ( 'NONE', #6290, 1000.000000000000000 ) ;
#2442 = DIRECTION ( 'NONE',  ( -0.000000000000000000, -0.000000000000000000, -1.000000000000000000 ) ) ;
#2443 = CIRCLE ( 'NONE', #3416, 2.000000000000001776 ) ;
#2444 = CIRCLE ( 'NONE', #987, 2.000000000000001776 ) ;
#2445 = FACE_OUTER_BOUND ( 'NONE', #2511, .T. ) ;
#2446 = CARTESIAN_POINT ( 'NONE',  ( 136.6000000000000796, -114.1249997450000109, -4.500000000000000888 ) ) ;
#2447 = CYLINDRICAL_SURFACE ( 'NONE', #7066, 0.5000000000000004441 ) ;
#2448 = AXIS2_PLACEMENT_3D ( 'NONE', #4888, #3184, #4919 ) ;
#2449 = CARTESIAN_POINT ( 'NONE',  ( 114.5377425628099388, -149.3699994899963883, 6.366105774523829197 ) ) ;
#2450 = ORIENTED_EDGE ( 'NONE', *, *, #894, .T. ) ;
#2451 = ORIENTED_EDGE ( 'NONE', *, *, #159, .T. ) ;
#2452 = AXIS2_PLACEMENT_3D ( 'NONE', #1661, #6448, #5129 ) ;
#2453 = DIRECTION ( 'NONE',  ( 0.000000000000000000, 0.000000000000000000, 1.000000000000000000 ) ) ;
#2454 = AXIS2_PLACEMENT_3D ( 'NONE', #4965, #6103, #2554 ) ;
#2455 = CARTESIAN_POINT ( 'NONE',  ( 59.39999999999999858, -86.12499974499989719, -7.000000000000000000 ) ) ;
#2456 = ORIENTED_EDGE ( 'NONE', *, *, #2661, .F. ) ;
#2457 = EDGE_CURVE ( 'NONE', #5039, #4866, #1105, .T. ) ;
#2458 = DIRECTION ( 'NONE',  ( -0.000000000000000000, -0.000000000000000000, 1.000000000000000000 ) ) ;
#2459 = CARTESIAN_POINT ( 'NONE',  ( 77.99999986500002080, -142.6699994900000092, 0.000000000000000000 ) ) ;
#2460 = VECTOR ( 'NONE', #7003, 1000.000000000000000 ) ;
#2461 = CARTESIAN_POINT ( 'NONE',  ( 62.89999999999999858, -60.67999999999999972, 13.50000000000000178 ) ) ;
#2462 = EDGE_CURVE ( 'NONE', #1935, #3386, #6826, .T. ) ;
#2463 = VECTOR ( 'NONE', #3503, 1000.000000000000000 ) ;
#2464 = ORIENTED_EDGE ( 'NONE', *, *, #666, .F. ) ;
#2465 = DIRECTION ( 'NONE',  ( -0.000000000000000000, -0.000000000000000000, 1.000000000000000000 ) ) ;
#2466 = AXIS2_PLACEMENT_3D ( 'NONE', #567, #3521, #1781 ) ;
#2467 = CARTESIAN_POINT ( 'NONE',  ( 66.88997487421325161, -147.3699994899999979, 2.500000000000000444 ) ) ;
#2468 = ORIENTED_EDGE ( 'NONE', *, *, #215, .T. ) ;
#2469 = EDGE_LOOP ( 'NONE', ( #5490, #4608, #3622, #3198 ) ) ;
#2470 = DIRECTION ( 'NONE',  ( -1.000000000000000000, 0.000000000000000000, 0.000000000000000000 ) ) ;
#2471 = LINE ( 'NONE', #4808, #6566 ) ;
#2472 = CARTESIAN_POINT ( 'NONE',  ( 56.15858409796536677, -94.48668019798022044, -4.000000000000000000 ) ) ;
#2473 = CARTESIAN_POINT ( 'NONE',  ( 114.6013380478390644, -149.3699994900000547, 3.028273717966767808 ) ) ;
#2474 = EDGE_CURVE ( 'NONE', #4401, #7219, #4547, .T. ) ;
#2475 = AXIS2_PLACEMENT_3D ( 'NONE', #1311, #4791, #2488 ) ;
#2476 = CARTESIAN_POINT ( 'NONE',  ( 64.90000000000003411, -68.68000000000000682, 12.50000000000000000 ) ) ;
#2477 = VERTEX_POINT ( 'NONE', #6939 ) ;
#2478 = FACE_OUTER_BOUND ( 'NONE', #1676, .T. ) ;
#2479 = VERTEX_POINT ( 'NONE', #5211 ) ;
#2480 = CARTESIAN_POINT ( 'NONE',  ( 120.6000000000000085, -147.5699994899999865, 12.15000000000002700 ) ) ;
#2481 = VECTOR ( 'NONE', #1986, 1000.000000000000000 ) ;
#2482 = DIRECTION ( 'NONE',  ( -1.000000000000000000, 0.000000000000000000, 0.000000000000000000 ) ) ;
#2483 = EDGE_CURVE ( 'NONE', #4369, #3178, #5717, .T. ) ;
#2484 = DIRECTION ( 'NONE',  ( -0.000000000000000000, -0.000000000000000000, -1.000000000000000000 ) ) ;
#2485 = EDGE_CURVE ( 'NONE', #1093, #1857, #351, .T. ) ;
#2486 = CARTESIAN_POINT ( 'NONE',  ( 67.34999999999999432, -74.57500000000000284, -5.000000000000000000 ) ) ;
#2487 = EDGE_CURVE ( 'NONE', #4715, #814, #107, .T. ) ;
#2488 = DIRECTION ( 'NONE',  ( 1.000000000000000000, 0.000000000000000000, 0.000000000000000000 ) ) ;
#2489 = CIRCLE ( 'NONE', #3465, 4.000000000000003553 ) ;
#2490 = CARTESIAN_POINT ( 'NONE',  ( 58.89999999999999858, -86.12499974499989719, -1.000000000000000000 ) ) ;
#2491 = VERTEX_POINT ( 'NONE', #7466 ) ;
#2492 = ORIENTED_EDGE ( 'NONE', *, *, #5998, .T. ) ;
#2493 = CYLINDRICAL_SURFACE ( 'NONE', #500, 2.000000000000001776 ) ;
#2494 = CARTESIAN_POINT ( 'NONE',  ( 108.1499998649999981, -142.6699994900000092, -6.000000000000000000 ) ) ;
#2495 = ORIENTED_EDGE ( 'NONE', *, *, #1271, .T. ) ;
#2496 = CARTESIAN_POINT ( 'NONE',  ( 46.75000000000004263, -106.1249997449999967, -4.500000000000000888 ) ) ;
#2497 = CARTESIAN_POINT ( 'NONE',  ( 124.8643055076789494, -88.65628606998588168, -2.375866870602477476 ) ) ;
#2498 = CARTESIAN_POINT ( 'NONE',  ( 108.1499998649999981, -142.6699994900000092, 0.000000000000000000 ) ) ;
#2499 = EDGE_LOOP ( 'NONE', ( #4960, #5222, #5700, #2531 ) ) ;
#2500 = DIRECTION ( 'NONE',  ( 0.000000000000000000, 1.000000000000000000, -0.000000000000000000 ) ) ;
#2501 = CARTESIAN_POINT ( 'NONE',  ( 60.89999999999999858, -70.68000000000000682, 12.50000000000000000 ) ) ;
#2502 = ORIENTED_EDGE ( 'NONE', *, *, #2761, .F. ) ;
#2503 = EDGE_LOOP ( 'NONE', ( #1114, #4177, #3086, #3845 ) ) ;
#2504 = CARTESIAN_POINT ( 'NONE',  ( 55.53999999999999915, -94.45268849999078498, -4.500000000000000888 ) ) ;
#2505 = DIRECTION ( 'NONE',  ( 0.000000000000000000, 0.000000000000000000, 1.000000000000000000 ) ) ;
#2506 = CARTESIAN_POINT ( 'NONE',  ( 50.00000000000004263, -106.1249997449999967, -7.000000000000000000 ) ) ;
#2507 = CARTESIAN_POINT ( 'NONE',  ( 100.8999998649999981, -152.9699994900000206, 4.710000010000001680 ) ) ;
#2508 = CARTESIAN_POINT ( 'NONE',  ( 125.5519428200631324, -120.9145216720093430, -3.223686837860277432 ) ) ;
#2509 = ADVANCED_FACE ( 'NONE', ( #5108 ), #2240, .F. ) ;
#2510 = CARTESIAN_POINT ( 'NONE',  ( 46.75000000000004263, -106.1249997449999967, -4.500000000000000888 ) ) ;
#2511 = EDGE_LOOP ( 'NONE', ( #632, #4443, #7293, #2178, #118 ) ) ;
#2512 = EDGE_CURVE ( 'NONE', #1295, #4117, #445, .T. ) ;
#2513 = CARTESIAN_POINT ( 'NONE',  ( 118.6000000000000085, -147.5699994899999865, 4.500000000000000888 ) ) ;
#2514 = DIRECTION ( 'NONE',  ( -1.000000000000000000, -6.938893903907342762E-15, 0.000000000000000000 ) ) ;
#2515 = FACE_BOUND ( 'NONE', #5767, .T. ) ;
#2516 = CARTESIAN_POINT ( 'NONE',  ( 69.32985724337808620, -149.3699994899999979, 3.315307683330368516 ) ) ;
#2517 = EDGE_CURVE ( 'NONE', #3459, #3810, #1712, .T. ) ;
#2518 = DIRECTION ( 'NONE',  ( 0.000000000000000000, 0.000000000000000000, 1.000000000000000000 ) ) ;
#2519 = CARTESIAN_POINT ( 'NONE',  ( 115.6019056862377141, -147.4201763376076713, 4.764129318267050550 ) ) ;
#2520 = VERTEX_POINT ( 'NONE', #2311 ) ;
#2521 = ORIENTED_EDGE ( 'NONE', *, *, #4441, .T. ) ;
#2522 = CARTESIAN_POINT ( 'NONE',  ( 120.5999999999999801, -58.67999999999999261, 13.50000000000000178 ) ) ;
#2523 = AXIS2_PLACEMENT_3D ( 'NONE', #1751, #2882, #7503 ) ;
#2524 = ORIENTED_EDGE ( 'NONE', *, *, #666, .T. ) ;
#2525 = CARTESIAN_POINT ( 'NONE',  ( 120.5999999999999943, -68.67999999999999261, 12.50000000000000000 ) ) ;
#2526 = CARTESIAN_POINT ( 'NONE',  ( 118.6000000000000085, -147.5699994899999865, 13.50000000000000178 ) ) ;
#2527 = CARTESIAN_POINT ( 'NONE',  ( 105.6499998649999981, -152.9699994900000206, 9.460000009999999904 ) ) ;
#2528 = AXIS2_PLACEMENT_3D ( 'NONE', #1144, #5864, #6367 ) ;
#2529 = CIRCLE ( 'NONE', #4215, 4.000000000000003553 ) ;
#2530 = VERTEX_POINT ( 'NONE', #2914 ) ;
#2531 = ORIENTED_EDGE ( 'NONE', *, *, #3893, .F. ) ;
#2532 = CARTESIAN_POINT ( 'NONE',  ( 136.7500000000000284, -114.1249997450000109, -4.000000000000000000 ) ) ;
#2533 = AXIS2_PLACEMENT_3D ( 'NONE', #1055, #6113, #961 ) ;
#2534 = CARTESIAN_POINT ( 'NONE',  ( 108.5499998649999895, -149.3699994899999979, 13.50000000000000178 ) ) ;
#2535 = ORIENTED_EDGE ( 'NONE', *, *, #1, .F. ) ;
#2536 = EDGE_CURVE ( 'NONE', #1673, #515, #6293, .T. ) ;
#2537 = ORIENTED_EDGE ( 'NONE', *, *, #192, .F. ) ;
#2538 = DIRECTION ( 'NONE',  ( 1.000000000000000000, 0.000000000000000000, 0.000000000000000000 ) ) ;
#2539 = CIRCLE ( 'NONE', #6769, 0.2000000000000057288 ) ;
#2540 = AXIS2_PLACEMENT_3D ( 'NONE', #3475, #7062, #4676 ) ;
#2541 = DIRECTION ( 'NONE',  ( 1.000000000000000000, 0.000000000000000000, 0.000000000000000000 ) ) ;
#2542 = CARTESIAN_POINT ( 'NONE',  ( 116.6000000000000227, -64.68000000000003524, 6.500000000000000888 ) ) ;
#2543 = CARTESIAN_POINT ( 'NONE',  ( 112.8087739708280850, -149.3699994900000263, 5.208185318220356130 ) ) ;
#2544 = AXIS2_PLACEMENT_3D ( 'NONE', #6002, #815, #3126 ) ;
#2545 = FACE_OUTER_BOUND ( 'NONE', #541, .T. ) ;
#2546 = CARTESIAN_POINT ( 'NONE',  ( 127.5999999999999943, -117.4503239585515928, -4.000000000000000000 ) ) ;
#2547 = CARTESIAN_POINT ( 'NONE',  ( 58.89999999999999147, -62.67999999999999972, 13.50000000000000178 ) ) ;
#2548 = EDGE_LOOP ( 'NONE', ( #3499, #4339, #2698, #3843 ) ) ;
#2549 = EDGE_CURVE ( 'NONE', #5550, #6364, #1749, .T. ) ;
#2550 = CYLINDRICAL_SURFACE ( 'NONE', #5616, 2.000000000000001776 ) ;
#2551 = EDGE_CURVE ( 'NONE', #5210, #5776, #6535, .T. ) ;
#2552 = VECTOR ( 'NONE', #6390, 1000.000000000000000 ) ;
#2553 = AXIS2_PLACEMENT_3D ( 'NONE', #974, #2152, #3821 ) ;
#2554 = DIRECTION ( 'NONE',  ( -1.000000000000000000, 0.000000000000000000, 0.000000000000000000 ) ) ;
#2555 = CARTESIAN_POINT ( 'NONE',  ( 70.76803685336314231, -149.3699994899999979, 5.460696740639958691 ) ) ;
#2556 = CARTESIAN_POINT ( 'NONE',  ( 64.90000000000000568, -147.5699994899999865, 6.500000000000000888 ) ) ;
#2557 = B_SPLINE_CURVE_WITH_KNOTS ( 'NONE', 3,
 ( #4712, #3698, #4823, #1280, #5352, #7026 ),
 .UNSPECIFIED., .F., .F.,
 ( 4, 2, 4 ),
 ( 0.000000000000000000, 0.001360154906281802346, 0.002720309812563604691 ),
 .UNSPECIFIED. ) ;
#2558 = AXIS2_PLACEMENT_3D ( 'NONE', #2513, #1343, #4817 ) ;
#2559 = CARTESIAN_POINT ( 'NONE',  ( 116.4777946458254405, -147.3830259856603675, 4.500000000000000888 ) ) ;
#2560 = TOROIDAL_SURFACE ( 'NONE', #3533, 4.950000000000001066, 0.2000000000000000111 ) ;
#2561 = VECTOR ( 'NONE', #4931, 1000.000000000000000 ) ;
#2562 = EDGE_LOOP ( 'NONE', ( #3865, #3946, #1039, #2769 ) ) ;
#2563 = EDGE_LOOP ( 'NONE', ( #440, #403, #6578, #5131 ) ) ;
#2564 = EDGE_CURVE ( 'NONE', #2140, #4059, #2425, .T. ) ;
#2565 = CARTESIAN_POINT ( 'NONE',  ( 57.94805394735335824, -120.9145136720834302, -3.223689700410591996 ) ) ;
#2566 = ORIENTED_EDGE ( 'NONE', *, *, #3037, .T. ) ;
#2567 = LINE ( 'NONE', #4934, #344 ) ;
#2568 = LINE ( 'NONE', #785, #7501 ) ;
#2569 = CARTESIAN_POINT ( 'NONE',  ( 60.89999999999999858, -62.67999999999999972, 12.50000000000000000 ) ) ;
#2570 = ADVANCED_FACE ( 'NONE', ( #3452 ), #5174, .F. ) ;
#2571 = ORIENTED_EDGE ( 'NONE', *, *, #7244, .F. ) ;
#2572 = EDGE_LOOP ( 'NONE', ( #326, #6734 ) ) ;
#2573 = EDGE_CURVE ( 'NONE', #5980, #4981, #4605, .T. ) ;
#2574 = CARTESIAN_POINT ( 'NONE',  ( 120.6000000000000085, -145.5699994900000149, 2.500000000000000444 ) ) ;
#2575 = CARTESIAN_POINT ( 'NONE',  ( 62.89999999999999858, -58.67999999999999261, -6.500000000000002665 ) ) ;
#2576 = ORIENTED_EDGE ( 'NONE', *, *, #1211, .F. ) ;
#2577 = CIRCLE ( 'NONE', #5840, 3.999999999999976019 ) ;
#2578 = EDGE_LOOP ( 'NONE', ( #3963, #4756, #29, #5904, #5658, #1560, #6666, #1846, #5780, #5817, #5624, #3536, #6159, #841, #5530, #2386, #4881, #819, #5629, #3784, #1433, #4167, #4726, #3400, #6736, #3690, #4280, #1061, #3478, #5200, #6849, #810, #4453 ) ) ;
#2579 = DIRECTION ( 'NONE',  ( 1.000000000000000000, 0.000000000000000000, 0.000000000000000000 ) ) ;
#2580 = ADVANCED_FACE ( 'NONE', ( #5785 ), #20, .T. ) ;
#2581 = CARTESIAN_POINT ( 'NONE',  ( 108.1499998649999839, -151.0699994899999865, 4.300000000000001599 ) ) ;
#2582 = CARTESIAN_POINT ( 'NONE',  ( 55.82960975283656779, -94.15221758445512990, -4.499999993403887011 ) ) ;
#2583 = CARTESIAN_POINT ( 'NONE',  ( 112.6033342597740443, -149.3699994899999979, 6.500000000000000888 ) ) ;
#2584 = VECTOR ( 'NONE', #675, 1000.000000000000000 ) ;
#2585 = CARTESIAN_POINT ( 'NONE',  ( 124.1000000000000227, -149.5699994899999865, -7.000000000000000000 ) ) ;
#2586 = AXIS2_PLACEMENT_3D ( 'NONE', #505, #2826, #5127 ) ;
#2587 = VECTOR ( 'NONE', #7211, 1000.000000000000000 ) ;
#2588 = DIRECTION ( 'NONE',  ( 0.000000000000000000, 0.000000000000000000, -1.000000000000000000 ) ) ;
#2589 = EDGE_LOOP ( 'NONE', ( #5509, #3018, #5050, #7446 ) ) ;
#2590 = VECTOR ( 'NONE', #4466, 1000.000000000000000 ) ;
#2591 = AXIS2_PLACEMENT_3D ( 'NONE', #7508, #2500, #6588 ) ;
#2592 = CARTESIAN_POINT ( 'NONE',  ( 62.89999999999999858, -60.67999999999999972, 2.500000000000000444 ) ) ;
#2593 = AXIS2_PLACEMENT_3D ( 'NONE', #350, #849, #3849 ) ;
#2594 = ADVANCED_FACE ( 'NONE', ( #3335 ), #5556, .F. ) ;
#2595 = CARTESIAN_POINT ( 'NONE',  ( 75.64999986500001228, -150.8699994899999979, 30.00000000000000355 ) ) ;
#2596 = VECTOR ( 'NONE', #7289, 1000.000000000000114 ) ;
#2597 = CARTESIAN_POINT ( 'NONE',  ( 67.02300119431775727, -147.3831043859586885, 4.499999999999999112 ) ) ;
#2598 = EDGE_CURVE ( 'NONE', #6524, #2747, #3953, .T. ) ;
#2599 = LINE ( 'NONE', #385, #4771 ) ;
#2600 = CARTESIAN_POINT ( 'NONE',  ( 114.7045541785321205, -147.4355008257263080, 5.855327281772259695 ) ) ;
#2601 = ORIENTED_EDGE ( 'NONE', *, *, #3264, .F. ) ;
#2602 = EDGE_LOOP ( 'NONE', ( #2129, #3637 ) ) ;
#2603 = DIRECTION ( 'NONE',  ( -0.000000000000000000, -0.000000000000000000, -1.000000000000000000 ) ) ;
#2604 = EDGE_LOOP ( 'NONE', ( #6075, #5107, #2032, #643, #1789, #5615, #7456, #7253, #4761, #932 ) ) ;
#2605 = VECTOR ( 'NONE', #4161, 1000.000000000000000 ) ;
#2606 = DIRECTION ( 'NONE',  ( -0.000000000000000000, -0.000000000000000000, -1.000000000000000000 ) ) ;
#2607 = EDGE_CURVE ( 'NONE', #2207, #2949, #162, .T. ) ;
#2608 = DIRECTION ( 'NONE',  ( 1.597167440357923543E-16, -1.000000000000000000, 1.826024711554540076E-16 ) ) ;
#2609 = EDGE_CURVE ( 'NONE', #3987, #3846, #744, .T. ) ;
#2610 = LINE ( 'NONE', #4336, #4993 ) ;
#2611 = ORIENTED_EDGE ( 'NONE', *, *, #6328, .F. ) ;
#2612 = ORIENTED_EDGE ( 'NONE', *, *, #3877, .T. ) ;
#2613 = PLANE ( 'NONE',  #5606 ) ;
#2614 = FACE_OUTER_BOUND ( 'NONE', #1331, .T. ) ;
#2615 = ORIENTED_EDGE ( 'NONE', *, *, #4441, .F. ) ;
#2616 = EDGE_LOOP ( 'NONE', ( #7232, #6808, #6586, #3807 ) ) ;
#2617 = DIRECTION ( 'NONE',  ( 1.000000000000000000, 0.000000000000000000, 0.000000000000000000 ) ) ;
#2618 = FACE_OUTER_BOUND ( 'NONE', #83, .T. ) ;
#2619 = DIRECTION ( 'NONE',  ( -0.000000000000000000, 1.000000000000000000, 0.000000000000000000 ) ) ;
#2620 = DIRECTION ( 'NONE',  ( 0.000000000000000000, 0.000000000000000000, 1.000000000000000000 ) ) ;
#2621 = EDGE_CURVE ( 'NONE', #2491, #3436, #1936, .T. ) ;
#2622 = CARTESIAN_POINT ( 'NONE',  ( 120.5999999999999801, -62.67999999999999972, 2.500000000000000444 ) ) ;
#2623 = DIRECTION ( 'NONE',  ( -1.000000000000000000, -8.068950408636817119E-17, 0.000000000000000000 ) ) ;
#2624 = ORIENTED_EDGE ( 'NONE', *, *, #4913, .T. ) ;
#2625 = DIRECTION ( 'NONE',  ( 1.000000000000000000, 0.000000000000000000, 0.000000000000000000 ) ) ;
#2626 = CARTESIAN_POINT ( 'NONE',  ( 62.89999999999999858, -64.68000000000000682, 12.14999999999998082 ) ) ;
#2627 = CARTESIAN_POINT ( 'NONE',  ( 68.88462831400860864, -147.4365220459055195, 6.236500176337346879 ) ) ;
#2628 = LINE ( 'NONE', #7250, #1277 ) ;
#2629 = PRODUCT_DEFINITION_CONTEXT ( 'detailed design', #7110, 'design' ) ;
#2630 = VERTEX_POINT ( 'NONE', #2419 ) ;
#2631 = VERTEX_POINT ( 'NONE', #7146 ) ;
#2632 = CARTESIAN_POINT ( 'NONE',  ( 68.90000000000000568, -64.68000000000000682, 4.500000000000000888 ) ) ;
#2633 = ORIENTED_EDGE ( 'NONE', *, *, #1043, .F. ) ;
#2634 = CARTESIAN_POINT ( 'NONE',  ( 62.90000000000001279, -147.3699994899999979, 2.500000000000000444 ) ) ;
#2635 = FACE_OUTER_BOUND ( 'NONE', #7029, .T. ) ;
#2636 = CYLINDRICAL_SURFACE ( 'NONE', #1741, 2.000000000000001776 ) ;
#2637 = ADVANCED_FACE ( 'NONE', ( #1318 ), #5895, .F. ) ;
#2638 = ORIENTED_EDGE ( 'NONE', *, *, #3661, .T. ) ;
#2639 = ORIENTED_EDGE ( 'NONE', *, *, #2185, .T. ) ;
#2640 = EDGE_CURVE ( 'NONE', #3518, #388, #3752, .T. ) ;
#2641 = DIRECTION ( 'NONE',  ( -1.000000000000000000, 0.000000000000000000, 0.000000000000000000 ) ) ;
#2642 = CARTESIAN_POINT ( 'NONE',  ( 64.90000000000000568, -147.5699994899999865, 6.500000000000001776 ) ) ;
#2643 = ORIENTED_EDGE ( 'NONE', *, *, #1050, .F. ) ;
#2644 = ORIENTED_EDGE ( 'NONE', *, *, #7481, .F. ) ;
#2645 = DIRECTION ( 'NONE',  ( -3.194334880715847085E-16, 1.000000000000000000, 0.000000000000000000 ) ) ;
#2646 = AXIS2_PLACEMENT_3D ( 'NONE', #4181, #2484, #2470 ) ;
#2647 = CARTESIAN_POINT ( 'NONE',  ( 122.5999999999999801, -74.57500000000000284, -4.973213749463698541 ) ) ;
#2648 = DIRECTION ( 'NONE',  ( 1.000000000000000000, 0.000000000000000000, 0.000000000000000000 ) ) ;
#2649 = AXIS2_PLACEMENT_3D ( 'NONE', #2953, #6969, #4656 ) ;
#2650 = CARTESIAN_POINT ( 'NONE',  ( 127.9599999999997237, -117.7973109900095068, -4.000000000000020428 ) ) ;
#2651 = AXIS2_PLACEMENT_3D ( 'NONE', #1503, #2676, #5020 ) ;
#2652 = EDGE_CURVE ( 'NONE', #1857, #688, #5824, .T. ) ;
#2653 = LINE ( 'NONE', #324, #6922 ) ;
#2654 = CARTESIAN_POINT ( 'NONE',  ( 63.34999999999998721, -74.57500000000000284, 0.000000000000000000 ) ) ;
#2655 = ORIENTED_EDGE ( 'NONE', *, *, #3342, .F. ) ;
#2656 = DIRECTION ( 'NONE',  ( -0.000000000000000000, 0.000000000000000000, -1.000000000000000000 ) ) ;
#2657 = FACE_BOUND ( 'NONE', #7233, .T. ) ;
#2658 = EDGE_CURVE ( 'NONE', #1920, #2780, #4267, .T. ) ;
#2659 = ORIENTED_EDGE ( 'NONE', *, *, #6062, .T. ) ;
#2660 = AXIS2_PLACEMENT_3D ( 'NONE', #4959, #2169, #2091 ) ;
#2661 = EDGE_CURVE ( 'NONE', #6699, #1455, #2663, .T. ) ;
#2662 = EDGE_CURVE ( 'NONE', #6320, #1295, #835, .T. ) ;
#2663 = CIRCLE ( 'NONE', #6418, 7.000000000000006217 ) ;
#2664 = CARTESIAN_POINT ( 'NONE',  ( 62.90000000000001279, -153.5699994899999865, 13.50000000000000178 ) ) ;
#2665 = CARTESIAN_POINT ( 'NONE',  ( 67.53753094904162424, -147.4093998675720627, 4.601448848856289686 ) ) ;
#2666 = CARTESIAN_POINT ( 'NONE',  ( 62.89999999999999858, -147.5699994899999865, 6.500000000000001776 ) ) ;
#2667 = CARTESIAN_POINT ( 'NONE',  ( 116.0831285734847427, -149.3699994899999979, 2.526016105728475125 ) ) ;
#2668 = ORIENTED_EDGE ( 'NONE', *, *, #3217, .F. ) ;
#2669 = ORIENTED_EDGE ( 'NONE', *, *, #1315, .F. ) ;
#2670 = VECTOR ( 'NONE', #592, 1000.000000000000000 ) ;
#2671 = DIRECTION ( 'NONE',  ( 0.000000000000000000, 0.000000000000000000, -1.000000000000000000 ) ) ;
#2672 = CIRCLE ( 'NONE', #6919, 0.5000000000000004441 ) ;
#2673 = ORIENTED_EDGE ( 'NONE', *, *, #2512, .T. ) ;
#2674 = FACE_OUTER_BOUND ( 'NONE', #2548, .T. ) ;
#2675 = AXIS2_PLACEMENT_3D ( 'NONE', #3005, #4641, #108 ) ;
#2676 = DIRECTION ( 'NONE',  ( 0.000000000000000000, -1.000000000000000000, 0.000000000000000000 ) ) ;
#2677 = AXIS2_PLACEMENT_3D ( 'NONE', #868, #3145, #3221 ) ;
#2678 = CARTESIAN_POINT ( 'NONE',  ( 120.5999999999999801, -62.67999999999999972, 2.500000000000000444 ) ) ;
#2679 = VERTEX_POINT ( 'NONE', #2525 ) ;
#2680 = VERTEX_POINT ( 'NONE', #5930 ) ;
#2681 = CARTESIAN_POINT ( 'NONE',  ( 120.6000000000000085, -147.3699994899999979, 13.50000000000000178 ) ) ;
#2682 = EDGE_CURVE ( 'NONE', #4166, #2730, #4005, .T. ) ;
#2683 = AXIS2_PLACEMENT_3D ( 'NONE', #941, #1605, #6784 ) ;
#2684 = CYLINDRICAL_SURFACE ( 'NONE', #5302, 2.000000000000001776 ) ;
#2685 = ORIENTED_EDGE ( 'NONE', *, *, #4257, .T. ) ;
#2686 = PLANE ( 'NONE',  #1625 ) ;
#2687 = EDGE_LOOP ( 'NONE', ( #3265, #7323, #5479, #2872 ) ) ;
#2688 = CARTESIAN_POINT ( 'NONE',  ( 58.89999999999999147, -80.30499999999999261, 1.860000000000014309 ) ) ;
#2689 = EDGE_CURVE ( 'NONE', #1131, #4128, #958, .T. ) ;
#2690 = CARTESIAN_POINT ( 'NONE',  ( 100.8999998649999981, -152.9699994900000206, 9.460000009999999904 ) ) ;
#2691 = CARTESIAN_POINT ( 'NONE',  ( 108.1499998649999981, -142.6699994900000092, -6.000000000000000000 ) ) ;
#2692 = AXIS2_PLACEMENT_3D ( 'NONE', #1889, #1328, #5939 ) ;
#2693 = DIRECTION ( 'NONE',  ( -0.000000000000000000, -0.000000000000000000, -1.000000000000000000 ) ) ;
#2694 = DIRECTION ( 'NONE',  ( 1.000000000000000000, -0.000000000000000000, 0.000000000000000000 ) ) ;
#2695 = CIRCLE ( 'NONE', #5956, 4.000000000000003553 ) ;
#2696 = DIRECTION ( 'NONE',  ( 1.000000000000000000, 0.000000000000000000, 0.000000000000000000 ) ) ;
#2697 = DIRECTION ( 'NONE',  ( -0.000000000000000000, -0.000000000000000000, 1.000000000000000000 ) ) ;
#2698 = ORIENTED_EDGE ( 'NONE', *, *, #5312, .T. ) ;
#2699 = CARTESIAN_POINT ( 'NONE',  ( 64.90000000000000568, -147.5699994899999865, 12.50000000000000000 ) ) ;
#2700 = ADVANCED_FACE ( 'NONE', ( #4119 ), #4800, .T. ) ;
#2701 = AXIS2_PLACEMENT_3D ( 'NONE', #2916, #3562, #2990 ) ;
#2702 = CARTESIAN_POINT ( 'NONE',  ( 112.6033342597740443, -149.3699994899999979, -5.499999999999994671 ) ) ;
#2703 = VERTEX_POINT ( 'NONE', #3019 ) ;
#2704 = CIRCLE ( 'NONE', #2349, 2.350000000000018741 ) ;
#2705 = CARTESIAN_POINT ( 'NONE',  ( 68.64305472249135676, -147.4336227556651693, 5.488761022177860660 ) ) ;
#2706 = DIRECTION ( 'NONE',  ( 0.000000000000000000, -0.000000000000000000, 1.000000000000000000 ) ) ;
#2707 = CARTESIAN_POINT ( 'NONE',  ( 124.1000000000000085, -86.12499974499991140, -7.000000000000000000 ) ) ;
#2708 = DIRECTION ( 'NONE',  ( 3.194334880715847085E-16, -1.000000000000000000, 0.000000000000000000 ) ) ;
#2709 = ADVANCED_FACE ( 'NONE', ( #123 ), #1811, .F. ) ;
#2710 = UNCERTAINTY_MEASURE_WITH_UNIT (LENGTH_MEASURE( 1.000000000000000082E-05 ), #1881, 'distance_accuracy_value', 'NONE');
#2711 = ORIENTED_EDGE ( 'NONE', *, *, #7378, .F. ) ;
#2712 = EDGE_LOOP ( 'NONE', ( #1640, #5639, #6930, #4018, #1465 ) ) ;
#2713 = EDGE_CURVE ( 'NONE', #3386, #1153, #784, .T. ) ;
#2714 = CONICAL_SURFACE ( 'NONE', #654, 2.000000000000001776, 0.7853981633974581600 ) ;
#2715 = CARTESIAN_POINT ( 'NONE',  ( 62.90000000000001279, -153.5699994899999865, 13.50000000000000178 ) ) ;
#2716 = CARTESIAN_POINT ( 'NONE',  ( 75.64999986499999807, -142.6699994900000092, -0.3500000000000152434 ) ) ;
#2717 = ORIENTED_EDGE ( 'NONE', *, *, #7024, .F. ) ;
#2718 = EDGE_LOOP ( 'NONE', ( #6828, #578, #3448, #7261 ) ) ;
#2719 = CARTESIAN_POINT ( 'NONE',  ( 68.90000000000000568, -60.67999999999999972, 6.500000000000000888 ) ) ;
#2720 = CARTESIAN_POINT ( 'NONE',  ( 66.90000000000000568, -60.67999999999999972, 2.500000000000000444 ) ) ;
#2721 = CIRCLE ( 'NONE', #5005, 0.5000000000000004441 ) ;
#2722 = LINE ( 'NONE', #438, #4050 ) ;
#2723 = VERTEX_POINT ( 'NONE', #3091 ) ;
#2724 = EDGE_LOOP ( 'NONE', ( #3675, #2251, #2495, #7158 ) ) ;
#2725 = CARTESIAN_POINT ( 'NONE',  ( 66.90000000000000568, -64.68000000000000682, 4.500000000000000888 ) ) ;
#2726 = CIRCLE ( 'NONE', #6964, 7.500000000000007105 ) ;
#2727 = DIRECTION ( 'NONE',  ( -1.000000000000000000, 0.000000000000000000, 0.000000000000000000 ) ) ;
#2728 = EDGE_LOOP ( 'NONE', ( #7047, #173, #6263, #1805 ) ) ;
#2729 = CARTESIAN_POINT ( 'NONE',  ( 108.5499998649999895, -149.5699994899999865, 13.50000000000000178 ) ) ;
#2730 = VERTEX_POINT ( 'NONE', #3558 ) ;
#2731 = DIRECTION ( 'NONE',  ( 1.000000000000000000, 0.000000000000000000, 0.000000000000000000 ) ) ;
#2732 = PLANE ( 'NONE',  #5801 ) ;
#2733 = CARTESIAN_POINT ( 'NONE',  ( 114.6000000000000227, -64.68000000000003524, 12.50000000000000000 ) ) ;
#2734 = ORIENTED_EDGE ( 'NONE', *, *, #2236, .T. ) ;
#2735 = DIRECTION ( 'NONE',  ( 1.000000000000000000, -3.469446951953671381E-15, 0.000000000000000000 ) ) ;
#2736 = CARTESIAN_POINT ( 'NONE',  ( 56.83281480062942848, -119.3796343481432274, -4.240166825979093446 ) ) ;
#2737 = CARTESIAN_POINT ( 'NONE',  ( 75.64999986500001228, -151.0699994899999865, 4.300000000000001599 ) ) ;
#2738 = ORIENTED_EDGE ( 'NONE', *, *, #1518, .F. ) ;
#2739 = CARTESIAN_POINT ( 'NONE',  ( 62.89999999999999858, -68.68000000000000682, 12.50000000000000000 ) ) ;
#2740 = CARTESIAN_POINT ( 'NONE',  ( 59.40000000000000568, -149.5699994899999865, -6.500000000000002665 ) ) ;
#2741 = EDGE_LOOP ( 'NONE', ( #4974, #7152, #6511, #4173 ) ) ;
#2742 = ADVANCED_FACE ( 'NONE', ( #4762 ), #5866, .F. ) ;
#2743 = DIRECTION ( 'NONE',  ( 0.000000000000000000, 0.000000000000000000, -1.000000000000000000 ) ) ;
#2744 = CARTESIAN_POINT ( 'NONE',  ( 58.89999999999999147, -62.67999999999999972, 13.50000000000000178 ) ) ;
#2745 = CARTESIAN_POINT ( 'NONE',  ( 46.75000000000004263, -114.1249997450000109, -6.500000000000000888 ) ) ;
#2746 = CARTESIAN_POINT ( 'NONE',  ( 58.89999999999999147, -80.30499999999999261, 5.059999999999985398 ) ) ;
#2747 = VERTEX_POINT ( 'NONE', #1394 ) ;
#2748 = ORIENTED_EDGE ( 'NONE', *, *, #2512, .F. ) ;
#2749 = FACE_OUTER_BOUND ( 'NONE', #6432, .T. ) ;
#2750 = DIRECTION ( 'NONE',  ( 1.000000000000000000, 0.000000000000000000, 0.000000000000000000 ) ) ;
#2751 = ADVANCED_FACE ( 'NONE', ( #3203 ), #349, .F. ) ;
#2752 = VERTEX_POINT ( 'NONE', #4304 ) ;
#2753 = ORIENTED_EDGE ( 'NONE', *, *, #5197, .T. ) ;
#2754 = CARTESIAN_POINT ( 'NONE',  ( 124.6000000000000085, -126.1249997450001104, -1.000000000000000000 ) ) ;
#2755 = CARTESIAN_POINT ( 'NONE',  ( 136.7500000000000284, -98.12499974499999666, -6.500000000000000888 ) ) ;
#2756 = CARTESIAN_POINT ( 'NONE',  ( 127.9599999999997095, -117.7973109900095210, -4.500000000000000888 ) ) ;
#2757 = EDGE_LOOP ( 'NONE', ( #3170, #5102 ) ) ;
#2758 = ORIENTED_EDGE ( 'NONE', *, *, #6133, .T. ) ;
#2759 = FACE_OUTER_BOUND ( 'NONE', #1665, .T. ) ;
#2760 = CARTESIAN_POINT ( 'NONE',  ( 120.5999999999999943, -149.5699994899999865, -7.000000000000000000 ) ) ;
#2761 = EDGE_CURVE ( 'NONE', #5292, #3374, #3281, .T. ) ;
#2762 = ORIENTED_EDGE ( 'NONE', *, *, #4810, .F. ) ;
#2763 = DIRECTION ( 'NONE',  ( 0.7071067811865479058, 0.000000000000000000, 0.7071067811865470176 ) ) ;
#2764 = VERTEX_POINT ( 'NONE', #395 ) ;
#2765 = CARTESIAN_POINT ( 'NONE',  ( 114.6000000000000227, -60.67999999999999972, 12.50000000000000000 ) ) ;
#2766 = FACE_OUTER_BOUND ( 'NONE', #1381, .T. ) ;
#2767 = CARTESIAN_POINT ( 'NONE',  ( 112.6033342597740443, -147.3699994899999979, 4.500000000000000888 ) ) ;
#2768 = CARTESIAN_POINT ( 'NONE',  ( 120.5999999999999943, -153.5699994899999865, -6.500000000000002665 ) ) ;
#2769 = ORIENTED_EDGE ( 'NONE', *, *, #6179, .F. ) ;
#2770 = EDGE_CURVE ( 'NONE', #5139, #5381, #3389, .T. ) ;
#2771 = LINE ( 'NONE', #323, #7308 ) ;
#2772 = DIRECTION ( 'NONE',  ( -0.000000000000000000, -0.000000000000000000, -1.000000000000000000 ) ) ;
#2773 = ORIENTED_EDGE ( 'NONE', *, *, #169, .F. ) ;
#2774 = CIRCLE ( 'NONE', #1323, 12.00000000000000355 ) ;
#2775 = ORIENTED_EDGE ( 'NONE', *, *, #129, .T. ) ;
#2776 = DIRECTION ( 'NONE',  ( 0.000000000000000000, 0.000000000000000000, 1.000000000000000000 ) ) ;
#2777 = DIRECTION ( 'NONE',  ( 0.000000000000000000, 0.000000000000000000, 1.000000000000000000 ) ) ;
#2778 = VECTOR ( 'NONE', #4830, 1000.000000000000000 ) ;
#2779 = AXIS2_PLACEMENT_3D ( 'NONE', #3639, #4281, #2538 ) ;
#2780 = VERTEX_POINT ( 'NONE', #4412 ) ;
#2781 = EDGE_CURVE ( 'NONE', #3386, #814, #964, .T. ) ;
#2782 = DIRECTION ( 'NONE',  ( 0.000000000000000000, 0.000000000000000000, -1.000000000000000000 ) ) ;
#2783 = AXIS2_PLACEMENT_3D ( 'NONE', #704, #4721, #5395 ) ;
#2784 = CARTESIAN_POINT ( 'NONE',  ( 108.3499998649999867, -149.5699994899999865, 2.000000000000001776 ) ) ;
#2785 = CARTESIAN_POINT ( 'NONE',  ( 108.1499998649999981, -142.6699994900000092, 0.000000000000000000 ) ) ;
#2786 = EDGE_CURVE ( 'NONE', #3054, #4696, #2567, .T. ) ;
#2787 = DIRECTION ( 'NONE',  ( 0.000000000000000000, 0.000000000000000000, 1.000000000000000000 ) ) ;
#2788 = ORIENTED_EDGE ( 'NONE', *, *, #4123, .T. ) ;
#2789 = ORIENTED_EDGE ( 'NONE', *, *, #1041, .F. ) ;
#2790 = CIRCLE ( 'NONE', #4599, 2.000000000000001776 ) ;
#2791 = FACE_OUTER_BOUND ( 'NONE', #1495, .T. ) ;
#2792 = ORIENTED_EDGE ( 'NONE', *, *, #1572, .T. ) ;
#2793 = ORIENTED_EDGE ( 'NONE', *, *, #6251, .F. ) ;
#2794 = CARTESIAN_POINT ( 'NONE',  ( 58.89999999999999147, -82.30500000000000682, -0.1400000000000001799 ) ) ;
#2795 = CARTESIAN_POINT ( 'NONE',  ( 122.5999999999999943, -73.02008939199919269, -4.991933044633728223 ) ) ;
#2796 = CARTESIAN_POINT ( 'NONE',  ( 62.89999999999999858, -147.3699994899999979, 4.500000000000000888 ) ) ;
#2797 = ORIENTED_EDGE ( 'NONE', *, *, #4924, .T. ) ;
#2798 = ORIENTED_EDGE ( 'NONE', *, *, #4175, .T. ) ;
#2799 = AXIS2_PLACEMENT_3D ( 'NONE', #4041, #6451, #6348 ) ;
#2800 = DIRECTION ( 'NONE',  ( 0.000000000000000000, 0.000000000000000000, 1.000000000000000000 ) ) ;
#2801 = CIRCLE ( 'NONE', #3760, 2.000000000000001776 ) ;
#2802 = DIRECTION ( 'NONE',  ( -0.000000000000000000, -0.000000000000000000, -1.000000000000000000 ) ) ;
#2803 = ORIENTED_EDGE ( 'NONE', *, *, #6665, .F. ) ;
#2804 = DIRECTION ( 'NONE',  ( 0.000000000000000000, 0.000000000000000000, -1.000000000000000000 ) ) ;
#2805 = TOROIDAL_SURFACE ( 'NONE', #4243, 4.950000000000001066, 0.2000000000000000111 ) ;
#2806 = DIRECTION ( 'NONE',  ( 0.000000000000000000, 0.000000000000000000, 1.000000000000000000 ) ) ;
#2807 = FACE_OUTER_BOUND ( 'NONE', #1770, .T. ) ;
#2808 = CARTESIAN_POINT ( 'NONE',  ( 58.82727741046080894, -87.62677683403229878, -1.678454334639727596 ) ) ;
#2809 = AXIS2_PLACEMENT_3D ( 'NONE', #5810, #5854, #1836 ) ;
#2810 = CARTESIAN_POINT ( 'NONE',  ( 60.89999999999999858, -62.67999999999999972, 2.500000000000000444 ) ) ;
#2811 = EDGE_CURVE ( 'NONE', #378, #53, #3847, .T. ) ;
#2812 = ORIENTED_EDGE ( 'NONE', *, *, #2947, .T. ) ;
#2813 = VECTOR ( 'NONE', #69, 1000.000000000000000 ) ;
#2814 = CARTESIAN_POINT ( 'NONE',  ( 0.000000000000000000, -151.0699994899999865, 4.500000000000002665 ) ) ;
#2815 = DIRECTION ( 'NONE',  ( -1.000000000000000000, 0.000000000000000000, 0.000000000000000000 ) ) ;
#2816 = ORIENTED_EDGE ( 'NONE', *, *, #5885, .T. ) ;
#2817 = EDGE_CURVE ( 'NONE', #6279, #1402, #3238, .T. ) ;
#2818 = VERTEX_POINT ( 'NONE', #888 ) ;
#2819 = AXIS2_PLACEMENT_3D ( 'NONE', #416, #4517, #2696 ) ;
#2820 = DIRECTION ( 'NONE',  ( -1.000000000000000000, 0.000000000000000000, 0.000000000000000000 ) ) ;
#2821 = DIRECTION ( 'NONE',  ( 0.000000000000000000, -1.000000000000000000, 0.000000000000000000 ) ) ;
#2822 = AXIS2_PLACEMENT_3D ( 'NONE', #1111, #91, #2426 ) ;
#2823 = VERTEX_POINT ( 'NONE', #4373 ) ;
#2824 = CIRCLE ( 'NONE', #4260, 2.000000000000001776 ) ;
#2825 = AXIS2_PLACEMENT_3D ( 'NONE', #2542, #4846, #4284 ) ;
#2826 = DIRECTION ( 'NONE',  ( 0.000000000000000000, -0.000000000000000000, 1.000000000000000000 ) ) ;
#2827 = AXIS2_PLACEMENT_3D ( 'NONE', #5983, #3717, #3749 ) ;
#2828 = DIRECTION ( 'NONE',  ( -1.000000000000000000, 0.000000000000000000, 0.000000000000000000 ) ) ;
#2829 = CARTESIAN_POINT ( 'NONE',  ( 114.8060289013477870, -147.4342503625866527, 5.611121002484457776 ) ) ;
#2830 = DIRECTION ( 'NONE',  ( -1.000000000000000000, -3.194334880715847085E-16, 0.000000000000000000 ) ) ;
#2831 = EDGE_LOOP ( 'NONE', ( #2397, #3975, #2864, #2048 ) ) ;
#2832 = VERTEX_POINT ( 'NONE', #3706 ) ;
#2833 = AXIS2_PLACEMENT_3D ( 'NONE', #5215, #1813, #4030 ) ;
#2834 = CARTESIAN_POINT ( 'NONE',  ( 61.89999999999999858, -91.80499999999997840, 5.060000000000001386 ) ) ;
#2835 = EDGE_LOOP ( 'NONE', ( #6761, #5360, #2983, #7203 ) ) ;
#2836 = ORIENTED_EDGE ( 'NONE', *, *, #1152, .F. ) ;
#2837 = DIRECTION ( 'NONE',  ( 1.000000000000000000, 0.000000000000000000, 0.000000000000000000 ) ) ;
#2838 = DIRECTION ( 'NONE',  ( -0.000000000000000000, -0.000000000000000000, -1.000000000000000000 ) ) ;
#2839 = CIRCLE ( 'NONE', #2822, 2.000000000000001776 ) ;
#2840 = AXIS2_PLACEMENT_3D ( 'NONE', #4681, #4112, #156 ) ;
#2841 = EDGE_LOOP ( 'NONE', ( #1379, #4597, #6444, #4803 ) ) ;
#2842 = VERTEX_POINT ( 'NONE', #4867 ) ;
#2843 = DIRECTION ( 'NONE',  ( 0.000000000000000000, 0.000000000000000000, 1.000000000000000000 ) ) ;
#2844 = EDGE_CURVE ( 'NONE', #1115, #1191, #6726, .T. ) ;
#2845 = FACE_OUTER_BOUND ( 'NONE', #3662, .T. ) ;
#2846 = ORIENTED_EDGE ( 'NONE', *, *, #2549, .T. ) ;
#2847 = ADVANCED_FACE ( 'NONE', ( #6582 ), #2421, .F. ) ;
#2848 = CARTESIAN_POINT ( 'NONE',  ( 118.6000000000000085, -147.5699994899999865, 6.500000000000001776 ) ) ;
#2849 = CYLINDRICAL_SURFACE ( 'NONE', #6526, 2.000000000000001776 ) ;
#2850 = CIRCLE ( 'NONE', #547, 3.250000000000002665 ) ;
#2851 = FILL_AREA_STYLE_COLOUR ( '', #6690 ) ;
#2852 = CARTESIAN_POINT ( 'NONE',  ( 120.5999999999999801, -147.3699994899999979, 4.500000000000000888 ) ) ;
#2853 = CARTESIAN_POINT ( 'NONE',  ( 108.1499998649999981, -142.6699994900000092, 0.000000000000000000 ) ) ;
#2854 = VERTEX_POINT ( 'NONE', #6687 ) ;
#2855 = B_SPLINE_CURVE_WITH_KNOTS ( 'NONE', 3,
 ( #5054, #4011, #7333, #3440, #555, #6323 ),
 .UNSPECIFIED., .F., .F.,
 ( 4, 2, 4 ),
 ( 0.000000000000000000, 0.002027369263869110375, 0.004054738527738220751 ),
 .UNSPECIFIED. ) ;
#2856 = CARTESIAN_POINT ( 'NONE',  ( 124.6000000000000085, -126.1249997450000251, -1.000000000000000000 ) ) ;
#2857 = CARTESIAN_POINT ( 'NONE',  ( 55.90000000000000568, -117.4503239585512802, -4.000000000000000000 ) ) ;
#2858 = ORIENTED_EDGE ( 'NONE', *, *, #3034, .T. ) ;
#2859 = EDGE_CURVE ( 'NONE', #6792, #3403, #308, .T. ) ;
#2860 = ORIENTED_EDGE ( 'NONE', *, *, #2549, .F. ) ;
#2861 = CIRCLE ( 'NONE', #7081, 0.4000000000000001887 ) ;
#2862 = LINE ( 'NONE', #3000, #3929 ) ;
#2863 = DIRECTION ( 'NONE',  ( 0.000000000000000000, -1.000000000000000000, 0.000000000000000000 ) ) ;
#2864 = ORIENTED_EDGE ( 'NONE', *, *, #2811, .T. ) ;
#2865 = DIRECTION ( 'NONE',  ( -1.000000000000000000, 0.000000000000000000, 0.000000000000000000 ) ) ;
#2866 = LINE ( 'NONE', #5161, #5936 ) ;
#2867 = DIRECTION ( 'NONE',  ( 0.000000000000000000, 0.000000000000000000, -1.000000000000000000 ) ) ;
#2868 = LINE ( 'NONE', #4008, #6340 ) ;
#2869 = ORIENTED_EDGE ( 'NONE', *, *, #4523, .T. ) ;
#2870 = EDGE_CURVE ( 'NONE', #1908, #4128, #1816, .T. ) ;
#2871 = DIRECTION ( 'NONE',  ( -0.000000000000000000, -0.000000000000000000, 1.000000000000000000 ) ) ;
#2872 = ORIENTED_EDGE ( 'NONE', *, *, #1024, .F. ) ;
#2873 = CARTESIAN_POINT ( 'NONE',  ( 62.89999999999999858, -60.67999999999999972, 13.50000000000000178 ) ) ;
#2874 = EDGE_LOOP ( 'NONE', ( #5595, #7424 ) ) ;
#2875 = ORIENTED_EDGE ( 'NONE', *, *, #1004, .F. ) ;
#2876 = DIRECTION ( 'NONE',  ( 0.000000000000000000, 0.000000000000000000, -1.000000000000000000 ) ) ;
#2877 = VERTEX_POINT ( 'NONE', #3738 ) ;
#2878 = CARTESIAN_POINT ( 'NONE',  ( 108.1499998649999839, -150.8699994899999979, 2.000000000000001776 ) ) ;
#2879 = EDGE_CURVE ( 'NONE', #1673, #5292, #1336, .T. ) ;
#2880 = FACE_OUTER_BOUND ( 'NONE', #2285, .T. ) ;
#2881 = CARTESIAN_POINT ( 'NONE',  ( 122.5999999999999801, -149.5699994899999865, 12.50000000000000000 ) ) ;
#2882 = DIRECTION ( 'NONE',  ( 0.000000000000000000, 0.000000000000000000, 1.000000000000000000 ) ) ;
#2883 = LINE ( 'NONE', #1185, #3949 ) ;
#2884 = EDGE_CURVE ( 'NONE', #6867, #788, #5306, .T. ) ;
#2885 = EDGE_LOOP ( 'NONE', ( #1667, #5927, #1418, #1878, #3974, #5028, #1541, #5282 ) ) ;
#2886 = DIRECTION ( 'NONE',  ( -0.000000000000000000, -0.000000000000000000, 1.000000000000000000 ) ) ;
#2887 = CARTESIAN_POINT ( 'NONE',  ( 58.90000000000000568, -126.1249997450000251, -1.000000000000000000 ) ) ;
#2888 = ORIENTED_EDGE ( 'NONE', *, *, #2375, .T. ) ;
#2889 = ORIENTED_EDGE ( 'NONE', *, *, #6689, .F. ) ;
#2890 = DIRECTION ( 'NONE',  ( -1.000000000000000000, -0.000000000000000000, 0.000000000000000000 ) ) ;
#2891 = FACE_OUTER_BOUND ( 'NONE', #7046, .T. ) ;
#2892 = VERTEX_POINT ( 'NONE', #277 ) ;
#2893 = ADVANCED_FACE ( 'NONE', ( #2674 ), #235, .F. ) ;
#2894 = DIRECTION ( 'NONE',  ( 1.000000000000000000, 1.387778780781445202E-14, 0.000000000000000000 ) ) ;
#2895 = PLANE ( 'NONE',  #1117 ) ;
#2896 = EDGE_CURVE ( 'NONE', #4162, #3733, #3143, .T. ) ;
#2897 = CIRCLE ( 'NONE', #3013, 12.50000000000001066 ) ;
#2898 = VECTOR ( 'NONE', #5551, 1000.000000000000000 ) ;
#2899 = EDGE_CURVE ( 'NONE', #963, #5344, #2790, .T. ) ;
#2900 = EDGE_CURVE ( 'NONE', #5437, #1255, #4612, .T. ) ;
#2901 = CARTESIAN_POINT ( 'NONE',  ( 125.1751275110846962, -89.81619314873803717, -2.783478253746134001 ) ) ;
#2902 = AXIS2_PLACEMENT_3D ( 'NONE', #7272, #6216, #2040 ) ;
#2903 = ORIENTED_EDGE ( 'NONE', *, *, #1256, .T. ) ;
#2904 = AXIS2_PLACEMENT_3D ( 'NONE', #6388, #73, #4047 ) ;
#2905 = CARTESIAN_POINT ( 'NONE',  ( 101.1499998649999981, -142.6699994900000092, -2.000000000000000000 ) ) ;
#2906 = ADVANCED_FACE ( 'NONE', ( #5665 ), #6325, .F. ) ;
#2907 = DIRECTION ( 'NONE',  ( -0.000000000000000000, -0.000000000000000000, 1.000000000000000000 ) ) ;
#2908 = AXIS2_PLACEMENT_3D ( 'NONE', #5136, #7491, #7375 ) ;
#2909 = ORIENTED_EDGE ( 'NONE', *, *, #2859, .F. ) ;
#2910 = VERTEX_POINT ( 'NONE', #2794 ) ;
#2911 = FACE_OUTER_BOUND ( 'NONE', #5217, .T. ) ;
#2912 = DIRECTION ( 'NONE',  ( -0.000000000000000000, -0.000000000000000000, -1.000000000000000000 ) ) ;
#2913 = VERTEX_POINT ( 'NONE', #6810 ) ;
#2914 = CARTESIAN_POINT ( 'NONE',  ( 108.1499998649999839, -150.8699994899999979, 4.300000000000001599 ) ) ;
#2915 = DIRECTION ( 'NONE',  ( -0.000000000000000000, -0.000000000000000000, 1.000000000000000000 ) ) ;
#2916 = CARTESIAN_POINT ( 'NONE',  ( 120.6000000000000085, -147.3699994899999979, 2.500000000000000444 ) ) ;
#2917 = APPLICATION_CONTEXT ( 'automotive_design' ) ;
#2918 = CARTESIAN_POINT ( 'NONE',  ( 62.90000000000001279, -149.3699994899999979, 2.500000000000000444 ) ) ;
#2919 = VERTEX_POINT ( 'NONE', #1058 ) ;
#2920 = ADVANCED_FACE ( 'NONE', ( #2269 ), #1446, .T. ) ;
#2921 = CIRCLE ( 'NONE', #1829, 4.000000000000000000 ) ;
#2922 = CARTESIAN_POINT ( 'NONE',  ( 136.7500000000000284, -98.12499974499999666, -4.000000000000000000 ) ) ;
#2923 = VECTOR ( 'NONE', #4153, 1000.000000000000000 ) ;
#2924 = DIRECTION ( 'NONE',  ( 0.000000000000000000, 0.000000000000000000, -1.000000000000000000 ) ) ;
#2925 = EDGE_LOOP ( 'NONE', ( #15, #3286, #1072, #6514 ) ) ;
#2926 = EDGE_CURVE ( 'NONE', #158, #5155, #7458, .T. ) ;
#2927 = EDGE_LOOP ( 'NONE', ( #7034, #6539, #5578, #6031 ) ) ;
#2928 = CIRCLE ( 'NONE', #3332, 0.5000000000000004441 ) ;
#2929 = CIRCLE ( 'NONE', #498, 2.000000000000001776 ) ;
#2930 = FACE_OUTER_BOUND ( 'NONE', #1840, .T. ) ;
#2931 = CIRCLE ( 'NONE', #3534, 4.000000000000003553 ) ;
#2932 = DIRECTION ( 'NONE',  ( 1.000000000000000000, 0.000000000000000000, 0.000000000000000000 ) ) ;
#2933 = VERTEX_POINT ( 'NONE', #2301 ) ;
#2934 = CARTESIAN_POINT ( 'NONE',  ( 75.64999986500001228, -151.6699994900000092, 2.000000000000001776 ) ) ;
#2935 = AXIS2_PLACEMENT_3D ( 'NONE', #3636, #4277, #246 ) ;
#2936 = DIRECTION ( 'NONE',  ( -0.000000000000000000, -0.000000000000000000, -1.000000000000000000 ) ) ;
#2937 = ADVANCED_FACE ( 'NONE', ( #2228, #6886, #557 ), #1628, .F. ) ;
#2938 = CARTESIAN_POINT ( 'NONE',  ( 65.34999999999999432, -74.57500000000000284, -0.3500000000000152434 ) ) ;
#2939 = CARTESIAN_POINT ( 'NONE',  ( 70.89666574022598411, -149.3699994899999979, 12.50000000000000000 ) ) ;
#2940 = AXIS2_PLACEMENT_3D ( 'NONE', #6097, #2623, #908 ) ;
#2941 = VECTOR ( 'NONE', #4283, 1000.000000000000000 ) ;
#2942 = CARTESIAN_POINT ( 'NONE',  ( 125.5667136768825998, -91.37346105941543328, -3.237506646863579807 ) ) ;
#2943 = CARTESIAN_POINT ( 'NONE',  ( 75.64999986500001228, -150.6699994899999808, 2.000000000000001776 ) ) ;
#2944 = CARTESIAN_POINT ( 'NONE',  ( 64.90000000000003411, -68.68000000000000682, 12.50000000000000000 ) ) ;
#2945 = EDGE_CURVE ( 'NONE', #3724, #1825, #3442, .T. ) ;
#2946 = TOROIDAL_SURFACE ( 'NONE', #5349, 2.000000000000003553, 2.000000000000000000 ) ;
#2947 = EDGE_CURVE ( 'NONE', #3678, #2913, #3262, .T. ) ;
#2948 = ORIENTED_EDGE ( 'NONE', *, *, #1947, .F. ) ;
#2949 = VERTEX_POINT ( 'NONE', #3980 ) ;
#2950 = VECTOR ( 'NONE', #5066, 1000.000000000000000 ) ;
#2951 = CIRCLE ( 'NONE', #6218, 0.1999999999999996503 ) ;
#2952 = DIRECTION ( 'NONE',  ( -0.000000000000000000, 0.000000000000000000, -1.000000000000000000 ) ) ;
#2953 = CARTESIAN_POINT ( 'NONE',  ( 116.0000000000000000, -74.57500000000000284, -5.000000000000000000 ) ) ;
#2954 = ORIENTED_EDGE ( 'NONE', *, *, #5593, .T. ) ;
#2955 = CARTESIAN_POINT ( 'NONE',  ( 67.24999999999997158, -147.5699994899999865, 12.50000000000000000 ) ) ;
#2956 = VECTOR ( 'NONE', #3339, 1000.000000000000000 ) ;
#2957 = CIRCLE ( 'NONE', #7183, 2.000000000000001776 ) ;
#2958 = DIRECTION ( 'NONE',  ( 1.000000000000000000, 0.000000000000000000, -0.000000000000000000 ) ) ;
#2959 = AXIS2_PLACEMENT_3D ( 'NONE', #4920, #3258, #2128 ) ;
#2960 = AXIS2_PLACEMENT_3D ( 'NONE', #3166, #278, #4935 ) ;
#2961 = CARTESIAN_POINT ( 'NONE',  ( 124.5999999999999943, -86.12499974499991140, -1.000000000000000000 ) ) ;
#2962 = ORIENTED_EDGE ( 'NONE', *, *, #4644, .F. ) ;
#2963 = DIRECTION ( 'NONE',  ( 0.000000000000000000, 0.000000000000000000, 1.000000000000000000 ) ) ;
#2964 = CARTESIAN_POINT ( 'NONE',  ( 58.20055701119294156, -122.0696285320751997, -2.942635367590290318 ) ) ;
#2965 = AXIS2_PLACEMENT_3D ( 'NONE', #5047, #1084, #684 ) ;
#2966 = ORIENTED_EDGE ( 'NONE', *, *, #2713, .F. ) ;
#2967 = ORIENTED_EDGE ( 'NONE', *, *, #2380, .T. ) ;
#2968 = CARTESIAN_POINT ( 'NONE',  ( 136.7500000000000284, -106.1249997449999967, -4.000000000000000000 ) ) ;
#2969 = AXIS2_PLACEMENT_3D ( 'NONE', #1484, #3225, #5383 ) ;
#2970 = PLANE ( 'NONE',  #983 ) ;
#2971 = ORIENTED_EDGE ( 'NONE', *, *, #7296, .F. ) ;
#2972 = CARTESIAN_POINT ( 'NONE',  ( 46.89999999999990621, -98.62499974499999666, -6.500000000000000888 ) ) ;
#2973 = AXIS2_PLACEMENT_3D ( 'NONE', #4662, #5723, #6902 ) ;
#2974 = CARTESIAN_POINT ( 'NONE',  ( 120.5999999999999943, -98.62499974499999666, -7.000000000000000000 ) ) ;
#2975 = DIRECTION ( 'NONE',  ( 1.000000000000000000, 0.000000000000000000, -0.000000000000000000 ) ) ;
#2976 = EDGE_CURVE ( 'NONE', #5089, #4626, #102, .T. ) ;
#2977 = DIRECTION ( 'NONE',  ( 0.000000000000000000, -1.000000000000000000, 0.000000000000000000 ) ) ;
#2978 = EDGE_CURVE ( 'NONE', #7465, #3178, #4228, .T. ) ;
#2979 = CARTESIAN_POINT ( 'NONE',  ( 124.5999999999999943, -86.12499974499999666, -1.000000000000000000 ) ) ;
#2980 = LINE ( 'NONE', #5811, #1575 ) ;
#2981 = LINE ( 'NONE', #2409, #3931 ) ;
#2982 = ORIENTED_EDGE ( 'NONE', *, *, #1979, .T. ) ;
#2983 = ORIENTED_EDGE ( 'NONE', *, *, #379, .F. ) ;
#2984 = EDGE_CURVE ( 'NONE', #1392, #6632, #1739, .T. ) ;
#2985 = DIRECTION ( 'NONE',  ( -0.000000000000000000, 1.000000000000000000, 0.000000000000000000 ) ) ;
#2986 = DIRECTION ( 'NONE',  ( -1.000000000000000000, 0.000000000000000000, 0.000000000000000000 ) ) ;
#2987 = EDGE_LOOP ( 'NONE', ( #5171, #1313, #5299, #4842 ) ) ;
#2988 = DIRECTION ( 'NONE',  ( 0.000000000000000000, 0.000000000000000000, -1.000000000000000000 ) ) ;
#2989 = CARTESIAN_POINT ( 'NONE',  ( 60.90000000000000568, -91.80499999999997840, 1.860000000000000764 ) ) ;
#2990 = DIRECTION ( 'NONE',  ( -1.000000000000000000, 0.000000000000000000, 0.000000000000000000 ) ) ;
#2991 = FACE_OUTER_BOUND ( 'NONE', #5173, .T. ) ;
#2992 = ORIENTED_EDGE ( 'NONE', *, *, #5472, .F. ) ;
#2993 = EDGE_CURVE ( 'NONE', #3101, #6699, #3628, .T. ) ;
#2994 = CARTESIAN_POINT ( 'NONE',  ( 136.5999999999999943, -113.6249997450000109, -4.500000000000000888 ) ) ;
#2995 = CARTESIAN_POINT ( 'NONE',  ( 57.41102645498769874, -120.2850549723389406, -3.640115811313473504 ) ) ;
#2996 = ORIENTED_EDGE ( 'NONE', *, *, #4118, .F. ) ;
#2997 = ORIENTED_EDGE ( 'NONE', *, *, #5049, .T. ) ;
#2998 = CARTESIAN_POINT ( 'NONE',  ( 78.14999986499999807, -148.5699994899999865, 22.36000001000000381 ) ) ;
#2999 = DIRECTION ( 'NONE',  ( 0.000000000000000000, 0.000000000000000000, 1.000000000000000000 ) ) ;
#3000 = CARTESIAN_POINT ( 'NONE',  ( 62.89999999999999858, -60.67999999999999972, -5.000000000000000888 ) ) ;
#3001 = CARTESIAN_POINT ( 'NONE',  ( 82.89999986499999807, -153.5699994899999865, 4.710000010000001680 ) ) ;
#3002 = LINE ( 'NONE', #1269, #3768 ) ;
#3003 = CARTESIAN_POINT ( 'NONE',  ( 125.0850734784192611, -122.3863807042004339, -2.645440914128328824 ) ) ;
#3004 = CARTESIAN_POINT ( 'NONE',  ( 58.89584969858897523, -125.7608366855935458, -1.200725803446549333 ) ) ;
#3005 = CARTESIAN_POINT ( 'NONE',  ( 136.7500000000000284, -106.1249997449999967, -4.500000000000000888 ) ) ;
#3006 = CARTESIAN_POINT ( 'NONE',  ( 60.89999999999999858, -62.67999999999999972, 13.50000000000000178 ) ) ;
#3007 = EDGE_CURVE ( 'NONE', #1728, #5542, #5548, .T. ) ;
#3008 = CARTESIAN_POINT ( 'NONE',  ( 116.0000000000000000, -74.57500000000000284, -2.000000000000000000 ) ) ;
#3009 = VECTOR ( 'NONE', #2077, 1000.000000000000000 ) ;
#3010 = ADVANCED_FACE ( 'NONE', ( #4649 ), #112, .T. ) ;
#3011 = CARTESIAN_POINT ( 'NONE',  ( 116.0000000000000000, -74.57500000000000284, -0.3500000000000152434 ) ) ;
#3012 = DIRECTION ( 'NONE',  ( -1.000000000000000000, -0.000000000000000000, -0.000000000000000000 ) ) ;
#3013 = AXIS2_PLACEMENT_3D ( 'NONE', #1777, #2385, #563 ) ;
#3014 = EDGE_LOOP ( 'NONE', ( #1221, #2860, #1304, #5836 ) ) ;
#3015 = ORIENTED_EDGE ( 'NONE', *, *, #3619, .T. ) ;
#3016 = CARTESIAN_POINT ( 'NONE',  ( 58.90000000000000568, -126.1249997450000819, -1.000000000000000000 ) ) ;
#3017 = CYLINDRICAL_SURFACE ( 'NONE', #7251, 12.00000000000000355 ) ;
#3018 = ORIENTED_EDGE ( 'NONE', *, *, #6929, .F. ) ;
#3019 = CARTESIAN_POINT ( 'NONE',  ( 60.89999999999999858, -82.30500000000000682, 7.060000000000000497 ) ) ;
#3020 = CARTESIAN_POINT ( 'NONE',  ( 126.8952905438504644, -93.19503302839925141, -4.330598190320018581 ) ) ;
#3021 = VECTOR ( 'NONE', #2146, 1000.000000000000000 ) ;
#3022 = ADVANCED_FACE ( 'NONE', ( #5920 ), #5194, .F. ) ;
#3023 = CYLINDRICAL_SURFACE ( 'NONE', #6343, 4.000000000000003553 ) ;
#3024 = CYLINDRICAL_SURFACE ( 'NONE', #6715, 2.000000000000001776 ) ;
#3025 = ORIENTED_EDGE ( 'NONE', *, *, #4775, .T. ) ;
#3026 = VECTOR ( 'NONE', #673, 1000.000000000000000 ) ;
#3027 = CARTESIAN_POINT ( 'NONE',  ( 60.89999999999999858, -62.67999999999999972, -0.1400000000000012346 ) ) ;
#3028 = CARTESIAN_POINT ( 'NONE',  ( 58.62283773558522171, -123.5328223584738225, -2.277815935580293605 ) ) ;
#3029 = VERTEX_POINT ( 'NONE', #663 ) ;
#3030 = ORIENTED_EDGE ( 'NONE', *, *, #6613, .T. ) ;
#3031 = CARTESIAN_POINT ( 'NONE',  ( 58.89999999999999858, -86.12499974499989719, -1.000000000000000000 ) ) ;
#3032 = CARTESIAN_POINT ( 'NONE',  ( 46.90000000000001279, -126.1249997450000251, -7.000000000000000000 ) ) ;
#3033 = CARTESIAN_POINT ( 'NONE',  ( 58.22745438281377517, -90.10397068385756825, -3.112121179641992530 ) ) ;
#3034 = EDGE_CURVE ( 'NONE', #7473, #7505, #7135, .T. ) ;
#3035 = CARTESIAN_POINT ( 'NONE',  ( 122.6000000000000085, -143.5699994899999865, 2.500000000000000444 ) ) ;
#3036 = AXIS2_PLACEMENT_3D ( 'NONE', #2116, #5635, #2071 ) ;
#3037 = EDGE_CURVE ( 'NONE', #172, #3464, #2980, .T. ) ;
#3038 = DIRECTION ( 'NONE',  ( 0.000000000000000000, 0.000000000000000000, 1.000000000000000000 ) ) ;
#3039 = AXIS2_PLACEMENT_3D ( 'NONE', #759, #5486, #4778 ) ;
#3040 = DIRECTION ( 'NONE',  ( 0.000000000000000000, 0.000000000000000000, 1.000000000000000000 ) ) ;
#3041 = VECTOR ( 'NONE', #1274, 1000.000000000000000 ) ;
#3042 = CARTESIAN_POINT ( 'NONE',  ( 58.63569449232110742, -123.5937134200141685, -2.375866870602417524 ) ) ;
#3043 = ORIENTED_EDGE ( 'NONE', *, *, #698, .T. ) ;
#3044 = DIRECTION ( 'NONE',  ( 0.000000000000000000, 1.000000000000000000, -1.226860353075706564E-16 ) ) ;
#3045 = CIRCLE ( 'NONE', #5452, 2.000000000000000000 ) ;
#3046 = DIRECTION ( 'NONE',  ( -0.000000000000000000, -0.000000000000000000, 1.000000000000000000 ) ) ;
#3047 = AXIS2_PLACEMENT_3D ( 'NONE', #5987, #5950, #799 ) ;
#3048 = LINE ( 'NONE', #693, #3530 ) ;
#3049 = DIRECTION ( 'NONE',  ( 0.000000000000000000, 0.000000000000000000, 1.000000000000000000 ) ) ;
#3050 = CARTESIAN_POINT ( 'NONE',  ( 105.7999998649999753, -142.6699994900000092, 0.000000000000000000 ) ) ;
#3051 = VECTOR ( 'NONE', #6653, 1000.000000000000000 ) ;
#3052 = CARTESIAN_POINT ( 'NONE',  ( 114.5513039089448597, -149.3699994899999695, 6.228831079765521750 ) ) ;
#3053 = ORIENTED_EDGE ( 'NONE', *, *, #5430, .F. ) ;
#3054 = VERTEX_POINT ( 'NONE', #2446 ) ;
#3055 = DIRECTION ( 'NONE',  ( 0.000000000000000000, 0.000000000000000000, -1.000000000000000000 ) ) ;
#3056 = CARTESIAN_POINT ( 'NONE',  ( 59.39999999999999147, -62.67999999999999972, -6.500000000000002665 ) ) ;
#3057 = ORIENTED_EDGE ( 'NONE', *, *, #4371, .F. ) ;
#3058 = CARTESIAN_POINT ( 'NONE',  ( 62.89999999999999858, -66.68000000000000682, 6.500000000000000888 ) ) ;
#3059 = CARTESIAN_POINT ( 'NONE',  ( 124.6825052121342736, -87.57594102028947702, -1.796558992038995495 ) ) ;
#3060 = CIRCLE ( 'NONE', #389, 2.000000000000001776 ) ;
#3061 = DIRECTION ( 'NONE',  ( 1.000000000000000000, 0.000000000000000000, 0.000000000000000000 ) ) ;
#3062 = VECTOR ( 'NONE', #3689, 1000.000000000000114 ) ;
#3063 = EDGE_LOOP ( 'NONE', ( #6947, #2139, #4593, #4344 ) ) ;
#3064 = DIRECTION ( 'NONE',  ( 0.000000000000000000, 1.000000000000000000, 0.000000000000000000 ) ) ;
#3065 = EDGE_CURVE ( 'NONE', #6279, #1601, #6187, .T. ) ;
#3066 = AXIS2_PLACEMENT_3D ( 'NONE', #890, #3205, #5507 ) ;
#3067 = FACE_OUTER_BOUND ( 'NONE', #1607, .T. ) ;
#3068 = ORIENTED_EDGE ( 'NONE', *, *, #5661, .T. ) ;
#3069 = ORIENTED_EDGE ( 'NONE', *, *, #4994, .T. ) ;
#3070 = DIRECTION ( 'NONE',  ( -1.000000000000000000, 0.000000000000000000, 0.000000000000000000 ) ) ;
#3071 = CARTESIAN_POINT ( 'NONE',  ( 140.0000000000000284, -106.1249997449999967, -4.000000000000000000 ) ) ;
#3072 = CARTESIAN_POINT ( 'NONE',  ( 55.80080018747097625, -94.18210758849814113, -4.030100042365861057 ) ) ;
#3073 = DIRECTION ( 'NONE',  ( 0.000000000000000000, 0.000000000000000000, -1.000000000000000000 ) ) ;
#3074 = AXIS2_PLACEMENT_3D ( 'NONE', #5118, #493, #6175 ) ;
#3075 = EDGE_CURVE ( 'NONE', #5210, #3345, #6530, .T. ) ;
#3076 = VERTEX_POINT ( 'NONE', #1201 ) ;
#3077 = CARTESIAN_POINT ( 'NONE',  ( 55.54000000000000625, -117.7973109900092368, -4.500000000000000888 ) ) ;
#3078 = ORIENTED_EDGE ( 'NONE', *, *, #1306, .F. ) ;
#3079 = CYLINDRICAL_SURFACE ( 'NONE', #6430, 2.000000000000000000 ) ;
#3080 = DIRECTION ( 'NONE',  ( 0.000000000000000000, 0.000000000000000000, 1.000000000000000000 ) ) ;
#3081 = CARTESIAN_POINT ( 'NONE',  ( 122.5982837505447520, -147.4528369954478535, 13.50000000000000178 ) ) ;
#3082 = DIRECTION ( 'NONE',  ( 0.000000000000000000, 0.000000000000000000, 1.000000000000000000 ) ) ;
#3083 = DIRECTION ( 'NONE',  ( 0.000000000000000000, 0.000000000000000000, 1.000000000000000000 ) ) ;
#3084 = CARTESIAN_POINT ( 'NONE',  ( 113.5915368756696608, -149.3699994899999979, 3.855194566219815488 ) ) ;
#3085 = EDGE_LOOP ( 'NONE', ( #5731, #6884, #6762, #4152 ) ) ;
#3086 = ORIENTED_EDGE ( 'NONE', *, *, #3144, .F. ) ;
#3087 = ADVANCED_FACE ( 'NONE', ( #3511 ), #3585, .F. ) ;
#3088 = CARTESIAN_POINT ( 'NONE',  ( 56.86319243158951053, -118.7802726788549705, -3.850764690438893911 ) ) ;
#3089 = CARTESIAN_POINT ( 'NONE',  ( 116.2499999999999858, -64.68000000000000682, 12.50000000000000000 ) ) ;
#3090 = ORIENTED_EDGE ( 'NONE', *, *, #5330, .T. ) ;
#3091 = CARTESIAN_POINT ( 'NONE',  ( 62.89999999999999858, -64.68000000000000682, 12.14999999999998082 ) ) ;
#3092 = CARTESIAN_POINT ( 'NONE',  ( 136.7500000000000284, -98.62499974499999666, -4.500000000000000888 ) ) ;
#3093 = DIRECTION ( 'NONE',  ( 1.000000000000000000, 0.000000000000000000, 0.000000000000000000 ) ) ;
#3094 = ORIENTED_EDGE ( 'NONE', *, *, #2662, .T. ) ;
#3095 = VERTEX_POINT ( 'NONE', #7067 ) ;
#3096 = CARTESIAN_POINT ( 'NONE',  ( 105.6499998649999981, -149.5699994899999865, 13.50000000000000178 ) ) ;
#3097 = ADVANCED_FACE ( 'NONE', ( #5274 ), #731, .F. ) ;
#3098 = LINE ( 'NONE', #6513, #5714 ) ;
#3099 = EDGE_CURVE ( 'NONE', #4507, #6697, #4485, .T. ) ;
#3100 = VERTEX_POINT ( 'NONE', #6962 ) ;
#3101 = VERTEX_POINT ( 'NONE', #155 ) ;
#3102 = CARTESIAN_POINT ( 'NONE',  ( 58.63569102735832672, -88.65630200783577664, -2.375875262879076910 ) ) ;
#3103 = ADVANCED_FACE ( 'NONE', ( #76 ), #4023, .F. ) ;
#3104 = CARTESIAN_POINT ( 'NONE',  ( 136.5999999999999943, -126.1249997450000251, -4.500000000000000888 ) ) ;
#3105 = DIRECTION ( 'NONE',  ( -0.000000000000000000, -0.000000000000000000, -1.000000000000000000 ) ) ;
#3106 = CARTESIAN_POINT ( 'NONE',  ( 115.1499998649999981, -142.6699994900000092, -5.000000000000000000 ) ) ;
#3107 = CARTESIAN_POINT ( 'NONE',  ( 110.1773133582714053, -149.3699994899999979, -5.000000000000000000 ) ) ;
#3108 = VERTEX_POINT ( 'NONE', #4147 ) ;
#3109 = DIRECTION ( 'NONE',  ( -1.000000000000000000, 0.000000000000000000, 0.000000000000000000 ) ) ;
#3110 = VERTEX_POINT ( 'NONE', #2378 ) ;
#3111 = CARTESIAN_POINT ( 'NONE',  ( 108.1499998649999839, -151.0699994899999865, 4.500000000000002665 ) ) ;
#3112 = EDGE_CURVE ( 'NONE', #6851, #4401, #3881, .T. ) ;
#3113 = ADVANCED_FACE ( 'NONE', ( #3655 ), #1771, .F. ) ;
#3114 = DIRECTION ( 'NONE',  ( 0.000000000000000000, 1.000000000000000000, -0.000000000000000000 ) ) ;
#3115 = CARTESIAN_POINT ( 'NONE',  ( 68.75045735253881674, -149.3699994899999979, 5.584552578862439276 ) ) ;
#3116 = CYLINDRICAL_SURFACE ( 'NONE', #891, 0.1999999999999996503 ) ;
#3117 = CARTESIAN_POINT ( 'NONE',  ( 114.6444300742526821, -149.3699994900000263, 5.834829687199097670 ) ) ;
#3118 = EDGE_CURVE ( 'NONE', #5584, #6453, #2437, .T. ) ;
#3119 = ORIENTED_EDGE ( 'NONE', *, *, #5559, .T. ) ;
#3120 = EDGE_LOOP ( 'NONE', ( #2107, #6332 ) ) ;
#3121 = CARTESIAN_POINT ( 'NONE',  ( 43.50000000000003553, -106.1249997449999967, -4.000000000000000000 ) ) ;
#3122 = EDGE_CURVE ( 'NONE', #4236, #2832, #2921, .T. ) ;
#3123 = CARTESIAN_POINT ( 'NONE',  ( 46.90000000000001279, -126.1249997450000251, -4.000000000000000000 ) ) ;
#3124 = VECTOR ( 'NONE', #4551, 1000.000000000000000 ) ;
#3125 = ORIENTED_EDGE ( 'NONE', *, *, #5472, .T. ) ;
#3126 = DIRECTION ( 'NONE',  ( 1.000000000000000000, 0.000000000000000000, 0.000000000000000000 ) ) ;
#3127 = DIRECTION ( 'NONE',  ( 0.000000000000000000, 0.000000000000000000, 1.000000000000000000 ) ) ;
#3128 = DIRECTION ( 'NONE',  ( 0.000000000000000000, 0.000000000000000000, 1.000000000000000000 ) ) ;
#3129 = CIRCLE ( 'NONE', #6636, 2.000000000000000000 ) ;
#3130 = CIRCLE ( 'NONE', #2408, 2.000000000000015543 ) ;
#3131 = ORIENTED_EDGE ( 'NONE', *, *, #2411, .T. ) ;
#3132 = VERTEX_POINT ( 'NONE', #2054 ) ;
#3133 = DIRECTION ( 'NONE',  ( 0.000000000000000000, 0.000000000000000000, 1.000000000000000000 ) ) ;
#3134 =( GEOMETRIC_REPRESENTATION_CONTEXT ( 3 ) GLOBAL_UNCERTAINTY_ASSIGNED_CONTEXT ( ( #2710 ) ) GLOBAL_UNIT_ASSIGNED_CONTEXT ( ( #1881, #4190, #7106 ) ) REPRESENTATION_CONTEXT ( 'NONE', 'WORKASPACE' ) );
#3135 = LINE ( 'NONE', #858, #7280 ) ;
#3136 = ORIENTED_EDGE ( 'NONE', *, *, #5945, .T. ) ;
#3137 = ORIENTED_EDGE ( 'NONE', *, *, #1658, .T. ) ;
#3138 = DIRECTION ( 'NONE',  ( 0.000000000000000000, 0.000000000000000000, 1.000000000000000000 ) ) ;
#3139 = CARTESIAN_POINT ( 'NONE',  ( 60.90000000000001279, -141.5699994899999865, 12.50000000000000000 ) ) ;
#3140 = LINE ( 'NONE', #5442, #5461 ) ;
#3141 = EDGE_CURVE ( 'NONE', #6278, #5096, #6052, .T. ) ;
#3142 = DIRECTION ( 'NONE',  ( 0.000000000000000000, 0.000000000000000000, 1.000000000000000000 ) ) ;
#3143 = CIRCLE ( 'NONE', #6775, 7.000000000000006217 ) ;
#3144 = EDGE_CURVE ( 'NONE', #6618, #5652, #984, .T. ) ;
#3145 = DIRECTION ( 'NONE',  ( 0.000000000000000000, 1.000000000000000000, -0.000000000000000000 ) ) ;
#3146 = CARTESIAN_POINT ( 'NONE',  ( 75.64999986500001228, -151.2699994900000036, 4.500000000000002665 ) ) ;
#3147 = ORIENTED_EDGE ( 'NONE', *, *, #838, .T. ) ;
#3148 = CARTESIAN_POINT ( 'NONE',  ( 68.47211421989835856, -149.3699994899999979, 12.50000000000000000 ) ) ;
#3149 = AXIS2_PLACEMENT_3D ( 'NONE', #1694, #3390, #1126 ) ;
#3150 = EDGE_CURVE ( 'NONE', #6253, #2780, #4727, .T. ) ;
#3151 = ADVANCED_FACE ( 'NONE', ( #5458 ), #311, .F. ) ;
#3152 = AXIS2_PLACEMENT_3D ( 'NONE', #1808, #525, #5781 ) ;
#3153 = CARTESIAN_POINT ( 'NONE',  ( 112.1499998649999981, -142.6699994900000092, -2.000000000000000000 ) ) ;
#3154 = CARTESIAN_POINT ( 'NONE',  ( 68.14628079645819980, -149.3699994899999695, 4.864893357252773498 ) ) ;
#3155 = CARTESIAN_POINT ( 'NONE',  ( 60.90000000000000568, -93.80499999999999261, 13.50000000000000178 ) ) ;
#3156 = CIRCLE ( 'NONE', #620, 3.250000000000002665 ) ;
#3157 = CARTESIAN_POINT ( 'NONE',  ( 120.5999999999999801, -62.67999999999999972, 13.50000000000000178 ) ) ;
#3158 = AXIS2_PLACEMENT_3D ( 'NONE', #2632, #390, #2671 ) ;
#3159 = ORIENTED_EDGE ( 'NONE', *, *, #572, .F. ) ;
#3160 = ORIENTED_EDGE ( 'NONE', *, *, #6689, .T. ) ;
#3161 = CARTESIAN_POINT ( 'NONE',  ( 118.6000000000000512, -143.5699994900000149, 12.50000000000000000 ) ) ;
#3162 = CARTESIAN_POINT ( 'NONE',  ( 110.1499998649999981, -142.6699994900000092, -6.000000000000000000 ) ) ;
#3163 = ORIENTED_EDGE ( 'NONE', *, *, #4105, .F. ) ;
#3164 = CARTESIAN_POINT ( 'NONE',  ( 55.90000000000000568, -117.4503239585512802, -4.500000000000000888 ) ) ;
#3165 = AXIS2_PLACEMENT_3D ( 'NONE', #3495, #7045, #1854 ) ;
#3166 = CARTESIAN_POINT ( 'NONE',  ( 116.0000000000000000, -74.57500000000000284, -6.000000000000000000 ) ) ;
#3167 = AXIS2_PLACEMENT_3D ( 'NONE', #1619, #4406, #6144 ) ;
#3168 = DIRECTION ( 'NONE',  ( 0.000000000000000000, -0.000000000000000000, -1.000000000000000000 ) ) ;
#3169 = EDGE_CURVE ( 'NONE', #2021, #3101, #4125, .T. ) ;
#3170 = ORIENTED_EDGE ( 'NONE', *, *, #7386, .F. ) ;
#3171 = ORIENTED_EDGE ( 'NONE', *, *, #4654, .F. ) ;
#3172 = VECTOR ( 'NONE', #1940, 1000.000000000000000 ) ;
#3173 = FACE_OUTER_BOUND ( 'NONE', #5610, .T. ) ;
#3174 = AXIS2_PLACEMENT_3D ( 'NONE', #3750, #6049, #864 ) ;
#3175 = CYLINDRICAL_SURFACE ( 'NONE', #5952, 11.99999999999999645 ) ;
#3176 = EDGE_LOOP ( 'NONE', ( #743, #748, #667, #4663, #2223, #7396, #6746, #3823, #7373, #2858, #3979, #2685, #433, #5082, #3324, #7417, #2639, #5746, #419, #5246, #6777 ) ) ;
#3177 = CIRCLE ( 'NONE', #2452, 0.5000000000000004441 ) ;
#3178 = VERTEX_POINT ( 'NONE', #4045 ) ;
#3179 = LINE ( 'NONE', #2765, #3379 ) ;
#3180 = DIRECTION ( 'NONE',  ( 0.000000000000000000, -1.000000000000000000, 0.000000000000000000 ) ) ;
#3181 = DIRECTION ( 'NONE',  ( 1.000000000000000000, 0.000000000000000000, 0.000000000000000000 ) ) ;
#3182 = FACE_OUTER_BOUND ( 'NONE', #6907, .T. ) ;
#3183 = AXIS2_PLACEMENT_3D ( 'NONE', #6509, #5897, #4802 ) ;
#3184 = DIRECTION ( 'NONE',  ( 0.000000000000000000, 0.000000000000000000, 1.000000000000000000 ) ) ;
#3185 = FACE_OUTER_BOUND ( 'NONE', #3207, .T. ) ;
#3186 = ORIENTED_EDGE ( 'NONE', *, *, #4611, .F. ) ;
#3187 = VECTOR ( 'NONE', #2002, 1000.000000000000000 ) ;
#3188 = CARTESIAN_POINT ( 'NONE',  ( 75.64999986499999807, -142.6699994900000092, 0.000000000000000000 ) ) ;
#3189 = AXIS2_PLACEMENT_3D ( 'NONE', #6155, #6117, #3283 ) ;
#3190 = DIRECTION ( 'NONE',  ( 0.000000000000000000, 0.000000000000000000, -1.000000000000000000 ) ) ;
#3191 = EDGE_CURVE ( 'NONE', #7505, #1317, #4601, .T. ) ;
#3192 = AXIS2_PLACEMENT_3D ( 'NONE', #5459, #6719, #6106 ) ;
#3193 = CARTESIAN_POINT ( 'NONE',  ( 67.15347961212546579, -149.3699994899999979, 2.500000002200458038 ) ) ;
#3194 = DIRECTION ( 'NONE',  ( 0.000000000000000000, 0.000000000000000000, 1.000000000000000000 ) ) ;
#3195 = CIRCLE ( 'NONE', #7447, 2.000000000000001776 ) ;
#3196 = EDGE_CURVE ( 'NONE', #3471, #2491, #1002, .T. ) ;
#3197 = CARTESIAN_POINT ( 'NONE',  ( 62.89999999999999858, -62.67999999999999972, 2.500000000000000444 ) ) ;
#3198 = ORIENTED_EDGE ( 'NONE', *, *, #6328, .T. ) ;
#3199 = ORIENTED_EDGE ( 'NONE', *, *, #1092, .T. ) ;
#3200 = CYLINDRICAL_SURFACE ( 'NONE', #5212, 3.999999999999989786 ) ;
#3201 = ORIENTED_EDGE ( 'NONE', *, *, #5197, .F. ) ;
#3202 = VECTOR ( 'NONE', #2693, 1000.000000000000000 ) ;
#3203 = FACE_OUTER_BOUND ( 'NONE', #1748, .T. ) ;
#3204 = CARTESIAN_POINT ( 'NONE',  ( 136.6000000000000796, -98.62499974499999666, -4.500000000000000888 ) ) ;
#3205 = DIRECTION ( 'NONE',  ( -0.000000000000000000, -0.000000000000000000, -1.000000000000000000 ) ) ;
#3206 = ADVANCED_FACE ( 'NONE', ( #4439 ), #7449, .F. ) ;
#3207 = EDGE_LOOP ( 'NONE', ( #1913, #1820, #3859, #1900 ) ) ;
#3208 = ORIENTED_EDGE ( 'NONE', *, *, #5544, .T. ) ;
#3209 = DIRECTION ( 'NONE',  ( 0.000000000000000000, 0.000000000000000000, 1.000000000000000000 ) ) ;
#3210 = CARTESIAN_POINT ( 'NONE',  ( 75.64999986499999807, -142.6699994900000092, -6.000000000000000000 ) ) ;
#3211 = EDGE_LOOP ( 'NONE', ( #628, #3935 ) ) ;
#3212 = ORIENTED_EDGE ( 'NONE', *, *, #6601, .T. ) ;
#3213 = DIRECTION ( 'NONE',  ( 8.068950408636815886E-17, -1.000000000000000000, 0.000000000000000000 ) ) ;
#3214 = AXIS2_PLACEMENT_3D ( 'NONE', #5491, #6060, #1938 ) ;
#3215 = CARTESIAN_POINT ( 'NONE',  ( 122.5999999999999943, -75.35250276955633808, -4.978440390485285860 ) ) ;
#3216 = FACE_OUTER_BOUND ( 'NONE', #922, .T. ) ;
#3217 = EDGE_CURVE ( 'NONE', #387, #2207, #1944, .T. ) ;
#3218 = DIRECTION ( 'NONE',  ( 1.000000000000000000, 0.000000000000000000, 0.000000000000000000 ) ) ;
#3219 = EDGE_CURVE ( 'NONE', #5973, #2752, #1588, .T. ) ;
#3220 = FACE_OUTER_BOUND ( 'NONE', #4908, .T. ) ;
#3221 = DIRECTION ( 'NONE',  ( 0.000000000000000000, 0.000000000000000000, 1.000000000000000000 ) ) ;
#3222 = DIRECTION ( 'NONE',  ( 1.000000000000000000, 0.000000000000000000, 0.000000000000000000 ) ) ;
#3223 = ORIENTED_EDGE ( 'NONE', *, *, #2658, .F. ) ;
#3224 = FACE_OUTER_BOUND ( 'NONE', #2036, .T. ) ;
#3225 = DIRECTION ( 'NONE',  ( 0.000000000000000000, -1.000000000000000000, -0.000000000000000000 ) ) ;
#3226 = VERTEX_POINT ( 'NONE', #5046 ) ;
#3227 = CARTESIAN_POINT ( 'NONE',  ( 75.44999986500000944, -150.6699994899999808, 30.00000000000000355 ) ) ;
#3228 = CARTESIAN_POINT ( 'NONE',  ( 68.17872234997942371, -149.3699994899999979, 2.702897698560773332 ) ) ;
#3229 = CARTESIAN_POINT ( 'NONE',  ( 75.44999986500000944, -151.6699994900000092, 4.300000000000001599 ) ) ;
#3230 = CARTESIAN_POINT ( 'NONE',  ( 115.9502030882043613, -149.3699994899963315, 4.564662372465321916 ) ) ;
#3231 = EDGE_CURVE ( 'NONE', #4875, #2723, #2929, .T. ) ;
#3232 = ORIENTED_EDGE ( 'NONE', *, *, #3398, .F. ) ;
#3233 = ORIENTED_EDGE ( 'NONE', *, *, #7486, .F. ) ;
#3234 = DIRECTION ( 'NONE',  ( -0.000000000000000000, -0.000000000000000000, -1.000000000000000000 ) ) ;
#3235 = EDGE_CURVE ( 'NONE', #5167, #2133, #4006, .T. ) ;
#3236 = ORIENTED_EDGE ( 'NONE', *, *, #6731, .T. ) ;
#3237 = VERTEX_POINT ( 'NONE', #5128 ) ;
#3238 = LINE ( 'NONE', #5503, #2179 ) ;
#3239 = CARTESIAN_POINT ( 'NONE',  ( 120.5999999999999801, -66.67999999999999261, 4.500000000000000888 ) ) ;
#3240 = DIRECTION ( 'NONE',  ( 1.000000000000000000, 0.000000000000000000, 0.000000000000000000 ) ) ;
#3241 = ORIENTED_EDGE ( 'NONE', *, *, #1436, .T. ) ;
#3242 = ORIENTED_EDGE ( 'NONE', *, *, #5812, .T. ) ;
#3243 = DIRECTION ( 'NONE',  ( 1.000000000000000000, 0.000000000000000000, 0.000000000000000000 ) ) ;
#3244 = DIRECTION ( 'NONE',  ( 0.000000000000000000, 0.000000000000000000, 1.000000000000000000 ) ) ;
#3245 = ORIENTED_EDGE ( 'NONE', *, *, #1859, .F. ) ;
#3246 = EDGE_CURVE ( 'NONE', #2272, #1762, #4699, .T. ) ;
#3247 = CARTESIAN_POINT ( 'NONE',  ( 108.1499998649999839, -151.6699994900000092, 2.000000000000001776 ) ) ;
#3248 = CIRCLE ( 'NONE', #2649, 7.000000000000006217 ) ;
#3249 = ORIENTED_EDGE ( 'NONE', *, *, #6104, .T. ) ;
#3250 = DIRECTION ( 'NONE',  ( 0.000000000000000000, 0.000000000000000000, 1.000000000000000000 ) ) ;
#3251 = AXIS2_PLACEMENT_3D ( 'NONE', #1858, #7086, #5942 ) ;
#3252 = CARTESIAN_POINT ( 'NONE',  ( 118.6000000000000512, -68.67999999999999261, 6.500000000000000888 ) ) ;
#3253 = LINE ( 'NONE', #4990, #2590 ) ;
#3254 = DIRECTION ( 'NONE',  ( 0.000000000000000000, 0.000000000000000000, -1.000000000000000000 ) ) ;
#3255 = CARTESIAN_POINT ( 'NONE',  ( 127.3414159020290697, -117.7633192920210234, -3.999999999999979128 ) ) ;
#3256 = VECTOR ( 'NONE', #1361, 1000.000000000000000 ) ;
#3257 = CYLINDRICAL_SURFACE ( 'NONE', #5455, 4.000000000000003553 ) ;
#3258 = DIRECTION ( 'NONE',  ( 0.000000000000000000, 0.000000000000000000, 1.000000000000000000 ) ) ;
#3259 = ORIENTED_EDGE ( 'NONE', *, *, #1031, .T. ) ;
#3260 = ADVANCED_FACE ( 'NONE', ( #5084, #7327 ), #5007, .F. ) ;
#3261 = CARTESIAN_POINT ( 'NONE',  ( 136.7500000000000284, -113.6249997450000109, -7.000000000000000000 ) ) ;
#3262 = CIRCLE ( 'NONE', #3513, 2.000000000000001776 ) ;
#3263 = LINE ( 'NONE', #1120, #346 ) ;
#3264 = EDGE_CURVE ( 'NONE', #1920, #3724, #5814, .T. ) ;
#3265 = ORIENTED_EDGE ( 'NONE', *, *, #456, .T. ) ;
#3266 = VECTOR ( 'NONE', #2821, 1000.000000000000000 ) ;
#3267 = AXIS2_PLACEMENT_3D ( 'NONE', #565, #5675, #6398 ) ;
#3268 = CIRCLE ( 'NONE', #7516, 2.000000000000001776 ) ;
#3269 = CARTESIAN_POINT ( 'NONE',  ( 68.21509982980995801, -147.4269273249976777, 4.990066575197893428 ) ) ;
#3270 = CARTESIAN_POINT ( 'NONE',  ( 68.48724222013017027, -147.4314167126835855, 5.279716486059429670 ) ) ;
#3271 = DIRECTION ( 'NONE',  ( -1.000000000000000000, 0.000000000000000000, 0.000000000000000000 ) ) ;
#3272 = CYLINDRICAL_SURFACE ( 'NONE', #4506, 0.5000000000000004441 ) ;
#3273 = ORIENTED_EDGE ( 'NONE', *, *, #4257, .F. ) ;
#3274 = ORIENTED_EDGE ( 'NONE', *, *, #7150, .T. ) ;
#3275 = AXIS2_PLACEMENT_3D ( 'NONE', #1587, #6818, #6208 ) ;
#3276 = CARTESIAN_POINT ( 'NONE',  ( 78.14999986499999807, -152.9699994900000206, 13.50000000000000178 ) ) ;
#3277 = DIRECTION ( 'NONE',  ( -0.000000000000000000, -0.000000000000000000, -1.000000000000000000 ) ) ;
#3278 = CIRCLE ( 'NONE', #5934, 4.000000000000003553 ) ;
#3279 = ORIENTED_EDGE ( 'NONE', *, *, #3007, .F. ) ;
#3280 = ORIENTED_EDGE ( 'NONE', *, *, #1767, .F. ) ;
#3281 = LINE ( 'NONE', #6647, #3746 ) ;
#3282 = AXIS2_PLACEMENT_3D ( 'NONE', #4527, #2136, #384 ) ;
#3283 = DIRECTION ( 'NONE',  ( 1.000000000000000000, 0.000000000000000000, 0.000000000000000000 ) ) ;
#3284 = VECTOR ( 'NONE', #4673, 1000.000000000000000 ) ;
#3285 = FACE_OUTER_BOUND ( 'NONE', #4333, .T. ) ;
#3286 = ORIENTED_EDGE ( 'NONE', *, *, #5845, .F. ) ;
#3287 = ORIENTED_EDGE ( 'NONE', *, *, #2429, .F. ) ;
#3288 = DIRECTION ( 'NONE',  ( -0.000000000000000000, -1.000000000000000000, -0.000000000000000000 ) ) ;
#3289 = VECTOR ( 'NONE', #6481, 1000.000000000000000 ) ;
#3290 = CARTESIAN_POINT ( 'NONE',  ( 62.89999999999999858, -62.67999999999999972, 13.50000000000000178 ) ) ;
#3291 = ORIENTED_EDGE ( 'NONE', *, *, #5978, .F. ) ;
#3292 = CARTESIAN_POINT ( 'NONE',  ( 58.90000000000000568, -149.5699994899999865, 13.50000000000000178 ) ) ;
#3293 = ORIENTED_EDGE ( 'NONE', *, *, #7506, .F. ) ;
#3294 = DIRECTION ( 'NONE',  ( 1.000000000000000000, 0.000000000000000000, 0.000000000000000000 ) ) ;
#3295 = DIRECTION ( 'NONE',  ( 0.000000000000000000, 0.000000000000000000, 1.000000000000000000 ) ) ;
#3296 = CARTESIAN_POINT ( 'NONE',  ( 46.75000000000004263, -106.1249997449999967, -4.500000000000000888 ) ) ;
#3297 = AXIS2_PLACEMENT_3D ( 'NONE', #7355, #256, #4320 ) ;
#3298 = VECTOR ( 'NONE', #6138, 1000.000000000000000 ) ;
#3299 = DIRECTION ( 'NONE',  ( -0.000000000000000000, -0.000000000000000000, -1.000000000000000000 ) ) ;
#3300 = EDGE_CURVE ( 'NONE', #7428, #4604, #5088, .T. ) ;
#3301 = ORIENTED_EDGE ( 'NONE', *, *, #5214, .F. ) ;
#3302 = EDGE_CURVE ( 'NONE', #217, #1161, #2801, .T. ) ;
#3303 = PLANE ( 'NONE',  #513 ) ;
#3304 = AXIS2_PLACEMENT_3D ( 'NONE', #2581, #4883, #7205 ) ;
#3305 = CARTESIAN_POINT ( 'NONE',  ( 56.54852219368902411, -118.9794926302425182, -3.954828897047532266 ) ) ;
#3306 = DIRECTION ( 'NONE',  ( 0.000000000000000000, 0.000000000000000000, 1.000000000000000000 ) ) ;
#3307 = ORIENTED_EDGE ( 'NONE', *, *, #103, .F. ) ;
#3308 = DIRECTION ( 'NONE',  ( 0.000000000000000000, 0.000000000000000000, 1.000000000000000000 ) ) ;
#3309 = CARTESIAN_POINT ( 'NONE',  ( 62.90000000000001279, -149.5699994899999865, 13.50000000000000178 ) ) ;
#3310 = ORIENTED_EDGE ( 'NONE', *, *, #2978, .T. ) ;
#3311 = EDGE_CURVE ( 'NONE', #6221, #4933, #2866, .T. ) ;
#3312 = AXIS2_PLACEMENT_3D ( 'NONE', #690, #6352, #4674 ) ;
#3313 = CARTESIAN_POINT ( 'NONE',  ( 66.88997487421325161, -147.3699994899999979, 4.500000000000000888 ) ) ;
#3314 = CARTESIAN_POINT ( 'NONE',  ( 126.6368075684105037, -93.46972681114505122, -3.850764690438895688 ) ) ;
#3315 = DIRECTION ( 'NONE',  ( 0.000000000000000000, -1.000000000000000000, 0.000000000000000000 ) ) ;
#3316 = DIRECTION ( 'NONE',  ( 1.000000000000000000, 0.000000000000000000, 0.000000000000000000 ) ) ;
#3317 = ADVANCED_FACE ( 'NONE', ( #5773 ), #726, .F. ) ;
#3318 = ORIENTED_EDGE ( 'NONE', *, *, #754, .F. ) ;
#3319 = ORIENTED_EDGE ( 'NONE', *, *, #1589, .T. ) ;
#3320 = AXIS2_PLACEMENT_3D ( 'NONE', #7224, #2028, #4450 ) ;
#3321 = DIRECTION ( 'NONE',  ( 1.000000000000000000, 0.000000000000000000, 0.000000000000000000 ) ) ;
#3322 = CARTESIAN_POINT ( 'NONE',  ( 127.9599999999999795, -94.45268849999077077, -4.000000000000000000 ) ) ;
#3323 = ORIENTED_EDGE ( 'NONE', *, *, #6505, .T. ) ;
#3324 = ORIENTED_EDGE ( 'NONE', *, *, #6723, .T. ) ;
#3325 = DIRECTION ( 'NONE',  ( 1.000000000000000000, 0.000000000000000000, 0.000000000000000000 ) ) ;
#3326 = LINE ( 'NONE', #2873, #4651 ) ;
#3327 = FACE_OUTER_BOUND ( 'NONE', #4098, .T. ) ;
#3328 = EDGE_CURVE ( 'NONE', #5221, #5030, #5015, .T. ) ;
#3329 = ORIENTED_EDGE ( 'NONE', *, *, #7334, .T. ) ;
#3330 = EDGE_LOOP ( 'NONE', ( #6045, #1621, #4806, #6833 ) ) ;
#3331 = LINE ( 'NONE', #356, #4958 ) ;
#3332 = AXIS2_PLACEMENT_3D ( 'NONE', #4992, #5517, #985 ) ;
#3333 = CARTESIAN_POINT ( 'NONE',  ( 75.64999986500001228, -151.2699994900000036, 4.300000000000001599 ) ) ;
#3334 = ORIENTED_EDGE ( 'NONE', *, *, #3494, .F. ) ;
#3335 = FACE_OUTER_BOUND ( 'NONE', #1432, .T. ) ;
#3336 = EDGE_LOOP ( 'NONE', ( #2793, #4683, #35 ) ) ;
#3337 = CARTESIAN_POINT ( 'NONE',  ( 120.5999999999999943, -113.6249997450000109, -7.000000000000000000 ) ) ;
#3338 = DIRECTION ( 'NONE',  ( 0.000000000000000000, 0.000000000000000000, -1.000000000000000000 ) ) ;
#3339 = DIRECTION ( 'NONE',  ( -0.000000000000000000, -0.000000000000000000, -1.000000000000000000 ) ) ;
#3340 = FACE_OUTER_BOUND ( 'NONE', #4033, .T. ) ;
#3341 = ORIENTED_EDGE ( 'NONE', *, *, #6487, .T. ) ;
#3342 = EDGE_CURVE ( 'NONE', #605, #5090, #1797, .T. ) ;
#3343 = CARTESIAN_POINT ( 'NONE',  ( 127.4400582466061564, -118.3622030072970261, -4.025161790089353708 ) ) ;
#3344 = CYLINDRICAL_SURFACE ( 'NONE', #865, 2.000000000000001776 ) ;
#3345 = VERTEX_POINT ( 'NONE', #2480 ) ;
#3346 = EDGE_CURVE ( 'NONE', #6654, #1131, #3611, .T. ) ;
#3347 = ORIENTED_EDGE ( 'NONE', *, *, #4952, .F. ) ;
#3348 = FACE_OUTER_BOUND ( 'NONE', #1045, .T. ) ;
#3349 = DIRECTION ( 'NONE',  ( 1.000000000000000000, 0.000000000000000000, 0.000000000000000000 ) ) ;
#3350 = ORIENTED_EDGE ( 'NONE', *, *, #5506, .F. ) ;
#3351 = CARTESIAN_POINT ( 'NONE',  ( 59.39999999999999147, -62.67999999999999972, -6.500000000000002665 ) ) ;
#3352 = CARTESIAN_POINT ( 'NONE',  ( 124.5999999999999943, -86.12499974499991140, -1.000000000000000000 ) ) ;
#3353 = CARTESIAN_POINT ( 'NONE',  ( 114.6022228398491478, -147.4366661566668597, 6.235263104793432376 ) ) ;
#3354 = ORIENTED_EDGE ( 'NONE', *, *, #4504, .T. ) ;
#3355 = ORIENTED_EDGE ( 'NONE', *, *, #6274, .T. ) ;
#3356 = EDGE_CURVE ( 'NONE', #4475, #3940, #6659, .T. ) ;
#3357 = EDGE_LOOP ( 'NONE', ( #484, #2369, #6195, #1324 ) ) ;
#3358 = ORIENTED_EDGE ( 'NONE', *, *, #2640, .F. ) ;
#3359 = CARTESIAN_POINT ( 'NONE',  ( 124.7318656400216810, -124.3135578196387030, -1.992085905263704992 ) ) ;
#3360 = DIRECTION ( 'NONE',  ( -0.000000000000000000, -1.000000000000000000, -0.000000000000000000 ) ) ;
#3361 = ADVANCED_FACE ( 'NONE', ( #4179 ), #6956, .T. ) ;
#3362 = DIRECTION ( 'NONE',  ( 1.597167440357923543E-16, -1.000000000000000000, 0.000000000000000000 ) ) ;
#3363 = ORIENTED_EDGE ( 'NONE', *, *, #4474, .T. ) ;
#3364 = ORIENTED_EDGE ( 'NONE', *, *, #950, .F. ) ;
#3365 = ADVANCED_FACE ( 'NONE', ( #582, #5847 ), #2895, .T. ) ;
#3366 = CYLINDRICAL_SURFACE ( 'NONE', #3036, 0.1999999999999996503 ) ;
#3367 = DIRECTION ( 'NONE',  ( -0.000000000000000000, -0.000000000000000000, -1.000000000000000000 ) ) ;
#3368 = ORIENTED_EDGE ( 'NONE', *, *, #6841, .F. ) ;
#3369 = CARTESIAN_POINT ( 'NONE',  ( 136.5999999999999943, -86.12499974499999666, -4.500000000000000888 ) ) ;
#3370 = CARTESIAN_POINT ( 'NONE',  ( 64.90000000000000568, -147.5699994899999865, 12.50000000000000000 ) ) ;
#3371 = DIRECTION ( 'NONE',  ( 0.000000000000000000, 0.000000000000000000, 1.000000000000000000 ) ) ;
#3372 = CARTESIAN_POINT ( 'NONE',  ( 58.87088364241360239, -87.06491330825954833, -1.425633309006211213 ) ) ;
#3373 = CARTESIAN_POINT ( 'NONE',  ( 115.0278857801016699, -149.3699994899999979, 12.50000000000000000 ) ) ;
#3374 = VERTEX_POINT ( 'NONE', #6495 ) ;
#3375 = CARTESIAN_POINT ( 'NONE',  ( 120.5999999999999801, -62.67999999999999972, -6.500000000000002665 ) ) ;
#3376 = CARTESIAN_POINT ( 'NONE',  ( 55.82960975283831573, -118.0977819055466824, -4.499999993403887011 ) ) ;
#3377 = ORIENTED_EDGE ( 'NONE', *, *, #6859, .T. ) ;
#3378 = B_SPLINE_CURVE_WITH_KNOTS ( 'NONE', 3,
 ( #7091, #1898, #6492, #1302, #3646, #4137, #6455, #5378, #4290, #3003, #180, #2508, #105, #5409, #3723, #4814, #2436, #2546 ),
 .UNSPECIFIED., .F., .F.,
 ( 4, 2, 2, 2, 2, 2, 2, 2, 4 ),
 ( -2.237056687060408786E-05, 0.0005946588942572146900, 0.001211688355385033512, 0.002445747277640598297, 0.003679806199896162866, 0.004913865122151727001, 0.007381982966662869149, 0.008616041888918422875, 0.009850100811173974000 ),
 .UNSPECIFIED. ) ;
#3379 = VECTOR ( 'NONE', #4510, 1000.000000000000000 ) ;
#3380 = VERTEX_POINT ( 'NONE', #2938 ) ;
#3381 = ADVANCED_FACE ( 'NONE', ( #5271 ), #4707, .T. ) ;
#3382 = DIRECTION ( 'NONE',  ( 1.000000000000000000, 0.000000000000000000, 0.000000000000000000 ) ) ;
#3383 = CARTESIAN_POINT ( 'NONE',  ( 120.5999999999999943, -68.67999999999999261, 12.50000000000000000 ) ) ;
#3384 = CIRCLE ( 'NONE', #2044, 3.250000000000002665 ) ;
#3385 = VECTOR ( 'NONE', #5396, 1000.000000000000000 ) ;
#3386 = VERTEX_POINT ( 'NONE', #7022 ) ;
#3387 = EDGE_CURVE ( 'NONE', #3793, #3054, #4106, .T. ) ;
#3388 = CARTESIAN_POINT ( 'NONE',  ( 108.3499998649999867, -149.5699994899999865, 2.000000000000001776 ) ) ;
#3389 = CIRCLE ( 'NONE', #479, 4.000000000000003553 ) ;
#3390 = DIRECTION ( 'NONE',  ( 0.000000000000000000, 0.000000000000000000, 1.000000000000000000 ) ) ;
#3391 =( BOUNDED_SURFACE ( )  B_SPLINE_SURFACE ( 3, 2, ( 
 ( #3421, #3867, #2857 ),
 ( #3376, #1074, #6831 ),
 ( #1557, #4556, #6176 ),
 ( #5685, #3305, #5608 ),
 ( #2736, #6869, #1685 ),
 ( #6303, #2995, #3601 ),
 ( #573, #642, #6906 ),
 ( #93, #2964, #5833 ),
 ( #5181, #6408, #5328 ),
 ( #5289, #3568, #713 ),
 ( #2427, #3028, #6377 ),
 ( #5261, #4732, #4666 ),
 ( #1259, #5873, #7009 ),
 ( #5794, #2394, #2887 ) ),
 .UNSPECIFIED., .F., .F., .F. ) 
 B_SPLINE_SURFACE_WITH_KNOTS ( ( 4, 2, 2, 2, 2, 2, 4 ),
 ( 3, 3 ),
 ( 0.000000000000000000, 0.001285341730795652466, 0.002570683461591304932, 0.005141366923182609863, 0.006426708653978261895, 0.007712050384773914795, 0.01028273384636521973 ),
 ( 0.000000000000000000, 1.000000000000000000 ),
 .UNSPECIFIED. ) 
 GEOMETRIC_REPRESENTATION_ITEM ( )  RATIONAL_B_SPLINE_SURFACE ( (
 ( 1.000000000000000000, 0.7071067811865475727, 1.000000000000000000),
 ( 1.000000000000000000, 0.7290577025034654657, 1.000000000000000000),
 ( 1.000000000000000000, 0.7505785825905679776, 1.000000000000000000),
 ( 1.000000000000000000, 0.7919194839921925855, 1.000000000000000000),
 ( 1.000000000000000000, 0.8118010237540012053, 1.000000000000000000),
 ( 1.000000000000000000, 0.8676773041811299825, 1.000000000000000000),
 ( 1.000000000000000000, 0.8988956252878379516, 1.000000000000000000),
 ( 1.000000000000000000, 0.9367135449040707718, 1.000000000000000000),
 ( 1.000000000000000000, 0.9478460397594261622, 1.000000000000000000),
 ( 1.000000000000000000, 0.9668930349809825575, 1.000000000000000000),
 ( 1.000000000000000000, 0.9747740477493610500, 1.000000000000000000),
 ( 1.000000000000000000, 0.9936768771584609805, 1.000000000000000000),
 ( 1.000000000000000000, 0.9999787447148119623, 1.000000000000000000),
 ( 1.000000000000000000, 1.000000000000000000, 1.000000000000000000) ) ) 
 REPRESENTATION_ITEM ( '' )  SURFACE ( )  );
#3392 = CARTESIAN_POINT ( 'NONE',  ( 115.3876982540337934, -147.4249833929780209, 4.906480442352298077 ) ) ;
#3393 = FACE_OUTER_BOUND ( 'NONE', #4249, .T. ) ;
#3394 = EDGE_CURVE ( 'NONE', #2764, #158, #4141, .T. ) ;
#3395 = ORIENTED_EDGE ( 'NONE', *, *, #5600, .T. ) ;
#3396 = ORIENTED_EDGE ( 'NONE', *, *, #3691, .F. ) ;
#3397 = AXIS2_PLACEMENT_3D ( 'NONE', #3369, #7431, #6895 ) ;
#3398 = EDGE_CURVE ( 'NONE', #2321, #96, #734, .T. ) ;
#3399 = CYLINDRICAL_SURFACE ( 'NONE', #5333, 4.000000000000003553 ) ;
#3400 = ORIENTED_EDGE ( 'NONE', *, *, #5341, .F. ) ;
#3401 = CARTESIAN_POINT ( 'NONE',  ( 125.6773919700520707, -121.0981466033060059, -3.605279502035521055 ) ) ;
#3402 = DIRECTION ( 'NONE',  ( -3.194334880715847085E-16, 1.000000000000000000, -0.000000000000000000 ) ) ;
#3403 = VERTEX_POINT ( 'NONE', #3581 ) ;
#3404 = EDGE_LOOP ( 'NONE', ( #4620, #3954, #1924, #5910 ) ) ;
#3405 = VECTOR ( 'NONE', #212, 1000.000000000000000 ) ;
#3406 = PLANE ( 'NONE',  #4613 ) ;
#3407 = AXIS2_PLACEMENT_3D ( 'NONE', #5346, #5913, #4785 ) ;
#3408 = CYLINDRICAL_SURFACE ( 'NONE', #7122, 3.999999999999976019 ) ;
#3409 = VERTEX_POINT ( 'NONE', #5882 ) ;
#3410 = CARTESIAN_POINT ( 'NONE',  ( 82.89999986499999807, -153.5699994899999865, 4.710000010000001680 ) ) ;
#3411 = AXIS2_PLACEMENT_3D ( 'NONE', #6968, #5207, #1176 ) ;
#3412 = CARTESIAN_POINT ( 'NONE',  ( 82.89999986499999807, -152.7699994900000036, 4.510000009999998838 ) ) ;
#3413 = EDGE_CURVE ( 'NONE', #971, #5980, #1725, .T. ) ;
#3414 = DIRECTION ( 'NONE',  ( -0.000000000000000000, -0.000000000000000000, 1.000000000000000000 ) ) ;
#3415 = CARTESIAN_POINT ( 'NONE',  ( 56.41017407445066567, -94.14789772614585672, -3.965522148177916151 ) ) ;
#3416 = AXIS2_PLACEMENT_3D ( 'NONE', #4146, #3584, #44 ) ;
#3417 = FACE_OUTER_BOUND ( 'NONE', #276, .T. ) ;
#3418 = ORIENTED_EDGE ( 'NONE', *, *, #3726, .F. ) ;
#3419 = AXIS2_PLACEMENT_3D ( 'NONE', #6540, #1356, #231 ) ;
#3420 = CARTESIAN_POINT ( 'NONE',  ( 124.6000000000000085, -125.3624839080927416, -1.345844397749754062 ) ) ;
#3421 = CARTESIAN_POINT ( 'NONE',  ( 55.54000000000000625, -117.7973109900092368, -4.500000000000000888 ) ) ;
#3422 = ORIENTED_EDGE ( 'NONE', *, *, #103, .T. ) ;
#3423 = ORIENTED_EDGE ( 'NONE', *, *, #368, .T. ) ;
#3424 = LINE ( 'NONE', #2287, #5853 ) ;
#3425 = DIRECTION ( 'NONE',  ( 1.597167440357923543E-16, -1.000000000000000000, 0.000000000000000000 ) ) ;
#3426 = EDGE_CURVE ( 'NONE', #5664, #972, #3647, .T. ) ;
#3427 = AXIS2_PLACEMENT_3D ( 'NONE', #5943, #2007, #4240 ) ;
#3428 = ORIENTED_EDGE ( 'NONE', *, *, #2026, .T. ) ;
#3429 = CIRCLE ( 'NONE', #7169, 2.000000000000001776 ) ;
#3430 = DIRECTION ( 'NONE',  ( -0.000000000000000000, -0.000000000000000000, -1.000000000000000000 ) ) ;
#3431 = VECTOR ( 'NONE', #1276, 1000.000000000000000 ) ;
#3432 = VECTOR ( 'NONE', #3338, 1000.000000000000000 ) ;
#3433 = DIRECTION ( 'NONE',  ( 0.000000000000000000, 0.000000000000000000, -1.000000000000000000 ) ) ;
#3434 = DIRECTION ( 'NONE',  ( 1.000000000000000000, -0.000000000000000000, 0.000000000000000000 ) ) ;
#3435 = DIRECTION ( 'NONE',  ( 1.000000000000000000, 0.000000000000000000, 0.000000000000000000 ) ) ;
#3436 = VERTEX_POINT ( 'NONE', #4745 ) ;
#3437 = AXIS2_PLACEMENT_3D ( 'NONE', #1017, #7304, #7377 ) ;
#3438 = EDGE_CURVE ( 'NONE', #4262, #3110, #39, .T. ) ;
#3439 =( BOUNDED_SURFACE ( )  B_SPLINE_SURFACE ( 3, 2, ( 
 ( #5310, #4624, #4064 ),
 ( #6372, #2449, #6501 ),
 ( #1312, #3052, #5354 ),
 ( #6574, #1493, #4365 ),
 ( #1387, #3117, #2600 ),
 ( #4298, #4861, #777 ),
 ( #191, #3805, #5422 ),
 ( #1352, #6029, #4898 ),
 ( #3084, #4968, #3731 ),
 ( #5389, #2020, #6108 ),
 ( #2099, #840, #917 ),
 ( #5529, #228, #2519 ),
 ( #6069, #4824, #7290 ),
 ( #7139, #3230, #6534 ),
 ( #6677, #1417, #339 ),
 ( #2667, #4928, #809 ),
 ( #6641, #1946, #2559 ),
 ( #4261, #3659, #5963 ) ),
 .UNSPECIFIED., .F., .F., .T. ) 
 B_SPLINE_SURFACE_WITH_KNOTS ( ( 4, 2, 2, 2, 2, 2, 2, 2, 4 ),
 ( 3, 3 ),
 ( 0.01473290002320712215, 0.01551622904469278363, 0.01629955806617844338, 0.01708288708766410313, 0.01786621610914976635, 0.01864954513063542957, 0.01943287415212108932, 0.02021620317360674907, 0.02099953219509240882 ),
 ( 0.000000000000000000, 1.000000000000000000 ),
 .UNSPECIFIED. ) 
 GEOMETRIC_REPRESENTATION_ITEM ( )  RATIONAL_B_SPLINE_SURFACE ( (
 ( 1.000000000000000000, 0.7187952884282595711, 1.000000000000000000),
 ( 1.000000000000000000, 0.7187954588219254148, 1.000000000000000000),
 ( 1.000000000000000000, 0.7187705132307929956, 1.000000000000000000),
 ( 1.000000000000000000, 0.7186687259099725500, 1.000000000000000000),
 ( 1.000000000000000000, 0.7185926144027400264, 1.000000000000000000),
 ( 1.000000000000000000, 0.7183777152419862366, 1.000000000000000000),
 ( 1.000000000000000000, 0.7182375802019319577, 1.000000000000000000),
 ( 1.000000000000000000, 0.7178802485366612141, 1.000000000000000000),
 ( 1.000000000000000000, 0.7176628088080231338, 1.000000000000000000),
 ( 1.000000000000000000, 0.7171028284577930512, 1.000000000000000000),
 ( 1.000000000000000000, 0.7167698415719109262, 1.000000000000000000),
 ( 1.000000000000000000, 0.7159220569215000163, 1.000000000000000000),
 ( 1.000000000000000000, 0.7154048054424581027, 1.000000000000000000),
 ( 1.000000000000000000, 0.7140398431116595779, 1.000000000000000000),
 ( 1.000000000000000000, 0.7132115858129763897, 1.000000000000000000),
 ( 1.000000000000000000, 0.7108900358728964530, 1.000000000000000000),
 ( 1.000000000000000000, 0.7093911502802756619, 1.000000000000000000),
 ( 1.000000000000000000, 0.7071067811865475727, 1.000000000000000000) ) ) 
 REPRESENTATION_ITEM ( '' )  SURFACE ( )  );
#3440 = CARTESIAN_POINT ( 'NONE',  ( 107.4741915196663058, -149.3699994899999695, -4.984962311319857342 ) ) ;
#3441 = VERTEX_POINT ( 'NONE', #2374 ) ;
#3442 = LINE ( 'NONE', #5747, #2050 ) ;
#3443 = ADVANCED_FACE ( 'NONE', ( #4675, #6989 ), #5382, .T. ) ;
#3444 = CARTESIAN_POINT ( 'NONE',  ( 77.94999986499999522, -152.9699994900000206, 13.50000000000000178 ) ) ;
#3445 = VECTOR ( 'NONE', #2694, 1000.000000000000000 ) ;
#3446 = CIRCLE ( 'NONE', #4057, 4.000000000000003553 ) ;
#3447 = ORIENTED_EDGE ( 'NONE', *, *, #970, .F. ) ;
#3448 = ORIENTED_EDGE ( 'NONE', *, *, #1256, .F. ) ;
#3449 = LINE ( 'NONE', #3555, #2670 ) ;
#3450 = CARTESIAN_POINT ( 'NONE',  ( 62.89999999999999858, -68.68000000000000682, 4.500000000000000888 ) ) ;
#3451 = ORIENTED_EDGE ( 'NONE', *, *, #5290, .F. ) ;
#3452 = FACE_OUTER_BOUND ( 'NONE', #2025, .T. ) ;
#3453 = DIRECTION ( 'NONE',  ( 1.000000000000000000, 0.000000000000000000, 0.000000000000000000 ) ) ;
#3454 = AXIS2_PLACEMENT_3D ( 'NONE', #6028, #953, #4440 ) ;
#3455 =( LENGTH_UNIT ( ) NAMED_UNIT ( * ) SI_UNIT ( .MILLI., .METRE. ) );
#3456 = EDGE_CURVE ( 'NONE', #2630, #4246, #1466, .T. ) ;
#3457 = DIRECTION ( 'NONE',  ( 1.000000000000000000, 0.000000000000000000, 0.000000000000000000 ) ) ;
#3458 = DIRECTION ( 'NONE',  ( -0.000000000000000000, -0.000000000000000000, 1.000000000000000000 ) ) ;
#3459 = VERTEX_POINT ( 'NONE', #3650 ) ;
#3460 = PLANE ( 'NONE',  #2591 ) ;
#3461 = ADVANCED_FACE ( 'NONE', ( #7128 ), #3079, .T. ) ;
#3462 = LINE ( 'NONE', #5764, #3900 ) ;
#3463 = EDGE_LOOP ( 'NONE', ( #1021, #1012, #5663, #5314 ) ) ;
#3464 = VERTEX_POINT ( 'NONE', #1009 ) ;
#3465 = AXIS2_PLACEMENT_3D ( 'NONE', #944, #6181, #6788 ) ;
#3466 = EDGE_CURVE ( 'NONE', #6642, #1056, #2855, .T. ) ;
#3467 = AXIS2_PLACEMENT_3D ( 'NONE', #146, #71, #4780 ) ;
#3468 = CARTESIAN_POINT ( 'NONE',  ( 120.5999999999999943, -152.7699994900000036, 13.50000000000000178 ) ) ;
#3469 = EDGE_CURVE ( 'NONE', #4716, #4058, #5448, .T. ) ;
#3470 = CARTESIAN_POINT ( 'NONE',  ( 124.6000000000000085, -126.1249997450001104, -1.000000000000000000 ) ) ;
#3471 = VERTEX_POINT ( 'NONE', #1133 ) ;
#3472 = DIRECTION ( 'NONE',  ( -0.000000000000000000, -0.000000000000000000, -1.000000000000000000 ) ) ;
#3473 = LINE ( 'NONE', #4077, #3922 ) ;
#3474 = CARTESIAN_POINT ( 'NONE',  ( 75.44999986500000944, -149.5699994899999865, 2.000000000000001776 ) ) ;
#3475 = CARTESIAN_POINT ( 'NONE',  ( 61.89999999999999858, -82.30500000000000682, 7.059999999999999609 ) ) ;
#3476 = VERTEX_POINT ( 'NONE', #2181 ) ;
#3477 = CARTESIAN_POINT ( 'NONE',  ( 125.6827193185461908, -91.16352260694694110, -3.610424420702270876 ) ) ;
#3478 = ORIENTED_EDGE ( 'NONE', *, *, #5800, .F. ) ;
#3479 = CARTESIAN_POINT ( 'NONE',  ( 126.8952930692957608, -119.0549630553693135, -4.330599014471760988 ) ) ;
#3480 = DIRECTION ( 'NONE',  ( 1.000000000000000000, 0.000000000000000000, 0.000000000000000000 ) ) ;
#3481 = EDGE_CURVE ( 'NONE', #1411, #5644, #6759, .T. ) ;
#3482 = EDGE_LOOP ( 'NONE', ( #4329, #4921, #4278, #3883 ) ) ;
#3483 = ORIENTED_EDGE ( 'NONE', *, *, #2257, .T. ) ;
#3484 =( BOUNDED_SURFACE ( )  B_SPLINE_SURFACE ( 3, 2, ( 
 ( #2248, #2650, #4555 ),
 ( #3255, #7276, #6743 ),
 ( #5645, #3343, #2082 ),
 ( #371, #6706, #4996 ),
 ( #5075, #452, #7394 ),
 ( #5684, #4515, #6830 ),
 ( #1519, #7317, #2126 ),
 ( #6945, #2318, #4035 ),
 ( #640, #6375, #60 ),
 ( #602, #1785, #4126 ),
 ( #4629, #5219, #3566 ),
 ( #3493, #4692, #1754 ),
 ( #3420, #6441, #5792 ),
 ( #2856, #4094, #7474 ) ),
 .UNSPECIFIED., .F., .F., .F. ) 
 B_SPLINE_SURFACE_WITH_KNOTS ( ( 4, 2, 2, 2, 2, 2, 4 ),
 ( 3, 3 ),
 ( 0.000000000000000000, 0.001285341730795595220, 0.002570683461591190440, 0.005141366923182380880, 0.006426708653977975666, 0.007712050384773571320, 0.01028273384636476176 ),
 ( 0.000000000000000000, 1.000000000000000000 ),
 .UNSPECIFIED. ) 
 GEOMETRIC_REPRESENTATION_ITEM ( )  RATIONAL_B_SPLINE_SURFACE ( (
 ( 1.000000000000000000, 0.7071067811865616726, 1.000000000000000000),
 ( 1.000000000000000000, 0.7290577025039468584, 1.000000000000000000),
 ( 1.000000000000000000, 0.7505785825899814467, 1.000000000000000000),
 ( 1.000000000000000000, 0.7919194839927935492, 1.000000000000000000),
 ( 1.000000000000000000, 0.8118010237555001174, 1.000000000000000000),
 ( 1.000000000000000000, 0.8676773041781864482, 1.000000000000000000),
 ( 1.000000000000000000, 0.8988956252902614574, 1.000000000000000000),
 ( 1.000000000000000000, 0.9367135449028570759, 1.000000000000000000),
 ( 1.000000000000000000, 0.9478460397607927357, 1.000000000000000000),
 ( 1.000000000000000000, 0.9668930349796215351, 1.000000000000000000),
 ( 1.000000000000000000, 0.9747740477495244749, 1.000000000000000000),
 ( 1.000000000000000000, 0.9936768771581410142, 1.000000000000000000),
 ( 1.000000000000000000, 0.9999787447150516595, 1.000000000000000000),
 ( 1.000000000000000000, 1.000000000000000000, 1.000000000000000000) ) ) 
 REPRESENTATION_ITEM ( '' )  SURFACE ( )  );
#3485 = ADVANCED_FACE ( 'NONE', ( #5016 ), #1054, .F. ) ;
#3486 = FACE_OUTER_BOUND ( 'NONE', #2687, .T. ) ;
#3487 = DIRECTION ( 'NONE',  ( -0.7071067811865545671, 8.659560562355019140E-17, 0.7071067811865405783 ) ) ;
#3488 = EDGE_LOOP ( 'NONE', ( #2797, #2655, #6153, #4328 ) ) ;
#3489 = DIRECTION ( 'NONE',  ( 0.000000000000000000, 0.000000000000000000, 1.000000000000000000 ) ) ;
#3490 = PLANE ( 'NONE',  #5070 ) ;
#3491 = CARTESIAN_POINT ( 'NONE',  ( 62.90000000000001279, -153.5699994899999865, 13.50000000000000178 ) ) ;
#3492 = ORIENTED_EDGE ( 'NONE', *, *, #3394, .T. ) ;
#3493 = CARTESIAN_POINT ( 'NONE',  ( 124.6590580787082274, -124.6075922549791670, -1.688331266640125339 ) ) ;
#3494 = EDGE_CURVE ( 'NONE', #6147, #5096, #4495, .T. ) ;
#3495 = CARTESIAN_POINT ( 'NONE',  ( 108.1499998649999839, -150.6699994899999808, 2.000000000000001776 ) ) ;
#3496 = ORIENTED_EDGE ( 'NONE', *, *, #1855, .T. ) ;
#3497 = VERTEX_POINT ( 'NONE', #4051 ) ;
#3498 = DIRECTION ( 'NONE',  ( -1.000000000000000000, 0.000000000000000000, 0.000000000000000000 ) ) ;
#3499 = ORIENTED_EDGE ( 'NONE', *, *, #5900, .T. ) ;
#3500 = CARTESIAN_POINT ( 'NONE',  ( 65.34999999999999432, -74.57500000000000284, -6.000000000000000000 ) ) ;
#3501 = EDGE_CURVE ( 'NONE', #5480, #4939, #3156, .T. ) ;
#3502 = TOROIDAL_SURFACE ( 'NONE', #2523, 12.50000000000000355, 0.5000000000000000000 ) ;
#3503 = DIRECTION ( 'NONE',  ( -1.000000000000000000, 0.000000000000000000, -0.000000000000000000 ) ) ;
#3504 = DIRECTION ( 'NONE',  ( -0.000000000000000000, -0.000000000000000000, -1.000000000000000000 ) ) ;
#3505 = CIRCLE ( 'NONE', #2410, 0.1999999999999996503 ) ;
#3506 = ADVANCED_FACE ( 'NONE', ( #2791 ), #3399, .T. ) ;
#3507 = VECTOR ( 'NONE', #1148, 1000.000000000000000 ) ;
#3508 = DIRECTION ( 'NONE',  ( 0.000000000000000000, 0.000000000000000000, 1.000000000000000000 ) ) ;
#3509 = LINE ( 'NONE', #5240, #5707 ) ;
#3510 = AXIS2_PLACEMENT_3D ( 'NONE', #1732, #3046, #4142 ) ;
#3511 = FACE_OUTER_BOUND ( 'NONE', #6086, .T. ) ;
#3512 = CARTESIAN_POINT ( 'NONE',  ( 112.6000000000000227, -62.67999999999999972, 6.500000000000000888 ) ) ;
#3513 = AXIS2_PLACEMENT_3D ( 'NONE', #1581, #6202, #3325 ) ;
#3514 = ORIENTED_EDGE ( 'NONE', *, *, #6022, .T. ) ;
#3515 = VERTEX_POINT ( 'NONE', #1623 ) ;
#3516 = DIRECTION ( 'NONE',  ( -3.194334880715847085E-16, 1.000000000000000000, 0.000000000000000000 ) ) ;
#3517 = CARTESIAN_POINT ( 'NONE',  ( 116.6000000000000085, -147.5699994899999865, 12.15000000000002700 ) ) ;
#3518 = VERTEX_POINT ( 'NONE', #5745 ) ;
#3519 = CARTESIAN_POINT ( 'NONE',  ( 120.5999999999999943, -149.5699994899999865, 13.50000000000000178 ) ) ;
#3520 = CARTESIAN_POINT ( 'NONE',  ( 120.6000000000000085, -147.3699994899999979, -5.000000000000000888 ) ) ;
#3521 = DIRECTION ( 'NONE',  ( -3.194334880715847085E-16, 1.000000000000000000, 0.000000000000000000 ) ) ;
#3522 = CARTESIAN_POINT ( 'NONE',  ( 108.1499998649999839, -151.0699994899999865, 4.300000000000001599 ) ) ;
#3523 = VERTEX_POINT ( 'NONE', #1091 ) ;
#3524 = AXIS2_PLACEMENT_3D ( 'NONE', #3971, #3878, #1660 ) ;
#3525 = FACE_OUTER_BOUND ( 'NONE', #3482, .T. ) ;
#3526 = AXIS2_PLACEMENT_3D ( 'NONE', #1709, #1143, #1674 ) ;
#3527 = CARTESIAN_POINT ( 'NONE',  ( 120.5999999999999943, -149.5699994899999865, -5.000000000000000000 ) ) ;
#3528 = ORIENTED_EDGE ( 'NONE', *, *, #6998, .F. ) ;
#3529 = ORIENTED_EDGE ( 'NONE', *, *, #4831, .T. ) ;
#3530 = VECTOR ( 'NONE', #1904, 1000.000000000000114 ) ;
#3531 = ADVANCED_FACE ( 'NONE', ( #514 ), #2143, .F. ) ;
#3532 = FACE_OUTER_BOUND ( 'NONE', #5674, .T. ) ;
#3533 = AXIS2_PLACEMENT_3D ( 'NONE', #2399, #7015, #6873 ) ;
#3534 = AXIS2_PLACEMENT_3D ( 'NONE', #7255, #7370, #2060 ) ;
#3535 = CARTESIAN_POINT ( 'NONE',  ( 77.64999986499999807, -142.6699994900000092, -6.000000000000000000 ) ) ;
#3536 = ORIENTED_EDGE ( 'NONE', *, *, #3800, .T. ) ;
#3537 = FACE_OUTER_BOUND ( 'NONE', #2874, .T. ) ;
#3538 = AXIS2_PLACEMENT_3D ( 'NONE', #216, #4352, #295 ) ;
#3539 = DIRECTION ( 'NONE',  ( 1.000000000000000000, -0.000000000000000000, -0.000000000000000000 ) ) ;
#3540 = TOROIDAL_SURFACE ( 'NONE', #2212, 4.000000000000000000, 2.000000000000000000 ) ;
#3541 = CARTESIAN_POINT ( 'NONE',  ( 46.89999999999992042, -113.6249997450000109, -4.000000000000000000 ) ) ;
#3542 = CARTESIAN_POINT ( 'NONE',  ( 62.89999999999999858, -58.67999999999999261, -6.500000000000002665 ) ) ;
#3543 = EDGE_CURVE ( 'NONE', #688, #4058, #1835, .T. ) ;
#3544 = AXIS2_PLACEMENT_3D ( 'NONE', #2699, #1042, #3835 ) ;
#3545 = CIRCLE ( 'NONE', #3427, 2.350000000000018741 ) ;
#3546 = LINE ( 'NONE', #5273, #4130 ) ;
#3547 = DIRECTION ( 'NONE',  ( -1.000000000000000000, 0.000000000000000000, 0.000000000000000000 ) ) ;
#3548 = DIRECTION ( 'NONE',  ( 0.000000000000000000, 0.000000000000000000, -1.000000000000000000 ) ) ;
#3549 = ADVANCED_FACE ( 'NONE', ( #5581 ), #6057, .F. ) ;
#3550 = TOROIDAL_SURFACE ( 'NONE', #4384, 4.000000000000000000, 2.000000000000000000 ) ;
#3551 = ORIENTED_EDGE ( 'NONE', *, *, #2262, .F. ) ;
#3552 = ORIENTED_EDGE ( 'NONE', *, *, #2978, .F. ) ;
#3553 = CIRCLE ( 'NONE', #764, 4.000000000000003553 ) ;
#3554 = AXIS2_PLACEMENT_3D ( 'NONE', #373, #4955, #6785 ) ;
#3555 = CARTESIAN_POINT ( 'NONE',  ( 66.90000000000000568, -147.5699994899999865, 6.500000000000001776 ) ) ;
#3556 = CARTESIAN_POINT ( 'NONE',  ( 64.90000000000003411, -68.68000000000000682, 4.500000000000000888 ) ) ;
#3557 = ORIENTED_EDGE ( 'NONE', *, *, #1321, .T. ) ;
#3558 = CARTESIAN_POINT ( 'NONE',  ( 46.75000000000004263, -98.12499974499999666, -4.500000000000000888 ) ) ;
#3559 = VECTOR ( 'NONE', #4275, 1000.000000000000000 ) ;
#3560 = DIRECTION ( 'NONE',  ( -0.000000000000000000, -0.000000000000000000, 1.000000000000000000 ) ) ;
#3561 = ADVANCED_FACE ( 'NONE', ( #7455 ), #6027, .T. ) ;
#3562 = DIRECTION ( 'NONE',  ( 0.000000000000000000, 1.000000000000000000, 0.000000000000000000 ) ) ;
#3563 = AXIS2_PLACEMENT_3D ( 'NONE', #3444, #1629, #3480 ) ;
#3564 = CARTESIAN_POINT ( 'NONE',  ( 60.90000000000000568, -73.66826055708499155, -4.959258912534059149 ) ) ;
#3565 = EDGE_LOOP ( 'NONE', ( #7403, #7335, #5965, #4088 ) ) ;
#3566 = CARTESIAN_POINT ( 'NONE',  ( 124.8660595723512472, -123.5854392677458122, -2.380232467987751566 ) ) ;
#3567 = B_SPLINE_CURVE_WITH_KNOTS ( 'NONE', 3,
 ( #7427, #6209, #1064, #6696, #483, #4942 ),
 .UNSPECIFIED., .F., .F.,
 ( 4, 2, 4 ),
 ( 0.000000000000000000, 0.002027369263869110375, 0.004054738527738220751 ),
 .UNSPECIFIED. ) ;
#3568 = CARTESIAN_POINT ( 'NONE',  ( 58.53549466572559368, -123.1651770196148874, -2.451013034277842007 ) ) ;
#3569 = ORIENTED_EDGE ( 'NONE', *, *, #766, .T. ) ;
#3570 = ORIENTED_EDGE ( 'NONE', *, *, #545, .F. ) ;
#3571 = AXIS2_PLACEMENT_3D ( 'NONE', #4327, #1453, #3767 ) ;
#3572 = DIRECTION ( 'NONE',  ( -0.000000000000000000, 1.000000000000000000, -0.000000000000000000 ) ) ;
#3573 = CARTESIAN_POINT ( 'NONE',  ( 61.89999999999999858, -91.80499999999996419, -0.1399999999999990141 ) ) ;
#3574 = EDGE_CURVE ( 'NONE', #53, #313, #120, .T. ) ;
#3575 = DIRECTION ( 'NONE',  ( 0.000000000000000000, 0.000000000000000000, 1.000000000000000000 ) ) ;
#3576 = EDGE_CURVE ( 'NONE', #3029, #7473, #3546, .T. ) ;
#3577 = DIRECTION ( 'NONE',  ( 0.000000000000000000, 0.000000000000000000, 1.000000000000000000 ) ) ;
#3578 = FACE_OUTER_BOUND ( 'NONE', #1169, .T. ) ;
#3579 = CIRCLE ( 'NONE', #904, 3.250000000000002665 ) ;
#3580 = CARTESIAN_POINT ( 'NONE',  ( 58.90000000000002700, -125.9441414002471760, -1.099688710280693149 ) ) ;
#3581 = CARTESIAN_POINT ( 'NONE',  ( 122.5999999999999801, -147.5699994899999865, 13.50000000000000178 ) ) ;
#3582 = DIRECTION ( 'NONE',  ( -1.000000000000000000, 0.000000000000000000, 0.000000000000000000 ) ) ;
#3583 = ADVANCED_FACE ( 'NONE', ( #7025 ), #5350, .F. ) ;
#3584 = DIRECTION ( 'NONE',  ( -1.000000000000000000, -8.068950408636817119E-17, 0.000000000000000000 ) ) ;
#3585 = CYLINDRICAL_SURFACE ( 'NONE', #4247, 3.250000000000002665 ) ;
#3586 = CYLINDRICAL_SURFACE ( 'NONE', #1020, 0.5000000000000004441 ) ;
#3587 = CARTESIAN_POINT ( 'NONE',  ( 136.6000000000000796, -113.6249997450000109, -4.500000000000000888 ) ) ;
#3588 = VERTEX_POINT ( 'NONE', #111 ) ;
#3589 = ORIENTED_EDGE ( 'NONE', *, *, #3764, .F. ) ;
#3590 = CARTESIAN_POINT ( 'NONE',  ( 116.0000000000000000, -74.57500000000000284, -6.000000000000000000 ) ) ;
#3591 = CARTESIAN_POINT ( 'NONE',  ( 108.5499998649999895, -149.5699994899999865, 30.00000000000000355 ) ) ;
#3592 = EDGE_CURVE ( 'NONE', #6642, #700, #622, .T. ) ;
#3593 = ORIENTED_EDGE ( 'NONE', *, *, #3122, .T. ) ;
#3594 = CARTESIAN_POINT ( 'NONE',  ( 136.6000000000000796, -98.12499974499999666, -4.000000000000000000 ) ) ;
#3595 = CARTESIAN_POINT ( 'NONE',  ( 58.90000000000000568, -126.1249997450000819, -4.000000000000000000 ) ) ;
#3596 = DIRECTION ( 'NONE',  ( 0.000000000000000000, 1.000000000000000000, -0.000000000000000000 ) ) ;
#3597 = EDGE_CURVE ( 'NONE', #4198, #1673, #3766, .T. ) ;
#3598 = CARTESIAN_POINT ( 'NONE',  ( 118.6000000000000512, -68.67999999999999261, 12.50000000000000000 ) ) ;
#3599 = ORIENTED_EDGE ( 'NONE', *, *, #6998, .T. ) ;
#3600 = DIRECTION ( 'NONE',  ( 1.000000000000000000, 0.000000000000000000, 0.000000000000000000 ) ) ;
#3601 = CARTESIAN_POINT ( 'NONE',  ( 57.62765701641098559, -120.1580640845352548, -3.489596778997538618 ) ) ;
#3602 = ORIENTED_EDGE ( 'NONE', *, *, #6317, .T. ) ;
#3603 = ORIENTED_EDGE ( 'NONE', *, *, #7444, .F. ) ;
#3604 = CARTESIAN_POINT ( 'NONE',  ( 58.86694455883269939, -87.03341369607686318, -1.499916564642314265 ) ) ;
#3605 = CARTESIAN_POINT ( 'NONE',  ( 58.83385495206096749, -87.58171093536770968, -1.803053144590982315 ) ) ;
#3606 = DIRECTION ( 'NONE',  ( -0.000000000000000000, -0.000000000000000000, -1.000000000000000000 ) ) ;
#3607 = CARTESIAN_POINT ( 'NONE',  ( 70.90000000000000568, -62.67999999999999972, 4.500000000000000888 ) ) ;
#3608 = ORIENTED_EDGE ( 'NONE', *, *, #2770, .T. ) ;
#3609 = DIRECTION ( 'NONE',  ( -0.000000000000000000, -0.000000000000000000, -1.000000000000000000 ) ) ;
#3610 = ORIENTED_EDGE ( 'NONE', *, *, #86, .F. ) ;
#3611 = LINE ( 'NONE', #3541, #6316 ) ;
#3612 = DIRECTION ( 'NONE',  ( -1.000000000000000000, 0.000000000000000000, 0.000000000000000000 ) ) ;
#3613 = CARTESIAN_POINT ( 'NONE',  ( 126.4457010706959466, -93.15142203308791125, -3.777285852032128854 ) ) ;
#3614 = CONICAL_SURFACE ( 'NONE', #708, 2.000000000000001776, 0.7853981633974581600 ) ;
#3615 = CARTESIAN_POINT ( 'NONE',  ( 116.0000000000000000, -74.57500000000000284, -6.000000000000000000 ) ) ;
#3616 = DIRECTION ( 'NONE',  ( -0.000000000000000000, -0.000000000000000000, -1.000000000000000000 ) ) ;
#3617 = EDGE_CURVE ( 'NONE', #5096, #1788, #3509, .T. ) ;
#3618 = CARTESIAN_POINT ( 'NONE',  ( 58.89634853994964914, -86.50162886981324561, -1.170822799875030684 ) ) ;
#3619 = EDGE_CURVE ( 'NONE', #3897, #755, #2443, .T. ) ;
#3620 = AXIS2_PLACEMENT_3D ( 'NONE', #3556, #4087, #670 ) ;
#3621 = ORIENTED_EDGE ( 'NONE', *, *, #2483, .F. ) ;
#3622 = ORIENTED_EDGE ( 'NONE', *, *, #1744, .T. ) ;
#3623 = TOROIDAL_SURFACE ( 'NONE', #336, 4.000000000000000000, 2.000000000000000000 ) ;
#3624 = DIRECTION ( 'NONE',  ( -0.000000000000000000, -0.000000000000000000, -1.000000000000000000 ) ) ;
#3625 = ORIENTED_EDGE ( 'NONE', *, *, #5420, .T. ) ;
#3626 = DIRECTION ( 'NONE',  ( -0.000000000000000000, -0.000000000000000000, -1.000000000000000000 ) ) ;
#3627 = DIRECTION ( 'NONE',  ( 0.000000000000000000, 0.000000000000000000, -1.000000000000000000 ) ) ;
#3628 = CIRCLE ( 'NONE', #6301, 3.000000000000002665 ) ;
#3629 = DIRECTION ( 'NONE',  ( 1.000000000000000000, 0.000000000000000000, 0.000000000000000000 ) ) ;
#3630 = ADVANCED_FACE ( 'NONE', ( #2445 ), #4851, .F. ) ;
#3631 = AXIS2_PLACEMENT_3D ( 'NONE', #3309, #6183, #6712 ) ;
#3632 = ORIENTED_EDGE ( 'NONE', *, *, #6126, .F. ) ;
#3633 = AXIS2_PLACEMENT_3D ( 'NONE', #4192, #7036, #7108 ) ;
#3634 = DIRECTION ( 'NONE',  ( 1.000000000000000000, 0.000000000000000000, 0.000000000000000000 ) ) ;
#3635 = AXIS2_PLACEMENT_3D ( 'NONE', #2213, #4522, #6836 ) ;
#3636 = CARTESIAN_POINT ( 'NONE',  ( 64.90000000000000568, -64.68000000000000682, 6.500000000000001776 ) ) ;
#3637 = ORIENTED_EDGE ( 'NONE', *, *, #4306, .T. ) ;
#3638 = ORIENTED_EDGE ( 'NONE', *, *, #3850, .F. ) ;
#3639 = CARTESIAN_POINT ( 'NONE',  ( 120.6000000000000085, -141.5699994899999865, 6.500000000000000888 ) ) ;
#3640 = DIRECTION ( 'NONE',  ( 0.000000000000000000, 0.000000000000000000, 1.000000000000000000 ) ) ;
#3641 = CARTESIAN_POINT ( 'NONE',  ( 56.78115650349947430, -92.94662879508970832, -3.891987857108099469 ) ) ;
#3642 = CARTESIAN_POINT ( 'NONE',  ( 114.8341147114548875, -149.3699994899999979, 2.903904110951589068 ) ) ;
#3643 = AXIS2_PLACEMENT_3D ( 'NONE', #2681, #2800, #3243 ) ;
#3644 = CARTESIAN_POINT ( 'NONE',  ( 62.90000000000001279, -147.3699994899999979, 13.50000000000000178 ) ) ;
#3645 = AXIS2_PLACEMENT_3D ( 'NONE', #5839, #2863, #4700 ) ;
#3646 = CARTESIAN_POINT ( 'NONE',  ( 124.6291163575863976, -125.1850861817404876, -1.425633309006145488 ) ) ;
#3647 = CIRCLE ( 'NONE', #5570, 7.000000000000006217 ) ;
#3648 = CARTESIAN_POINT ( 'NONE',  ( 118.6000000000000085, -64.68000000000000682, 6.500000000000000888 ) ) ;
#3649 = ORIENTED_EDGE ( 'NONE', *, *, #5062, .F. ) ;
#3650 = CARTESIAN_POINT ( 'NONE',  ( 63.34999999999998721, -74.57500000000000284, -2.000000000000000000 ) ) ;
#3651 = TOROIDAL_SURFACE ( 'NONE', #370, 12.50000000000000355, 0.5000000000000000000 ) ;
#3652 = EDGE_CURVE ( 'NONE', #3380, #5743, #3048, .T. ) ;
#3653 = CARTESIAN_POINT ( 'NONE',  ( 118.6000000000000654, -145.5699994900000149, 6.500000000000000888 ) ) ;
#3654 = FACE_OUTER_BOUND ( 'NONE', #7073, .T. ) ;
#3655 = FACE_OUTER_BOUND ( 'NONE', #148, .T. ) ;
#3656 = DIRECTION ( 'NONE',  ( 0.000000000000000000, 0.000000000000000000, -1.000000000000000000 ) ) ;
#3657 = AXIS2_PLACEMENT_3D ( 'NONE', #4563, #3430, #2865 ) ;
#3658 = VECTOR ( 'NONE', #3783, 1000.000000000000000 ) ;
#3659 = CARTESIAN_POINT ( 'NONE',  ( 116.6100251257867768, -149.3699994899999695, 4.500000000000000000 ) ) ;
#3660 = ADVANCED_FACE ( 'NONE', ( #2377 ), #6359, .T. ) ;
#3661 = EDGE_CURVE ( 'NONE', #5716, #2919, #5670, .T. ) ;
#3662 = EDGE_LOOP ( 'NONE', ( #833, #6292, #5331, #2451 ) ) ;
#3663 = EDGE_LOOP ( 'NONE', ( #7262, #343 ) ) ;
#3664 = VECTOR ( 'NONE', #3371, 1000.000000000000000 ) ;
#3665 = CARTESIAN_POINT ( 'NONE',  ( 55.90000000000000568, -117.4503239585512802, -4.000000000000000000 ) ) ;
#3666 = ADVANCED_FACE ( 'NONE', ( #6624 ), #3614, .F. ) ;
#3667 = DIRECTION ( 'NONE',  ( -0.000000000000000000, -1.000000000000000000, -0.000000000000000000 ) ) ;
#3668 = ORIENTED_EDGE ( 'NONE', *, *, #3728, .F. ) ;
#3669 = DIRECTION ( 'NONE',  ( 1.000000000000000000, 0.000000000000000000, 0.000000000000000000 ) ) ;
#3670 = CARTESIAN_POINT ( 'NONE',  ( 127.6685692832170105, -94.15032832934970486, -4.500000000000001776 ) ) ;
#3671 = STYLED_ITEM ( 'NONE', ( #7502 ), #5255 ) ;
#3672 = CARTESIAN_POINT ( 'NONE',  ( 46.75000000000004263, -114.1249997450000109, -4.000000000000000000 ) ) ;
#3673 = AXIS2_PLACEMENT_3D ( 'NONE', #2510, #7126, #1027 ) ;
#3674 = ORIENTED_EDGE ( 'NONE', *, *, #4819, .F. ) ;
#3675 = ORIENTED_EDGE ( 'NONE', *, *, #1530, .F. ) ;
#3676 = CARTESIAN_POINT ( 'NONE',  ( 75.64999986499999807, -142.6699994900000092, -0.3500000000000152434 ) ) ;
#3677 = DIRECTION ( 'NONE',  ( 3.194334880715847085E-16, -1.000000000000000000, 0.000000000000000000 ) ) ;
#3678 = VERTEX_POINT ( 'NONE', #6516 ) ;
#3679 = ADVANCED_FACE ( 'NONE', ( #5332 ), #7204, .T. ) ;
#3680 = ORIENTED_EDGE ( 'NONE', *, *, #6268, .F. ) ;
#3681 = DIRECTION ( 'NONE',  ( 1.000000000000000000, 0.000000000000000000, 0.000000000000000000 ) ) ;
#3682 = FACE_OUTER_BOUND ( 'NONE', #182, .T. ) ;
#3683 = CARTESIAN_POINT ( 'NONE',  ( 57.81728068145493893, -91.16352260694395682, -3.610424420702082582 ) ) ;
#3684 = CARTESIAN_POINT ( 'NONE',  ( 70.90000000000000568, -62.67999999999999972, 6.500000000000000888 ) ) ;
#3685 = ADVANCED_FACE ( 'NONE', ( #3716 ), #6555, .F. ) ;
#3686 = CIRCLE ( 'NONE', #5972, 2.000000000000000000 ) ;
#3687 = DIRECTION ( 'NONE',  ( -1.000000000000000000, 0.000000000000000000, 0.000000000000000000 ) ) ;
#3688 = VERTEX_POINT ( 'NONE', #1332 ) ;
#3689 = DIRECTION ( 'NONE',  ( 0.7071067811865545671, 0.000000000000000000, 0.7071067811865405783 ) ) ;
#3690 = ORIENTED_EDGE ( 'NONE', *, *, #2372, .F. ) ;
#3691 = EDGE_CURVE ( 'NONE', #853, #605, #4932, .T. ) ;
#3692 = CIRCLE ( 'NONE', #4658, 2.000000000000001776 ) ;
#3693 = CARTESIAN_POINT ( 'NONE',  ( 120.5999999999999801, -62.67999999999999972, -5.000000000000000888 ) ) ;
#3694 = EDGE_CURVE ( 'NONE', #6562, #3380, #7048, .T. ) ;
#3695 = CIRCLE ( 'NONE', #4781, 4.000000000000003553 ) ;
#3696 = LINE ( 'NONE', #3801, #4379 ) ;
#3697 = CARTESIAN_POINT ( 'NONE',  ( 68.40441367389722416, -147.4301741983187810, 5.178700308073636904 ) ) ;
#3698 = CARTESIAN_POINT ( 'NONE',  ( 60.89999999999999147, -76.84137036139499344, -5.000000000000000000 ) ) ;
#3699 = CYLINDRICAL_SURFACE ( 'NONE', #6470, 4.000000000000003553 ) ;
#3700 = ORIENTED_EDGE ( 'NONE', *, *, #143, .F. ) ;
#3701 = ORIENTED_EDGE ( 'NONE', *, *, #3112, .F. ) ;
#3702 = DIRECTION ( 'NONE',  ( -0.000000000000000000, -0.000000000000000000, 1.000000000000000000 ) ) ;
#3703 = DIRECTION ( 'NONE',  ( 0.000000000000000000, 0.000000000000000000, 1.000000000000000000 ) ) ;
#3704 = ORIENTED_EDGE ( 'NONE', *, *, #950, .T. ) ;
#3705 = EDGE_CURVE ( 'NONE', #2764, #5903, #6891, .T. ) ;
#3706 = CARTESIAN_POINT ( 'NONE',  ( 70.90000000000000568, -60.67999999999999972, 6.500000000000000888 ) ) ;
#3707 = DIRECTION ( 'NONE',  ( 1.000000000000000000, 0.000000000000000000, 0.000000000000000000 ) ) ;
#3708 = DIRECTION ( 'NONE',  ( 1.000000000000000000, 1.597167440357923543E-16, -0.000000000000000000 ) ) ;
#3709 = ADVANCED_FACE ( 'NONE', ( #136 ), #5297, .F. ) ;
#3710 = ORIENTED_EDGE ( 'NONE', *, *, #5651, .F. ) ;
#3711 = EDGE_LOOP ( 'NONE', ( #586, #5712, #5060, #5874, #4479, #6041, #1110, #4308, #6783, #4863, #2156, #7227, #5474, #4469 ) ) ;
#3712 = DIRECTION ( 'NONE',  ( 0.000000000000000000, -1.000000000000000000, 0.000000000000000000 ) ) ;
#3713 = LINE ( 'NONE', #751, #625 ) ;
#3714 = ORIENTED_EDGE ( 'NONE', *, *, #3976, .F. ) ;
#3715 = ORIENTED_EDGE ( 'NONE', *, *, #4680, .T. ) ;
#3716 = FACE_OUTER_BOUND ( 'NONE', #1743, .T. ) ;
#3717 = DIRECTION ( 'NONE',  ( 0.000000000000000000, 0.000000000000000000, 1.000000000000000000 ) ) ;
#3718 = CARTESIAN_POINT ( 'NONE',  ( 62.89999999999999858, -147.5699994899999865, 12.15000000000002700 ) ) ;
#3719 = CARTESIAN_POINT ( 'NONE',  ( 118.0000000000000142, -74.57500000000000284, -0.3500000000000152434 ) ) ;
#3720 = EDGE_CURVE ( 'NONE', #2530, #7219, #5440, .T. ) ;
#3721 = EDGE_CURVE ( 'NONE', #374, #3476, #947, .T. ) ;
#3722 = FACE_OUTER_BOUND ( 'NONE', #6046, .T. ) ;
#3723 = CARTESIAN_POINT ( 'NONE',  ( 126.6368056437913481, -118.7802757197321881, -3.850764078232908005 ) ) ;
#3724 = VERTEX_POINT ( 'NONE', #4238 ) ;
#3725 = DIRECTION ( 'NONE',  ( -1.000000000000000000, 0.000000000000000000, 0.000000000000000000 ) ) ;
#3726 = EDGE_CURVE ( 'NONE', #6967, #1423, #1583, .T. ) ;
#3727 = FACE_OUTER_BOUND ( 'NONE', #4772, .T. ) ;
#3728 = EDGE_CURVE ( 'NONE', #7030, #4873, #2529, .T. ) ;
#3729 = CARTESIAN_POINT ( 'NONE',  ( 67.92424085529231093, -149.3699994899999979, 2.626369640049811327 ) ) ;
#3730 = CARTESIAN_POINT ( 'NONE',  ( 66.90000000000000568, -62.67999999999999972, 4.500000000000000888 ) ) ;
#3731 = CARTESIAN_POINT ( 'NONE',  ( 115.0965610982966041, -147.4301588049830514, 5.177597282581427152 ) ) ;
#3732 = ORIENTED_EDGE ( 'NONE', *, *, #7192, .T. ) ;
#3733 = VERTEX_POINT ( 'NONE', #4314 ) ;
#3734 = LINE ( 'NONE', #2522, #1594 ) ;
#3735 = AXIS2_PLACEMENT_3D ( 'NONE', #5109, #1714, #3453 ) ;
#3736 = CARTESIAN_POINT ( 'NONE',  ( 75.44999986500000944, -149.5699994899999865, 13.50000000000000178 ) ) ;
#3737 = ORIENTED_EDGE ( 'NONE', *, *, #5808, .F. ) ;
#3738 = CARTESIAN_POINT ( 'NONE',  ( 114.6022228398493752, -147.4366661566666323, 6.500000000000000888 ) ) ;
#3739 = DIRECTION ( 'NONE',  ( 0.000000000000000000, 0.000000000000000000, -1.000000000000000000 ) ) ;
#3740 = DIRECTION ( 'NONE',  ( 0.000000000000000000, 0.000000000000000000, 1.000000000000000000 ) ) ;
#3741 = VERTEX_POINT ( 'NONE', #683 ) ;
#3742 = ORIENTED_EDGE ( 'NONE', *, *, #6837, .T. ) ;
#3743 = CARTESIAN_POINT ( 'NONE',  ( 116.5999999999999943, -64.68000000000000682, 12.14999999999999325 ) ) ;
#3744 = DIRECTION ( 'NONE',  ( -0.000000000000000000, -0.000000000000000000, 1.000000000000000000 ) ) ;
#3745 = ORIENTED_EDGE ( 'NONE', *, *, #6184, .F. ) ;
#3746 = VECTOR ( 'NONE', #5586, 1000.000000000000000 ) ;
#3747 = ORIENTED_EDGE ( 'NONE', *, *, #5366, .F. ) ;
#3748 = CARTESIAN_POINT ( 'NONE',  ( 58.23131920134046169, -90.09291605313251239, -3.106746432919710976 ) ) ;
#3749 = DIRECTION ( 'NONE',  ( 1.000000000000000000, 0.000000000000000000, 0.000000000000000000 ) ) ;
#3750 = CARTESIAN_POINT ( 'NONE',  ( 46.75000000000004263, -106.1249997449999967, -7.000000000000000000 ) ) ;
#3751 = CARTESIAN_POINT ( 'NONE',  ( 113.0093474425600988, -149.3699994900000547, 4.725207286818536190 ) ) ;
#3752 = CIRCLE ( 'NONE', #5925, 2.000000000000001776 ) ;
#3753 = ADVANCED_FACE ( 'NONE', ( #5514 ), #319, .T. ) ;
#3754 = CARTESIAN_POINT ( 'NONE',  ( 120.5999999999999801, -70.67999999999999261, 12.50000000000000000 ) ) ;
#3755 = CARTESIAN_POINT ( 'NONE',  ( 116.6100251257867910, -149.3699994899999979, 2.500000000000000444 ) ) ;
#3756 = ADVANCED_FACE ( 'NONE', ( #1513 ), #1549, .F. ) ;
#3757 = VERTEX_POINT ( 'NONE', #2688 ) ;
#3758 = LINE ( 'NONE', #4923, #1759 ) ;
#3759 = VECTOR ( 'NONE', #4595, 1000.000000000000000 ) ;
#3760 = AXIS2_PLACEMENT_3D ( 'NONE', #5739, #1731, #550 ) ;
#3761 = AXIS2_PLACEMENT_3D ( 'NONE', #6932, #6892, #562 ) ;
#3762 = LINE ( 'NONE', #7245, #6809 ) ;
#3763 = CARTESIAN_POINT ( 'NONE',  ( 70.07597258138639518, -149.3699994899999979, 4.059432972054770161 ) ) ;
#3764 = EDGE_CURVE ( 'NONE', #2477, #4447, #3860, .T. ) ;
#3765 = CARTESIAN_POINT ( 'NONE',  ( 120.5999999999999517, -145.5699994899999865, 4.500000000000000888 ) ) ;
#3766 = CIRCLE ( 'NONE', #3891, 2.000000000000001776 ) ;
#3767 = DIRECTION ( 'NONE',  ( -1.000000000000000000, 0.000000000000000000, 0.000000000000000000 ) ) ;
#3768 = VECTOR ( 'NONE', #6415, 1000.000000000000000 ) ;
#3769 = ORIENTED_EDGE ( 'NONE', *, *, #583, .T. ) ;
#3770 = EDGE_LOOP ( 'NONE', ( #897, #6483, #5077, #5562, #7493, #4577 ) ) ;
#3771 = LINE ( 'NONE', #4902, #7156 ) ;
#3772 = ORIENTED_EDGE ( 'NONE', *, *, #999, .T. ) ;
#3773 = DIRECTION ( 'NONE',  ( -0.6939740629159047991, 0.7199999999999944222, 0.000000000000000000 ) ) ;
#3774 = VECTOR ( 'NONE', #170, 1000.000000000000000 ) ;
#3775 = CARTESIAN_POINT ( 'NONE',  ( 118.6000000000000085, -64.68000000000000682, 12.50000000000000000 ) ) ;
#3776 = ADVANCED_FACE ( 'NONE', ( #4387 ), #6288, .T. ) ;
#3777 = DIRECTION ( 'NONE',  ( -0.000000000000000000, -0.000000000000000000, -1.000000000000000000 ) ) ;
#3778 = CIRCLE ( 'NONE', #1494, 0.5000000000000004441 ) ;
#3779 = VERTEX_POINT ( 'NONE', #6128 ) ;
#3780 = VERTEX_POINT ( 'NONE', #3786 ) ;
#3781 = AXIS2_PLACEMENT_3D ( 'NONE', #2135, #6310, #1659 ) ;
#3782 = CARTESIAN_POINT ( 'NONE',  ( 144.7500000000000568, -106.1249997449999967, -4.500000000000000888 ) ) ;
#3783 = DIRECTION ( 'NONE',  ( 0.000000000000000000, 0.000000000000000000, 1.000000000000000000 ) ) ;
#3784 = ORIENTED_EDGE ( 'NONE', *, *, #1271, .F. ) ;
#3785 = ORIENTED_EDGE ( 'NONE', *, *, #4758, .T. ) ;
#3786 = CARTESIAN_POINT ( 'NONE',  ( 114.6000000000000227, -62.67999999999999972, 6.500000000000000888 ) ) ;
#3787 = DIRECTION ( 'NONE',  ( -1.000000000000000000, -8.068950408636815886E-17, -0.000000000000000000 ) ) ;
#3788 = CARTESIAN_POINT ( 'NONE',  ( 69.34999999999999432, -74.57500000000000284, -6.000000000000000000 ) ) ;
#3789 = AXIS2_PLACEMENT_3D ( 'NONE', #801, #5549, #3109 ) ;
#3790 = DIRECTION ( 'NONE',  ( 0.000000000000000000, 0.000000000000000000, 1.000000000000000000 ) ) ;
#3791 = CYLINDRICAL_SURFACE ( 'NONE', #5218, 2.000000000000001776 ) ;
#3792 = CYLINDRICAL_SURFACE ( 'NONE', #3923, 2.000000000000000000 ) ;
#3793 = VERTEX_POINT ( 'NONE', #980 ) ;
#3794 = EDGE_CURVE ( 'NONE', #5682, #9, #3179, .T. ) ;
#3795 = VECTOR ( 'NONE', #168, 1000.000000000000000 ) ;
#3796 = DIRECTION ( 'NONE',  ( 0.000000000000000000, 0.000000000000000000, 1.000000000000000000 ) ) ;
#3797 = DIRECTION ( 'NONE',  ( 1.000000000000000000, 0.000000000000000000, 0.000000000000000000 ) ) ;
#3798 = CIRCLE ( 'NONE', #3189, 3.500000000000003109 ) ;
#3799 = ORIENTED_EDGE ( 'NONE', *, *, #5338, .T. ) ;
#3800 = EDGE_CURVE ( 'NONE', #1960, #4531, #447, .T. ) ;
#3801 = CARTESIAN_POINT ( 'NONE',  ( 70.89666574022598411, -149.3699994899999979, -5.499999999999994671 ) ) ;
#3802 = VECTOR ( 'NONE', #5421, 1000.000000000000000 ) ;
#3803 = CARTESIAN_POINT ( 'NONE',  ( 70.89666574022598411, -149.3699994899999979, 6.500000000000001776 ) ) ;
#3804 = DIRECTION ( 'NONE',  ( 0.000000000000000000, 0.000000000000000000, 1.000000000000000000 ) ) ;
#3805 = CARTESIAN_POINT ( 'NONE',  ( 114.8144921060802517, -149.3699994899963315, 5.465168891431183340 ) ) ;
#3806 = ORIENTED_EDGE ( 'NONE', *, *, #6241, .F. ) ;
#3807 = ORIENTED_EDGE ( 'NONE', *, *, #5883, .F. ) ;
#3808 = EDGE_CURVE ( 'NONE', #502, #510, #3905, .T. ) ;
#3809 = DIRECTION ( 'NONE',  ( 1.000000000000000000, 0.000000000000000000, 0.000000000000000000 ) ) ;
#3810 = VERTEX_POINT ( 'NONE', #2196 ) ;
#3811 = ORIENTED_EDGE ( 'NONE', *, *, #5945, .F. ) ;
#3812 = CIRCLE ( 'NONE', #166, 4.000000000000003553 ) ;
#3813 = DIRECTION ( 'NONE',  ( 0.000000000000000000, 0.000000000000000000, 1.000000000000000000 ) ) ;
#3814 = CIRCLE ( 'NONE', #167, 0.2000000000000057288 ) ;
#3815 = DIRECTION ( 'NONE',  ( 1.000000000000000000, 0.000000000000000000, 0.000000000000000000 ) ) ;
#3816 = CARTESIAN_POINT ( 'NONE',  ( 62.90000000000001279, -141.5699994899999865, 4.500000000000000888 ) ) ;
#3817 = ORIENTED_EDGE ( 'NONE', *, *, #86, .T. ) ;
#3818 = EDGE_LOOP ( 'NONE', ( #522, #6326, #2997, #358 ) ) ;
#3819 = B_SPLINE_CURVE_WITH_KNOTS ( 'NONE', 3,
 ( #5099, #5666, #2795, #6887, #4082, #5813 ),
 .UNSPECIFIED., .F., .F.,
 ( 4, 2, 4 ),
 ( 0.000000000000000000, 0.001166267283175052112, 0.002332534566350104224 ),
 .UNSPECIFIED. ) ;
#3820 = EDGE_CURVE ( 'NONE', #1908, #6468, #2774, .T. ) ;
#3821 = DIRECTION ( 'NONE',  ( 0.000000000000000000, 0.000000000000000000, 1.000000000000000000 ) ) ;
#3822 = CARTESIAN_POINT ( 'NONE',  ( 118.6000000000000512, -143.5699994900000149, 4.500000000000000888 ) ) ;
#3823 = ORIENTED_EDGE ( 'NONE', *, *, #413, .T. ) ;
#3824 = DIRECTION ( 'NONE',  ( -0.000000000000000000, -0.000000000000000000, -1.000000000000000000 ) ) ;
#3825 = ORIENTED_EDGE ( 'NONE', *, *, #6030, .T. ) ;
#3826 = DIRECTION ( 'NONE',  ( 0.000000000000000000, 0.000000000000000000, 1.000000000000000000 ) ) ;
#3827 = EDGE_CURVE ( 'NONE', #792, #2854, #5534, .T. ) ;
#3828 = DIRECTION ( 'NONE',  ( 0.000000000000000000, 0.000000000000000000, 1.000000000000000000 ) ) ;
#3829 = DIRECTION ( 'NONE',  ( -1.000000000000000000, 0.000000000000000000, 0.000000000000000000 ) ) ;
#3830 = CARTESIAN_POINT ( 'NONE',  ( 71.34999999999999432, -74.57500000000000284, 0.000000000000000000 ) ) ;
#3831 = CARTESIAN_POINT ( 'NONE',  ( 113.6499999999999915, -74.57500000000000284, 0.000000000000000000 ) ) ;
#3832 = FACE_OUTER_BOUND ( 'NONE', #3916, .T. ) ;
#3833 = DIRECTION ( 'NONE',  ( 1.000000000000000000, 0.000000000000000000, 0.000000000000000000 ) ) ;
#3834 = ORIENTED_EDGE ( 'NONE', *, *, #2598, .F. ) ;
#3835 = DIRECTION ( 'NONE',  ( 1.000000000000000000, 0.000000000000000000, 0.000000000000000000 ) ) ;
#3836 = DIRECTION ( 'NONE',  ( 1.000000000000000000, 0.000000000000000000, 0.000000000000000000 ) ) ;
#3837 = EDGE_LOOP ( 'NONE', ( #1367, #30, #7141, #1506, #882, #5762 ) ) ;
#3838 = CARTESIAN_POINT ( 'NONE',  ( 67.15176996548663624, -147.3912277358720075, 4.512583178349327540 ) ) ;
#3839 = CARTESIAN_POINT ( 'NONE',  ( 68.21708400960295648, -147.4269637517163289, 4.991805584276610475 ) ) ;
#3840 = CARTESIAN_POINT ( 'NONE',  ( 120.5999999999999801, -60.67999999999999972, 13.50000000000000178 ) ) ;
#3841 = CARTESIAN_POINT ( 'NONE',  ( 75.64999986500001228, -151.4699994900000206, 2.000000000000001776 ) ) ;
#3842 = ORIENTED_EDGE ( 'NONE', *, *, #1768, .T. ) ;
#3843 = ORIENTED_EDGE ( 'NONE', *, *, #190, .T. ) ;
#3844 = CARTESIAN_POINT ( 'NONE',  ( 46.89999999999992042, -114.1249997450000109, -4.500000000000000888 ) ) ;
#3845 = ORIENTED_EDGE ( 'NONE', *, *, #4788, .F. ) ;
#3846 = VERTEX_POINT ( 'NONE', #4946 ) ;
#3847 = LINE ( 'NONE', #6614, #4944 ) ;
#3848 = EDGE_CURVE ( 'NONE', #5030, #6851, #6700, .T. ) ;
#3849 = DIRECTION ( 'NONE',  ( 1.000000000000000000, 0.000000000000000000, 0.000000000000000000 ) ) ;
#3850 = EDGE_CURVE ( 'NONE', #6124, #6409, #6656, .T. ) ;
#3851 = LINE ( 'NONE', #4415, #4392 ) ;
#3852 = ORIENTED_EDGE ( 'NONE', *, *, #1499, .T. ) ;
#3853 = ORIENTED_EDGE ( 'NONE', *, *, #4775, .F. ) ;
#3854 = FACE_OUTER_BOUND ( 'NONE', #1613, .T. ) ;
#3855 = CARTESIAN_POINT ( 'NONE',  ( 108.1499998649999839, -150.8699994899999979, 30.00000000000000355 ) ) ;
#3856 = ORIENTED_EDGE ( 'NONE', *, *, #698, .F. ) ;
#3857 = DIRECTION ( 'NONE',  ( -1.000000000000000000, -3.194334880715847085E-16, 0.000000000000000000 ) ) ;
#3858 = AXIS2_PLACEMENT_3D ( 'NONE', #7221, #4302, #121 ) ;
#3859 = ORIENTED_EDGE ( 'NONE', *, *, #2713, .T. ) ;
#3860 = LINE ( 'NONE', #2122, #1919 ) ;
#3861 = AXIS2_PLACEMENT_3D ( 'NONE', #6593, #3070, #2431 ) ;
#3862 = EDGE_CURVE ( 'NONE', #1851, #7310, #6824, .T. ) ;
#3863 = LINE ( 'NONE', #4583, #1630 ) ;
#3864 = DIRECTION ( 'NONE',  ( -1.000000000000000000, -8.068950408636815886E-17, -0.000000000000000000 ) ) ;
#3865 = ORIENTED_EDGE ( 'NONE', *, *, #2573, .F. ) ;
#3866 = LINE ( 'NONE', #5607, #5110 ) ;
#3867 = CARTESIAN_POINT ( 'NONE',  ( 55.54000000000000625, -117.7973109900092226, -4.000000000000000000 ) ) ;
#3868 = AXIS2_PLACEMENT_3D ( 'NONE', #2767, #3958, #6171 ) ;
#3869 = DIRECTION ( 'NONE',  ( 0.000000000000000000, 0.000000000000000000, 1.000000000000000000 ) ) ;
#3870 = AXIS2_PLACEMENT_3D ( 'NONE', #4602, #1834, #2336 ) ;
#3871 = ORIENTED_EDGE ( 'NONE', *, *, #1102, .T. ) ;
#3872 = DIRECTION ( 'NONE',  ( 0.000000000000000000, 0.000000000000000000, -1.000000000000000000 ) ) ;
#3873 = AXIS2_PLACEMENT_3D ( 'NONE', #5308, #4081, #4711 ) ;
#3874 = CARTESIAN_POINT ( 'NONE',  ( 120.5999999999999943, -153.0699994899999865, -7.000000000000000000 ) ) ;
#3875 = EDGE_LOOP ( 'NONE', ( #2035, #5875, #2875, #2717 ) ) ;
#3876 = DIRECTION ( 'NONE',  ( -0.000000000000000000, -0.000000000000000000, -1.000000000000000000 ) ) ;
#3877 = EDGE_CURVE ( 'NONE', #2730, #7460, #4702, .T. ) ;
#3878 = DIRECTION ( 'NONE',  ( 0.000000000000000000, 0.000000000000000000, 1.000000000000000000 ) ) ;
#3879 = DIRECTION ( 'NONE',  ( 0.000000000000000000, 0.000000000000000000, 1.000000000000000000 ) ) ;
#3880 = DIRECTION ( 'NONE',  ( 0.000000000000000000, 1.000000000000000000, -0.000000000000000000 ) ) ;
#3881 = CIRCLE ( 'NONE', #6, 0.2000000000000057288 ) ;
#3882 = ORIENTED_EDGE ( 'NONE', *, *, #762, .F. ) ;
#3883 = ORIENTED_EDGE ( 'NONE', *, *, #1877, .T. ) ;
#3884 = CIRCLE ( 'NONE', #5815, 0.5000000000000004441 ) ;
#3885 = CARTESIAN_POINT ( 'NONE',  ( 68.90000000000000568, -64.68000000000000682, 12.50000000000000000 ) ) ;
#3886 = CARTESIAN_POINT ( 'NONE',  ( 127.6703902471634535, -94.15221758445515832, -4.499999993403887011 ) ) ;
#3887 = CIRCLE ( 'NONE', #2799, 0.5000000000000027756 ) ;
#3888 = EDGE_LOOP ( 'NONE', ( #4013, #948, #3853, #3318 ) ) ;
#3889 = EDGE_LOOP ( 'NONE', ( #3737, #2762, #3241, #6243 ) ) ;
#3890 = CARTESIAN_POINT ( 'NONE',  ( 108.3499998649999867, -151.0699994899999865, 4.300000000000001599 ) ) ;
#3891 = AXIS2_PLACEMENT_3D ( 'NONE', #6389, #5307, #1200 ) ;
#3892 = CARTESIAN_POINT ( 'NONE',  ( 114.6022228398493752, -147.4366661566666323, 4.500000000000000888 ) ) ;
#3893 = EDGE_CURVE ( 'NONE', #1159, #6256, #1472, .T. ) ;
#3894 = CIRCLE ( 'NONE', #245, 3.999999999999976019 ) ;
#3895 = CARTESIAN_POINT ( 'NONE',  ( 60.89999999999999858, -82.30499999999999261, 5.060000000000000497 ) ) ;
#3896 = ORIENTED_EDGE ( 'NONE', *, *, #1971, .T. ) ;
#3897 = VERTEX_POINT ( 'NONE', #900 ) ;
#3898 = EDGE_CURVE ( 'NONE', #1006, #779, #1085, .T. ) ;
#3899 = LINE ( 'NONE', #1508, #1232 ) ;
#3900 = VECTOR ( 'NONE', #1787, 1000.000000000000000 ) ;
#3901 = PLANE ( 'NONE',  #6756 ) ;
#3902 = ORIENTED_EDGE ( 'NONE', *, *, #1457, .T. ) ;
#3903 = DIRECTION ( 'NONE',  ( -0.000000000000000000, -0.000000000000000000, -1.000000000000000000 ) ) ;
#3904 = ORIENTED_EDGE ( 'NONE', *, *, #6166, .T. ) ;
#3905 = LINE ( 'NONE', #5068, #4591 ) ;
#3906 = CARTESIAN_POINT ( 'NONE',  ( 108.3499998649999867, -151.6699994900000092, 30.00000000000000355 ) ) ;
#3907 = DIRECTION ( 'NONE',  ( 0.000000000000000000, -1.000000000000000000, 0.000000000000000000 ) ) ;
#3908 = AXIS2_PLACEMENT_3D ( 'NONE', #4857, #7286, #4213 ) ;
#3909 = FACE_OUTER_BOUND ( 'NONE', #62, .T. ) ;
#3910 = ORIENTED_EDGE ( 'NONE', *, *, #398, .T. ) ;
#3911 = DIRECTION ( 'NONE',  ( 0.000000000000000000, 0.000000000000000000, 1.000000000000000000 ) ) ;
#3912 = AXIS2_PLACEMENT_3D ( 'NONE', #5111, #3787, #5601 ) ;
#3913 = ADVANCED_FACE ( 'NONE', ( #406 ), #7371, .F. ) ;
#3914 = CARTESIAN_POINT ( 'NONE',  ( 62.89999999999999858, -70.68000000000000682, 6.500000000000000888 ) ) ;
#3915 = DIRECTION ( 'NONE',  ( 1.000000000000000000, -0.000000000000000000, 0.000000000000000000 ) ) ;
#3916 = EDGE_LOOP ( 'NONE', ( #7416, #1535, #2348, #5531 ) ) ;
#3917 = DIRECTION ( 'NONE',  ( 1.000000000000000000, 0.000000000000000000, 0.000000000000000000 ) ) ;
#3918 = VECTOR ( 'NONE', #6584, 1000.000000000000114 ) ;
#3919 = CARTESIAN_POINT ( 'NONE',  ( 58.89999999999999147, -91.80499999999996419, -0.1399999999999990141 ) ) ;
#3920 = ADVANCED_FACE ( 'NONE', ( #5031 ), #3955, .T. ) ;
#3921 = EDGE_LOOP ( 'NONE', ( #7107, #6345, #7374, #5755 ) ) ;
#3922 = VECTOR ( 'NONE', #4104, 1000.000000000000000 ) ;
#3923 = AXIS2_PLACEMENT_3D ( 'NONE', #5520, #2012, #2588 ) ;
#3924 = EDGE_CURVE ( 'NONE', #6036, #2189, #6863, .T. ) ;
#3925 = AXIS2_PLACEMENT_3D ( 'NONE', #3296, #291, #3181 ) ;
#3926 = CIRCLE ( 'NONE', #651, 2.000000000000000000 ) ;
#3927 = CARTESIAN_POINT ( 'NONE',  ( 68.88447558006065208, -147.4365203584984840, 6.235282492560457968 ) ) ;
#3928 = CARTESIAN_POINT ( 'NONE',  ( 124.8331941618623659, -88.74630706404597902, -2.172604034731103972 ) ) ;
#3929 = VECTOR ( 'NONE', #6910, 1000.000000000000000 ) ;
#3930 = CARTESIAN_POINT ( 'NONE',  ( 116.6100251257867910, -147.3699994899999979, 4.500000000000000888 ) ) ;
#3931 = VECTOR ( 'NONE', #664, 1000.000000000000000 ) ;
#3932 = EDGE_CURVE ( 'NONE', #2703, #3897, #1213, .T. ) ;
#3933 = CARTESIAN_POINT ( 'NONE',  ( 120.6000000000000085, -145.5699994900000149, 6.500000000000000888 ) ) ;
#3934 = ORIENTED_EDGE ( 'NONE', *, *, #3652, .T. ) ;
#3935 = ORIENTED_EDGE ( 'NONE', *, *, #5651, .T. ) ;
#3936 = CIRCLE ( 'NONE', #6467, 2.000000000000001776 ) ;
#3937 = CARTESIAN_POINT ( 'NONE',  ( 116.0000000000000000, -74.57500000000000284, 0.000000000000000000 ) ) ;
#3938 = CARTESIAN_POINT ( 'NONE',  ( 127.6991998125275103, -94.18210758850013065, -4.030100042367485536 ) ) ;
#3939 = SHAPE_DEFINITION_REPRESENTATION ( #2120, #5809 ) ;
#3940 = VERTEX_POINT ( 'NONE', #2241 ) ;
#3941 = EDGE_LOOP ( 'NONE', ( #2612, #1222, #3674, #527 ) ) ;
#3942 = CARTESIAN_POINT ( 'NONE',  ( 124.6041509707943931, -125.7608148804199857, -1.200737814045473195 ) ) ;
#3943 = CARTESIAN_POINT ( 'NONE',  ( 136.6000000000000796, -98.62499974499999666, -7.000000000000000000 ) ) ;
#3944 = CIRCLE ( 'NONE', #43, 2.000000000000001776 ) ;
#3945 = CARTESIAN_POINT ( 'NONE',  ( 64.90000000000000568, -147.5699994899999865, 12.50000000000000000 ) ) ;
#3946 = ORIENTED_EDGE ( 'NONE', *, *, #3413, .F. ) ;
#3947 = VERTEX_POINT ( 'NONE', #4029 ) ;
#3948 = DIRECTION ( 'NONE',  ( -0.000000000000000000, -0.000000000000000000, 1.000000000000000000 ) ) ;
#3949 = VECTOR ( 'NONE', #2280, 1000.000000000000000 ) ;
#3950 = ADVANCED_FACE ( 'NONE', ( #5213 ), #1564, .T. ) ;
#3951 = CARTESIAN_POINT ( 'NONE',  ( 118.6000000000000654, -66.67999999999999261, 4.500000000000000888 ) ) ;
#3952 = ORIENTED_EDGE ( 'NONE', *, *, #3328, .F. ) ;
#3953 = LINE ( 'NONE', #4226, #3026 ) ;
#3954 = ORIENTED_EDGE ( 'NONE', *, *, #3827, .T. ) ;
#3955 = CYLINDRICAL_SURFACE ( 'NONE', #5796, 0.5000000000000004441 ) ;
#3956 = EDGE_CURVE ( 'NONE', #1056, #6699, #464, .T. ) ;
#3957 = DIRECTION ( 'NONE',  ( 1.000000000000000000, -0.000000000000000000, 0.000000000000000000 ) ) ;
#3958 = DIRECTION ( 'NONE',  ( 0.000000000000000000, 0.000000000000000000, 1.000000000000000000 ) ) ;
#3959 = DIRECTION ( 'NONE',  ( 0.000000000000000000, 0.000000000000000000, 1.000000000000000000 ) ) ;
#3960 = ORIENTED_EDGE ( 'NONE', *, *, #1744, .F. ) ;
#3961 = CARTESIAN_POINT ( 'NONE',  ( 116.0000000000000000, -74.57500000000000284, -6.000000000000000000 ) ) ;
#3962 = CARTESIAN_POINT ( 'NONE',  ( 136.7500000000000284, -106.1249997449999967, -4.000000000000000000 ) ) ;
#3963 = ORIENTED_EDGE ( 'NONE', *, *, #4837, .T. ) ;
#3964 = ORIENTED_EDGE ( 'NONE', *, *, #3481, .F. ) ;
#3965 = EDGE_CURVE ( 'NONE', #5039, #2192, #6370, .T. ) ;
#3966 = CARTESIAN_POINT ( 'NONE',  ( 124.5999999999999943, -62.67999999999999972, 13.50000000000000178 ) ) ;
#3967 = EDGE_CURVE ( 'NONE', #700, #3132, #1207, .T. ) ;
#3968 = CARTESIAN_POINT ( 'NONE',  ( 71.64999986499999807, -142.6699994900000092, 0.000000000000000000 ) ) ;
#3969 = EDGE_LOOP ( 'NONE', ( #2172, #859, #2022, #570 ) ) ;
#3970 = CARTESIAN_POINT ( 'NONE',  ( 68.79502531612577343, -147.4354960535453642, 5.853894997952900248 ) ) ;
#3971 = CARTESIAN_POINT ( 'NONE',  ( 120.5999999999999801, -62.67999999999999972, 13.50000000000000178 ) ) ;
#3972 = DIRECTION ( 'NONE',  ( -0.6939740629158903662, -0.7200000000000083000, -5.850731360034741342E-14 ) ) ;
#3973 = DIRECTION ( 'NONE',  ( 0.000000000000000000, 0.000000000000000000, 1.000000000000000000 ) ) ;
#3974 = ORIENTED_EDGE ( 'NONE', *, *, #414, .T. ) ;
#3975 = ORIENTED_EDGE ( 'NONE', *, *, #1612, .F. ) ;
#3976 = EDGE_CURVE ( 'NONE', #502, #3380, #2171, .T. ) ;
#3977 = CARTESIAN_POINT ( 'NONE',  ( 136.7500000000000284, -106.1249997449999967, -4.000000000000000000 ) ) ;
#3978 = ORIENTED_EDGE ( 'NONE', *, *, #2109, .T. ) ;
#3979 = ORIENTED_EDGE ( 'NONE', *, *, #3191, .T. ) ;
#3980 = CARTESIAN_POINT ( 'NONE',  ( 67.24999999999997158, -147.5699994899999865, 12.50000000000000000 ) ) ;
#3981 = DIRECTION ( 'NONE',  ( 1.000000000000000000, 0.000000000000000000, 0.000000000000000000 ) ) ;
#3982 = LINE ( 'NONE', #1060, #6084 ) ;
#3983 = ORIENTED_EDGE ( 'NONE', *, *, #7150, .F. ) ;
#3984 = ORIENTED_EDGE ( 'NONE', *, *, #4614, .F. ) ;
#3985 = DIRECTION ( 'NONE',  ( -1.000000000000000000, 0.000000000000000000, 0.000000000000000000 ) ) ;
#3986 = CARTESIAN_POINT ( 'NONE',  ( 108.1499998649999839, -150.8699994899999979, 2.000000000000001776 ) ) ;
#3987 = VERTEX_POINT ( 'NONE', #3412 ) ;
#3988 = DIRECTION ( 'NONE',  ( 0.000000000000000000, 0.000000000000000000, 1.000000000000000000 ) ) ;
#3989 = DIRECTION ( 'NONE',  ( -1.000000000000000000, 0.000000000000000000, 0.000000000000000000 ) ) ;
#3990 = CARTESIAN_POINT ( 'NONE',  ( 120.6000000000000085, -147.5699994899999865, 6.500000000000001776 ) ) ;
#3991 = FACE_OUTER_BOUND ( 'NONE', #7398, .T. ) ;
#3992 = CARTESIAN_POINT ( 'NONE',  ( 61.89999999999999858, -93.80499999999999261, 1.860000000000015419 ) ) ;
#3993 = VERTEX_POINT ( 'NONE', #566 ) ;
#3994 = DIRECTION ( 'NONE',  ( 1.000000000000000000, 0.000000000000000000, 0.000000000000000000 ) ) ;
#3995 = CARTESIAN_POINT ( 'NONE',  ( 61.89999999999999858, -91.80499999999996419, 7.060000000000001386 ) ) ;
#3996 = VERTEX_POINT ( 'NONE', #4582 ) ;
#3997 = ORIENTED_EDGE ( 'NONE', *, *, #6686, .F. ) ;
#3998 = DIRECTION ( 'NONE',  ( 0.000000000000000000, -1.000000000000000000, 0.000000000000000000 ) ) ;
#3999 = DIRECTION ( 'NONE',  ( -0.000000000000000000, -0.000000000000000000, -1.000000000000000000 ) ) ;
#4000 = EDGE_CURVE ( 'NONE', #434, #4648, #3130, .T. ) ;
#4001 = CIRCLE ( 'NONE', #471, 0.5000000000000004441 ) ;
#4002 = ORIENTED_EDGE ( 'NONE', *, *, #6119, .T. ) ;
#4003 = ADVANCED_FACE ( 'NONE', ( #2880 ), #2313, .F. ) ;
#4004 = DIRECTION ( 'NONE',  ( 1.000000000000000000, 0.000000000000000000, 0.000000000000000000 ) ) ;
#4005 = CIRCLE ( 'NONE', #5431, 8.000000000000007105 ) ;
#4006 = LINE ( 'NONE', #2784, #6180 ) ;
#4007 = CARTESIAN_POINT ( 'NONE',  ( 60.89999999999999858, -77.29483455379187262, -5.000000000000000888 ) ) ;
#4008 = CARTESIAN_POINT ( 'NONE',  ( 75.64999986500001228, -152.7699994900000036, 30.00000000000000355 ) ) ;
#4009 = ORIENTED_EDGE ( 'NONE', *, *, #6674, .F. ) ;
#4010 = ORIENTED_EDGE ( 'NONE', *, *, #6371, .T. ) ;
#4011 = CARTESIAN_POINT ( 'NONE',  ( 109.5015050129377272, -149.3699994900000263, -5.000000000000000000 ) ) ;
#4012 = ADVANCED_FACE ( 'NONE', ( #4660 ), #6334, .F. ) ;
#4013 = ORIENTED_EDGE ( 'NONE', *, *, #3469, .T. ) ;
#4014 = CARTESIAN_POINT ( 'NONE',  ( 64.90000000000000568, -64.68000000000000682, 6.500000000000001776 ) ) ;
#4015 = DIRECTION ( 'NONE',  ( 0.000000000000000000, -1.000000000000000000, 0.000000000000000000 ) ) ;
#4016 = CIRCLE ( 'NONE', #2553, 0.5000000000000004441 ) ;
#4017 = ADVANCED_FACE ( 'NONE', ( #1182 ), #3490, .T. ) ;
#4018 = ORIENTED_EDGE ( 'NONE', *, *, #2682, .F. ) ;
#4019 = ORIENTED_EDGE ( 'NONE', *, *, #6637, .F. ) ;
#4020 = CIRCLE ( 'NONE', #5698, 0.2000000000000057288 ) ;
#4021 = CARTESIAN_POINT ( 'NONE',  ( 136.7500000000000284, -106.1249997449999967, -6.500000000000000888 ) ) ;
#4022 = EDGE_CURVE ( 'NONE', #2207, #387, #1806, .T. ) ;
#4023 = TOROIDAL_SURFACE ( 'NONE', #366, 7.000000000000007105, 3.000000000000000000 ) ;
#4024 = CARTESIAN_POINT ( 'NONE',  ( 122.5999999999999801, -74.57500000000000284, -4.973213749463698541 ) ) ;
#4025 = EDGE_CURVE ( 'NONE', #2949, #3515, #6157, .T. ) ;
#4026 = ORIENTED_EDGE ( 'NONE', *, *, #2296, .F. ) ;
#4027 = DIRECTION ( 'NONE',  ( 1.000000000000000000, 0.000000000000000000, 0.000000000000000000 ) ) ;
#4028 = VECTOR ( 'NONE', #5267, 1000.000000000000000 ) ;
#4029 = CARTESIAN_POINT ( 'NONE',  ( 62.54999999999998295, -64.68000000000000682, 12.50000000000000000 ) ) ;
#4030 = DIRECTION ( 'NONE',  ( 0.000000000000000000, 0.000000000000000000, -1.000000000000000000 ) ) ;
#4031 = LINE ( 'NONE', #1070, #3124 ) ;
#4032 = PLANE ( 'NONE',  #4664 ) ;
#4033 = EDGE_LOOP ( 'NONE', ( #1964, #6948, #2382, #3232 ) ) ;
#4034 = AXIS2_PLACEMENT_3D ( 'NONE', #132, #4841, #1469 ) ;
#4035 = CARTESIAN_POINT ( 'NONE',  ( 125.2725456171863385, -122.1460288061420982, -3.112121179641728741 ) ) ;
#4036 = FACE_OUTER_BOUND ( 'NONE', #2562, .T. ) ;
#4037 = EDGE_LOOP ( 'NONE', ( #2888, #3423, #3030, #4839 ) ) ;
#4038 = EDGE_LOOP ( 'NONE', ( #3274, #1022, #3334, #1364 ) ) ;
#4039 = CIRCLE ( 'NONE', #749, 2.000000000000001776 ) ;
#4040 = CARTESIAN_POINT ( 'NONE',  ( 116.6000000000000227, -60.67999999999999972, 6.500000000000000888 ) ) ;
#4041 = CARTESIAN_POINT ( 'NONE',  ( 55.89999999999999858, -94.79967553144872738, -4.500000000000000888 ) ) ;
#4042 = ORIENTED_EDGE ( 'NONE', *, *, #1399, .F. ) ;
#4043 = ADVANCED_FACE ( 'NONE', ( #5254 ), #55, .T. ) ;
#4044 = CYLINDRICAL_SURFACE ( 'NONE', #3312, 8.000000000000007105 ) ;
#4045 = CARTESIAN_POINT ( 'NONE',  ( 120.9500000000000313, -64.68000000000000682, 12.50000000000000000 ) ) ;
#4046 = ADVANCED_FACE ( 'NONE', ( #1106 ), #2849, .F. ) ;
#4047 = DIRECTION ( 'NONE',  ( 1.000000000000000000, 0.000000000000000000, 0.000000000000000000 ) ) ;
#4048 = AXIS2_PLACEMENT_3D ( 'NONE', #3351, #5654, #6842 ) ;
#4049 = ORIENTED_EDGE ( 'NONE', *, *, #3219, .F. ) ;
#4050 = VECTOR ( 'NONE', #6649, 1000.000000000000000 ) ;
#4051 = CARTESIAN_POINT ( 'NONE',  ( 144.2500000000000568, -106.1249997449999967, -7.000000000000000000 ) ) ;
#4052 = ORIENTED_EDGE ( 'NONE', *, *, #2326, .F. ) ;
#4053 = CARTESIAN_POINT ( 'NONE',  ( 124.6330554411672864, -125.2165857939231444, -1.499916564642248984 ) ) ;
#4054 = LINE ( 'NONE', #1773, #2363 ) ;
#4055 = CIRCLE ( 'NONE', #6829, 3.999999999999976019 ) ;
#4056 = EDGE_CURVE ( 'NONE', #5167, #2321, #5867, .T. ) ;
#4057 = AXIS2_PLACEMENT_3D ( 'NONE', #5275, #4185, #5923 ) ;
#4058 = VERTEX_POINT ( 'NONE', #7078 ) ;
#4059 = VERTEX_POINT ( 'NONE', #2459 ) ;
#4060 = DIRECTION ( 'NONE',  ( 1.000000000000000000, 0.000000000000000000, 0.000000000000000000 ) ) ;
#4061 = CARTESIAN_POINT ( 'NONE',  ( 61.89999999999999858, -80.30499999999999261, 1.860000000000014309 ) ) ;
#4062 = ORIENTED_EDGE ( 'NONE', *, *, #6980, .T. ) ;
#4063 = DIRECTION ( 'NONE',  ( 0.000000000000000000, 0.000000000000000000, -1.000000000000000000 ) ) ;
#4064 = CARTESIAN_POINT ( 'NONE',  ( 114.6022228398493752, -147.4366661566666323, 6.500000000000007105 ) ) ;
#4065 = DIRECTION ( 'NONE',  ( 0.000000000000000000, 0.000000000000000000, 1.000000000000000000 ) ) ;
#4066 = EDGE_CURVE ( 'NONE', #3403, #2005, #4708, .T. ) ;
#4067 = ORIENTED_EDGE ( 'NONE', *, *, #2352, .T. ) ;
#4068 = DIRECTION ( 'NONE',  ( 1.000000000000000000, 0.000000000000000000, 0.000000000000000000 ) ) ;
#4069 = DIRECTION ( 'NONE',  ( 1.000000000000000000, 0.000000000000000000, 0.000000000000000000 ) ) ;
#4070 = EDGE_CURVE ( 'NONE', #971, #1691, #4001, .T. ) ;
#4071 = EDGE_LOOP ( 'NONE', ( #4519, #7494, #307, #1080 ) ) ;
#4072 = ORIENTED_EDGE ( 'NONE', *, *, #6613, .F. ) ;
#4073 = DIRECTION ( 'NONE',  ( 0.000000000000000000, 0.000000000000000000, 1.000000000000000000 ) ) ;
#4074 = CARTESIAN_POINT ( 'NONE',  ( 69.33042895418391538, -149.3699994900000547, 3.315758944795264451 ) ) ;
#4075 = ORIENTED_EDGE ( 'NONE', *, *, #1971, .F. ) ;
#4076 = CARTESIAN_POINT ( 'NONE',  ( 120.6000000000000085, -147.3699994899999979, 4.500000000000000888 ) ) ;
#4077 = CARTESIAN_POINT ( 'NONE',  ( 118.6000000000000512, -143.5699994900000149, 4.500000000000000888 ) ) ;
#4078 = CARTESIAN_POINT ( 'NONE',  ( 75.36715715252537962, -149.3699994899999695, 1.917157287525381282 ) ) ;
#4079 = DIRECTION ( 'NONE',  ( -0.000000000000000000, -0.000000000000000000, 1.000000000000000000 ) ) ;
#4080 = DIRECTION ( 'NONE',  ( 1.000000000000000000, 0.000000000000000000, 0.000000000000000000 ) ) ;
#4081 = DIRECTION ( 'NONE',  ( 0.000000000000000000, 0.000000000000000000, 1.000000000000000000 ) ) ;
#4082 = CARTESIAN_POINT ( 'NONE',  ( 122.5999999999999801, -74.18621860251586497, -4.973213749463711864 ) ) ;
#4083 = EDGE_LOOP ( 'NONE', ( #6730, #6146, #3358, #3057 ) ) ;
#4084 = ORIENTED_EDGE ( 'NONE', *, *, #6817, .T. ) ;
#4085 = FACE_BOUND ( 'NONE', #2757, .T. ) ;
#4086 = ADVANCED_FACE ( 'NONE', ( #6475, #4868 ), #816, .T. ) ;
#4087 = DIRECTION ( 'NONE',  ( 0.000000000000000000, -1.000000000000000000, 0.000000000000000000 ) ) ;
#4088 = ORIENTED_EDGE ( 'NONE', *, *, #2609, .F. ) ;
#4089 = DIRECTION ( 'NONE',  ( -0.000000000000000000, -0.000000000000000000, -1.000000000000000000 ) ) ;
#4090 = DIRECTION ( 'NONE',  ( -0.000000000000000000, -0.000000000000000000, -1.000000000000000000 ) ) ;
#4091 = DIRECTION ( 'NONE',  ( 1.000000000000000000, 0.000000000000000000, 0.000000000000000000 ) ) ;
#4092 = CYLINDRICAL_SURFACE ( 'NONE', #5259, 3.999999999999976019 ) ;
#4093 = ORIENTED_EDGE ( 'NONE', *, *, #6629, .F. ) ;
#4094 = CARTESIAN_POINT ( 'NONE',  ( 124.6000000000000085, -126.1249997450000251, -1.000000000000000000 ) ) ;
#4095 = FACE_OUTER_BOUND ( 'NONE', #6713, .T. ) ;
#4096 = ORIENTED_EDGE ( 'NONE', *, *, #5593, .F. ) ;
#4097 = ADVANCED_FACE ( 'NONE', ( #1955 ), #746, .F. ) ;
#4098 = EDGE_LOOP ( 'NONE', ( #3700, #5402, #6019, #6269 ) ) ;
#4099 = LINE ( 'NONE', #3573, #653 ) ;
#4100 = CARTESIAN_POINT ( 'NONE',  ( 64.90000000000000568, -147.5699994899999865, 13.50000000000000178 ) ) ;
#4101 = EDGE_LOOP ( 'NONE', ( #2121, #4208, #4695, #3159 ) ) ;
#4102 = CARTESIAN_POINT ( 'NONE',  ( 124.5999999999999943, -62.67999999999999972, -6.500000000000002665 ) ) ;
#4103 = VECTOR ( 'NONE', #3012, 1000.000000000000000 ) ;
#4104 = DIRECTION ( 'NONE',  ( 0.000000000000000000, 0.000000000000000000, 1.000000000000000000 ) ) ;
#4105 = EDGE_CURVE ( 'NONE', #972, #2403, #1289, .T. ) ;
#4106 = LINE ( 'NONE', #7061, #115 ) ;
#4107 = CIRCLE ( 'NONE', #1803, 2.000000000000001776 ) ;
#4108 = CYLINDRICAL_SURFACE ( 'NONE', #5500, 3.250000000000002665 ) ;
#4109 = EDGE_CURVE ( 'NONE', #2265, #3588, #4764, .T. ) ;
#4110 = CARTESIAN_POINT ( 'NONE',  ( 116.0000000000000000, -74.57500000000000284, -2.000000000000000000 ) ) ;
#4111 = DIRECTION ( 'NONE',  ( 1.000000000000000000, 0.000000000000000000, 0.000000000000000000 ) ) ;
#4112 = DIRECTION ( 'NONE',  ( -0.000000000000000000, -0.000000000000000000, -1.000000000000000000 ) ) ;
#4113 = ORIENTED_EDGE ( 'NONE', *, *, #5730, .T. ) ;
#4114 = ORIENTED_EDGE ( 'NONE', *, *, #3438, .F. ) ;
#4115 = DIRECTION ( 'NONE',  ( 0.000000000000000000, 0.000000000000000000, 1.000000000000000000 ) ) ;
#4116 = DIRECTION ( 'NONE',  ( 0.000000000000000000, -1.000000000000000000, 0.000000000000000000 ) ) ;
#4117 = VERTEX_POINT ( 'NONE', #4193 ) ;
#4118 = EDGE_CURVE ( 'NONE', #2818, #2118, #5303, .T. ) ;
#4119 = FACE_OUTER_BOUND ( 'NONE', #14, .T. ) ;
#4120 = DIRECTION ( 'NONE',  ( 1.000000000000000000, 0.000000000000000000, 0.000000000000000000 ) ) ;
#4121 = CARTESIAN_POINT ( 'NONE',  ( 122.5982837505447520, -147.4528369954478535, 13.00000000000000178 ) ) ;
#4122 = LINE ( 'NONE', #5869, #2605 ) ;
#4123 = EDGE_CURVE ( 'NONE', #318, #6608, #4227, .T. ) ;
#4124 = EDGE_LOOP ( 'NONE', ( #5841, #5165, #1958, #4417 ) ) ;
#4125 = CIRCLE ( 'NONE', #5443, 4.000000000000003553 ) ;
#4126 = CARTESIAN_POINT ( 'NONE',  ( 124.9496298032333357, -123.2251659674588495, -2.568928099709386625 ) ) ;
#4127 = LINE ( 'NONE', #6442, #3774 ) ;
#4128 = VERTEX_POINT ( 'NONE', #5429 ) ;
#4129 = ORIENTED_EDGE ( 'NONE', *, *, #538, .T. ) ;
#4130 = VECTOR ( 'NONE', #75, 1000.000000000000000 ) ;
#4131 = LINE ( 'NONE', #5619, #1001 ) ;
#4132 = CARTESIAN_POINT ( 'NONE',  ( 55.89999999999999858, -94.79967553144872738, -4.000000000000000000 ) ) ;
#4133 = AXIS2_PLACEMENT_3D ( 'NONE', #5842, #7056, #7090 ) ;
#4134 = CARTESIAN_POINT ( 'NONE',  ( 68.66502641568982312, -149.3699994900000547, 2.903533984302616222 ) ) ;
#4135 = ORIENTED_EDGE ( 'NONE', *, *, #7100, .T. ) ;
#4136 = DIRECTION ( 'NONE',  ( 0.7199999999999944222, 0.6939740629159046881, 0.000000000000000000 ) ) ;
#4137 = CARTESIAN_POINT ( 'NONE',  ( 124.6727225895391484, -124.6232226559677514, -1.678454334639670087 ) ) ;
#4138 = AXIS2_PLACEMENT_3D ( 'NONE', #1755, #2924, #1294 ) ;
#4139 = CARTESIAN_POINT ( 'NONE',  ( 75.44999986500000944, -151.0699994899999865, 4.300000000000001599 ) ) ;
#4140 = CIRCLE ( 'NONE', #3167, 2.000000000000001776 ) ;
#4141 = LINE ( 'NONE', #6458, #3041 ) ;
#4142 = DIRECTION ( 'NONE',  ( 1.000000000000000000, 0.000000000000000000, 0.000000000000000000 ) ) ;
#4143 = EDGE_CURVE ( 'NONE', #1762, #1093, #1224, .T. ) ;
#4144 = CIRCLE ( 'NONE', #2825, 2.000000000000000000 ) ;
#4145 = CONICAL_SURFACE ( 'NONE', #6814, 2.000000000000015543, 0.7853981633974489451 ) ;
#4146 = CARTESIAN_POINT ( 'NONE',  ( 58.89999999999999147, -82.30499999999999261, 5.060000000000000497 ) ) ;
#4147 = CARTESIAN_POINT ( 'NONE',  ( 112.6000000000000227, -60.67999999999999972, 6.500000000000000888 ) ) ;
#4148 = EDGE_CURVE ( 'NONE', #2913, #374, #2568, .T. ) ;
#4149 = DIRECTION ( 'NONE',  ( 1.000000000000000000, 0.000000000000000000, 0.000000000000000000 ) ) ;
#4150 = CIRCLE ( 'NONE', #7174, 2.000000000000001776 ) ;
#4151 = EDGE_LOOP ( 'NONE', ( #4826, #2074, #4590, #5204 ) ) ;
#4152 = ORIENTED_EDGE ( 'NONE', *, *, #6358, .T. ) ;
#4153 = DIRECTION ( 'NONE',  ( -0.000000000000000000, -0.000000000000000000, -1.000000000000000000 ) ) ;
#4154 = PLANE ( 'NONE',  #3620 ) ;
#4155 = VERTEX_POINT ( 'NONE', #5284 ) ;
#4156 = DIRECTION ( 'NONE',  ( -0.000000000000000000, -0.000000000000000000, -1.000000000000000000 ) ) ;
#4157 = VECTOR ( 'NONE', #820, 1000.000000000000000 ) ;
#4158 = DIRECTION ( 'NONE',  ( 1.000000000000000000, 0.000000000000000000, 0.000000000000000000 ) ) ;
#4159 = CARTESIAN_POINT ( 'NONE',  ( 62.89999999999999858, -145.5699994899999865, 4.500000000000000888 ) ) ;
#4160 = VECTOR ( 'NONE', #4575, 1000.000000000000000 ) ;
#4161 = DIRECTION ( 'NONE',  ( -0.000000000000000000, -0.000000000000000000, -1.000000000000000000 ) ) ;
#4162 = VERTEX_POINT ( 'NONE', #4722 ) ;
#4163 = LINE ( 'NONE', #7082, #4157 ) ;
#4164 = CARTESIAN_POINT ( 'NONE',  ( 114.6000000000000227, -62.67999999999999972, 4.500000000000000888 ) ) ;
#4165 = AXIS2_PLACEMENT_3D ( 'NONE', #338, #839, #4897 ) ;
#4166 = VERTEX_POINT ( 'NONE', #7038 ) ;
#4167 = ORIENTED_EDGE ( 'NONE', *, *, #5256, .F. ) ;
#4168 = DIRECTION ( 'NONE',  ( 0.000000000000000000, 0.000000000000000000, -1.000000000000000000 ) ) ;
#4169 = CARTESIAN_POINT ( 'NONE',  ( 68.89777716015065323, -147.4366661566666323, 4.500000000000000888 ) ) ;
#4170 = CARTESIAN_POINT ( 'NONE',  ( 56.54852219368763855, -93.27050685976323052, -3.954828897047160119 ) ) ;
#4171 = LINE ( 'NONE', #1265, #1458 ) ;
#4172 = DIRECTION ( 'NONE',  ( 1.000000000000000000, 0.000000000000000000, 0.000000000000000000 ) ) ;
#4173 = ORIENTED_EDGE ( 'NONE', *, *, #3456, .F. ) ;
#4174 = TOROIDAL_SURFACE ( 'NONE', #4544, 1.999999999999982681, 2.000000000000000000 ) ;
#4175 = EDGE_CURVE ( 'NONE', #3846, #1428, #2298, .T. ) ;
#4176 = CARTESIAN_POINT ( 'NONE',  ( 127.5999999999999943, -94.79967553144872738, -4.000000000000000000 ) ) ;
#4177 = ORIENTED_EDGE ( 'NONE', *, *, #676, .F. ) ;
#4178 = EDGE_CURVE ( 'NONE', #1591, #1788, #4221, .T. ) ;
#4179 = FACE_OUTER_BOUND ( 'NONE', #3014, .T. ) ;
#4180 = DIRECTION ( 'NONE',  ( -0.000000000000000000, -0.000000000000000000, 1.000000000000000000 ) ) ;
#4181 = CARTESIAN_POINT ( 'NONE',  ( 62.89999999999999858, -62.67999999999999972, 13.50000000000000178 ) ) ;
#4182 = CIRCLE ( 'NONE', #661, 2.000000000000001776 ) ;
#4183 = CARTESIAN_POINT ( 'NONE',  ( 120.6000000000000085, -147.5699994899999865, 6.500000000000001776 ) ) ;
#4184 = EDGE_CURVE ( 'NONE', #6453, #4901, #4938, .T. ) ;
#4185 = DIRECTION ( 'NONE',  ( -1.000000000000000000, -3.194334880715847085E-16, 0.000000000000000000 ) ) ;
#4186 = CARTESIAN_POINT ( 'NONE',  ( 136.6000000000000796, -98.62499974499999666, -4.000000000000000000 ) ) ;
#4187 = ORIENTED_EDGE ( 'NONE', *, *, #4231, .T. ) ;
#4188 = ORIENTED_EDGE ( 'NONE', *, *, #1518, .T. ) ;
#4189 = DIRECTION ( 'NONE',  ( -1.000000000000000000, 0.000000000000000000, 0.000000000000000000 ) ) ;
#4190 =( NAMED_UNIT ( * ) PLANE_ANGLE_UNIT ( ) SI_UNIT ( $, .RADIAN. ) );
#4191 = VERTEX_POINT ( 'NONE', #7258 ) ;
#4192 = CARTESIAN_POINT ( 'NONE',  ( 105.8499998650000009, -152.9699994900000206, 13.50000000000000178 ) ) ;
#4193 = CARTESIAN_POINT ( 'NONE',  ( 100.8999998649999981, -153.5699994899999865, 4.710000010000001680 ) ) ;
#4194 = CARTESIAN_POINT ( 'NONE',  ( 68.89777716015065323, -147.4366661566666323, 12.50000000000000000 ) ) ;
#4195 = ORIENTED_EDGE ( 'NONE', *, *, #519, .F. ) ;
#4196 = LINE ( 'NONE', #2532, #3795 ) ;
#4197 = LINE ( 'NONE', #2534, #6193 ) ;
#4198 = VERTEX_POINT ( 'NONE', #6688 ) ;
#4199 = EDGE_CURVE ( 'NONE', #1857, #611, #6296, .T. ) ;
#4200 = ORIENTED_EDGE ( 'NONE', *, *, #7063, .F. ) ;
#4201 = DIRECTION ( 'NONE',  ( 1.000000000000000000, 0.000000000000000000, 0.000000000000000000 ) ) ;
#4202 = DIRECTION ( 'NONE',  ( -1.000000000000000000, -8.068950408636817119E-17, 0.000000000000000000 ) ) ;
#4203 = CARTESIAN_POINT ( 'NONE',  ( 56.09860384855079474, -93.84193063590748807, -4.461759093601619597 ) ) ;
#4204 = CARTESIAN_POINT ( 'NONE',  ( 122.5999999999999801, -62.67999999999999972, 12.50000000000000000 ) ) ;
#4205 = DIRECTION ( 'NONE',  ( -0.000000000000000000, -1.000000000000000000, -0.000000000000000000 ) ) ;
#4206 = ORIENTED_EDGE ( 'NONE', *, *, #4677, .T. ) ;
#4207 = DIRECTION ( 'NONE',  ( 1.000000000000000000, 1.597167440357923543E-16, -0.000000000000000000 ) ) ;
#4208 = ORIENTED_EDGE ( 'NONE', *, *, #2844, .F. ) ;
#4209 = DIRECTION ( 'NONE',  ( 1.000000000000000000, -0.000000000000000000, 0.000000000000000000 ) ) ;
#4210 = EDGE_CURVE ( 'NONE', #1585, #3076, #7247, .T. ) ;
#4211 = CARTESIAN_POINT ( 'NONE',  ( 106.1226863717285909, -149.3699994899999979, -5.000000000000000000 ) ) ;
#4212 = EDGE_CURVE ( 'NONE', #4117, #1262, #715, .T. ) ;
#4213 = DIRECTION ( 'NONE',  ( 0.000000000000000000, 0.000000000000000000, -1.000000000000000000 ) ) ;
#4214 = AXIS2_PLACEMENT_3D ( 'NONE', #5209, #82, #4719 ) ;
#4215 = AXIS2_PLACEMENT_3D ( 'NONE', #1967, #824, #2579 ) ;
#4216 = DIRECTION ( 'NONE',  ( 0.000000000000000000, 0.000000000000000000, 1.000000000000000000 ) ) ;
#4217 = CARTESIAN_POINT ( 'NONE',  ( 60.39999999999999858, -149.3699994899999979, 12.50000000000000000 ) ) ;
#4218 = DIRECTION ( 'NONE',  ( 0.000000000000000000, 0.000000000000000000, 1.000000000000000000 ) ) ;
#4219 = ORIENTED_EDGE ( 'NONE', *, *, #169, .T. ) ;
#4220 = VERTEX_POINT ( 'NONE', #7338 ) ;
#4221 = CIRCLE ( 'NONE', #2045, 3.999999999999989786 ) ;
#4222 = EDGE_CURVE ( 'NONE', #2877, #1728, #1582, .T. ) ;
#4223 = CARTESIAN_POINT ( 'NONE',  ( 122.5999999999999801, -62.67999999999999972, 13.50000000000000178 ) ) ;
#4224 = FACE_OUTER_BOUND ( 'NONE', #979, .T. ) ;
#4225 = VERTEX_POINT ( 'NONE', #3239 ) ;
#4226 = CARTESIAN_POINT ( 'NONE',  ( 120.5999999999999801, -62.67999999999999972, 4.500000000000000888 ) ) ;
#4227 = LINE ( 'NONE', #5931, #3256 ) ;
#4228 = CIRCLE ( 'NONE', #2908, 2.350000000000018741 ) ;
#4229 = ADVANCED_FACE ( 'NONE', ( #2635 ), #3623, .F. ) ;
#4230 = VERTEX_POINT ( 'NONE', #2755 ) ;
#4231 = EDGE_CURVE ( 'NONE', #374, #4475, #6727, .T. ) ;
#4232 = VECTOR ( 'NONE', #4621, 1000.000000000000000 ) ;
#4233 = LINE ( 'NONE', #6480, #6223 ) ;
#4234 = CIRCLE ( 'NONE', #1344, 0.1999999999999996503 ) ;
#4235 = CYLINDRICAL_SURFACE ( 'NONE', #5342, 2.000000000000001776 ) ;
#4236 = VERTEX_POINT ( 'NONE', #2720 ) ;
#4237 = ORIENTED_EDGE ( 'NONE', *, *, #3426, .F. ) ;
#4238 = CARTESIAN_POINT ( 'NONE',  ( 120.5999999999999801, -58.67999999999999261, 13.50000000000000178 ) ) ;
#4239 = EDGE_CURVE ( 'NONE', #1130, #2000, #5541, .T. ) ;
#4240 = DIRECTION ( 'NONE',  ( 1.000000000000000000, 0.000000000000000000, 0.000000000000000000 ) ) ;
#4241 = CARTESIAN_POINT ( 'NONE',  ( 58.89999999999999147, -86.85700762055294888, -1.403481091731825892 ) ) ;
#4242 = DIRECTION ( 'NONE',  ( 0.000000000000000000, -0.000000000000000000, 1.000000000000000000 ) ) ;
#4243 = AXIS2_PLACEMENT_3D ( 'NONE', #6429, #2985, #6997 ) ;
#4244 = FACE_OUTER_BOUND ( 'NONE', #7076, .T. ) ;
#4245 = AXIS2_PLACEMENT_3D ( 'NONE', #4949, #6262, #7435 ) ;
#4246 = VERTEX_POINT ( 'NONE', #6615 ) ;
#4247 = AXIS2_PLACEMENT_3D ( 'NONE', #775, #5856, #4751 ) ;
#4248 = CARTESIAN_POINT ( 'NONE',  ( 118.6000000000000085, -64.68000000000000682, 12.50000000000000000 ) ) ;
#4249 = EDGE_LOOP ( 'NONE', ( #5865, #4346, #5205, #590 ) ) ;
#4250 = DIRECTION ( 'NONE',  ( -1.000000000000000000, 0.000000000000000000, 0.000000000000000000 ) ) ;
#4251 = VECTOR ( 'NONE', #5580, 1000.000000000000000 ) ;
#4252 = LINE ( 'NONE', #3148, #412 ) ;
#4253 = ADVANCED_FACE ( 'NONE', ( #7193 ), #1462, .F. ) ;
#4254 = CIRCLE ( 'NONE', #2935, 2.000000000000001776 ) ;
#4255 = FACE_OUTER_BOUND ( 'NONE', #883, .T. ) ;
#4256 = CARTESIAN_POINT ( 'NONE',  ( 67.92001457880847681, -149.3699994899999695, 4.720154546333149348 ) ) ;
#4257 = EDGE_CURVE ( 'NONE', #1317, #3523, #3798, .T. ) ;
#4258 = DIRECTION ( 'NONE',  ( 1.000000000000000000, 0.000000000000000000, 0.000000000000000000 ) ) ;
#4259 = CIRCLE ( 'NONE', #3297, 2.000000000000001776 ) ;
#4260 = AXIS2_PLACEMENT_3D ( 'NONE', #1610, #3308, #3917 ) ;
#4261 = CARTESIAN_POINT ( 'NONE',  ( 116.6100251257867910, -149.3699994899999979, 2.500000000000000444 ) ) ;
#4262 = VERTEX_POINT ( 'NONE', #5587 ) ;
#4263 = ORIENTED_EDGE ( 'NONE', *, *, #6937, .F. ) ;
#4264 = CARTESIAN_POINT ( 'NONE',  ( 62.89999999999999858, -147.5699994899999865, 6.500000000000001776 ) ) ;
#4265 = DIRECTION ( 'NONE',  ( -0.000000000000000000, 1.000000000000000000, 0.000000000000000000 ) ) ;
#4266 = ORIENTED_EDGE ( 'NONE', *, *, #4269, .F. ) ;
#4267 = LINE ( 'NONE', #6543, #4951 ) ;
#4268 = CARTESIAN_POINT ( 'NONE',  ( 120.5999999999999801, -62.67999999999999972, 4.500000000000000888 ) ) ;
#4269 = EDGE_CURVE ( 'NONE', #2703, #1389, #1998, .T. ) ;
#4270 = AXIS2_PLACEMENT_3D ( 'NONE', #2678, #6156, #1631 ) ;
#4271 = DIRECTION ( 'NONE',  ( 0.000000000000000000, 0.000000000000000000, 1.000000000000000000 ) ) ;
#4272 = AXIS2_PLACEMENT_3D ( 'NONE', #3247, #359, #4421 ) ;
#4273 = ORIENTED_EDGE ( 'NONE', *, *, #4999, .F. ) ;
#4274 = ORIENTED_EDGE ( 'NONE', *, *, #3196, .F. ) ;
#4275 = DIRECTION ( 'NONE',  ( -0.000000000000000000, -0.000000000000000000, -1.000000000000000000 ) ) ;
#4276 = VECTOR ( 'NONE', #3064, 1000.000000000000000 ) ;
#4277 = DIRECTION ( 'NONE',  ( 0.000000000000000000, 0.000000000000000000, 1.000000000000000000 ) ) ;
#4278 = ORIENTED_EDGE ( 'NONE', *, *, #7487, .T. ) ;
#4279 = CIRCLE ( 'NONE', #5451, 4.000000000000000000 ) ;
#4280 = ORIENTED_EDGE ( 'NONE', *, *, #1216, .T. ) ;
#4281 = DIRECTION ( 'NONE',  ( 0.000000000000000000, -0.000000000000000000, -1.000000000000000000 ) ) ;
#4282 = CIRCLE ( 'NONE', #2840, 7.000000000000006217 ) ;
#4283 = DIRECTION ( 'NONE',  ( -3.194334880715847085E-16, 1.000000000000000000, -0.000000000000000000 ) ) ;
#4284 = DIRECTION ( 'NONE',  ( 0.000000000000000000, 0.000000000000000000, 1.000000000000000000 ) ) ;
#4285 = EDGE_CURVE ( 'NONE', #1788, #2679, #2147, .T. ) ;
#4286 = FACE_OUTER_BOUND ( 'NONE', #2602, .T. ) ;
#4287 = ADVANCED_FACE ( 'NONE', ( #925 ), #7313, .F. ) ;
#4288 = AXIS2_PLACEMENT_3D ( 'NONE', #2344, #6391, #1202 ) ;
#4289 = CARTESIAN_POINT ( 'NONE',  ( 75.44999986500000944, -149.5699994899999865, 13.50000000000000178 ) ) ;
#4290 = CARTESIAN_POINT ( 'NONE',  ( 124.9065406685617603, -123.1312679628190097, -2.333269680419505665 ) ) ;
#4291 = ORIENTED_EDGE ( 'NONE', *, *, #1488, .F. ) ;
#4292 = CIRCLE ( 'NONE', #2969, 4.950000000000001066 ) ;
#4293 = CARTESIAN_POINT ( 'NONE',  ( 133.5000000000000284, -106.1249997449999967, -7.000000000000000000 ) ) ;
#4294 = AXIS2_PLACEMENT_3D ( 'NONE', #3491, #7471, #5216 ) ;
#4295 = CARTESIAN_POINT ( 'NONE',  ( 62.90000000000001279, -147.3699994899999979, 2.500000000000000444 ) ) ;
#4296 = CARTESIAN_POINT ( 'NONE',  ( 68.53452334204297358, -149.3699994899999979, 5.243280115396599328 ) ) ;
#4297 = CARTESIAN_POINT ( 'NONE',  ( 136.7500000000000284, -114.1249997450000109, -6.500000000000000888 ) ) ;
#4298 = CARTESIAN_POINT ( 'NONE',  ( 113.0083763338378873, -149.3699994899999979, 4.727140782311495926 ) ) ;
#4299 = EDGE_LOOP ( 'NONE', ( #3483, #496, #3997, #4303 ) ) ;
#4300 = ORIENTED_EDGE ( 'NONE', *, *, #3794, .T. ) ;
#4301 = FACE_OUTER_BOUND ( 'NONE', #2925, .T. ) ;
#4302 = DIRECTION ( 'NONE',  ( -0.000000000000000000, -0.000000000000000000, -1.000000000000000000 ) ) ;
#4303 = ORIENTED_EDGE ( 'NONE', *, *, #3862, .F. ) ;
#4304 = CARTESIAN_POINT ( 'NONE',  ( 60.89999999999999858, -66.68000000000000682, 2.500000000000000444 ) ) ;
#4305 = DIRECTION ( 'NONE',  ( -0.000000000000000000, -0.000000000000000000, -1.000000000000000000 ) ) ;
#4306 = EDGE_CURVE ( 'NONE', #7252, #5278, #5614, .T. ) ;
#4307 = ORIENTED_EDGE ( 'NONE', *, *, #1160, .F. ) ;
#4308 = ORIENTED_EDGE ( 'NONE', *, *, #512, .T. ) ;
#4309 = EDGE_CURVE ( 'NONE', #6524, #3780, #3686, .T. ) ;
#4310 = DIRECTION ( 'NONE',  ( 0.000000000000000000, 0.000000000000000000, -1.000000000000000000 ) ) ;
#4311 = CARTESIAN_POINT ( 'NONE',  ( 109.0000000000000000, -74.57500000000000284, -2.000000000000000000 ) ) ;
#4312 = ORIENTED_EDGE ( 'NONE', *, *, #42, .T. ) ;
#4313 = ORIENTED_EDGE ( 'NONE', *, *, #4717, .F. ) ;
#4314 = CARTESIAN_POINT ( 'NONE',  ( 82.64999986499999807, -142.6699994900000092, -5.000000000000000000 ) ) ;
#4315 = CARTESIAN_POINT ( 'NONE',  ( 118.6000000000000654, -145.5699994900000149, 6.500000000000000888 ) ) ;
#4316 = CARTESIAN_POINT ( 'NONE',  ( 58.53549466572569315, -89.08482247039063395, -2.451013034279245772 ) ) ;
#4317 = CARTESIAN_POINT ( 'NONE',  ( 60.90000000000000568, -91.80499999999996419, 7.060000000000001386 ) ) ;
#4318 = EDGE_CURVE ( 'NONE', #1891, #738, #3326, .T. ) ;
#4319 = CYLINDRICAL_SURFACE ( 'NONE', #3538, 8.000000000000007105 ) ;
#4320 = DIRECTION ( 'NONE',  ( 1.000000000000000000, 0.000000000000000000, 0.000000000000000000 ) ) ;
#4321 = VERTEX_POINT ( 'NONE', #3943 ) ;
#4322 = DIRECTION ( 'NONE',  ( 0.000000000000000000, 0.000000000000000000, -1.000000000000000000 ) ) ;
#4323 = EDGE_CURVE ( 'NONE', #4447, #2403, #1704, .T. ) ;
#4324 = LINE ( 'NONE', #6635, #6933 ) ;
#4325 = CARTESIAN_POINT ( 'NONE',  ( 124.0999999999999943, -62.67999999999999972, -6.500000000000000888 ) ) ;
#4326 = DIRECTION ( 'NONE',  ( 1.000000000000000000, 0.000000000000000000, 0.000000000000000000 ) ) ;
#4327 = CARTESIAN_POINT ( 'NONE',  ( 118.6000000000000085, -147.5699994899999865, 12.50000000000000000 ) ) ;
#4328 = ORIENTED_EDGE ( 'NONE', *, *, #4746, .F. ) ;
#4329 = ORIENTED_EDGE ( 'NONE', *, *, #4148, .F. ) ;
#4330 = DIRECTION ( 'NONE',  ( -1.000000000000000000, 0.000000000000000000, 0.000000000000000000 ) ) ;
#4331 = AXIS2_PLACEMENT_3D ( 'NONE', #289, #935, #2617 ) ;
#4332 = CARTESIAN_POINT ( 'NONE',  ( 108.1499998649999839, -151.2699994900000036, 4.700000000000001954 ) ) ;
#4333 = EDGE_LOOP ( 'NONE', ( #739, #1821, #2971 ) ) ;
#4334 = DIRECTION ( 'NONE',  ( -0.000000000000000000, -0.000000000000000000, -1.000000000000000000 ) ) ;
#4335 = CARTESIAN_POINT ( 'NONE',  ( 116.6000000000000227, -62.67999999999999972, 6.500000000000000888 ) ) ;
#4336 = CARTESIAN_POINT ( 'NONE',  ( 75.44999986500000944, -151.6699994900000092, 2.000000000000001776 ) ) ;
#4337 = CIRCLE ( 'NONE', #5180, 2.000000000000001776 ) ;
#4338 = AXIS2_PLACEMENT_3D ( 'NONE', #1849, #4158, #3739 ) ;
#4339 = ORIENTED_EDGE ( 'NONE', *, *, #5366, .T. ) ;
#4340 = ORIENTED_EDGE ( 'NONE', *, *, #3592, .T. ) ;
#4341 = FACE_OUTER_BOUND ( 'NONE', #2252, .T. ) ;
#4342 = EDGE_CURVE ( 'NONE', #788, #1920, #2186, .T. ) ;
#4343 = DIRECTION ( 'NONE',  ( -0.000000000000000000, -0.000000000000000000, 1.000000000000000000 ) ) ;
#4344 = ORIENTED_EDGE ( 'NONE', *, *, #2926, .F. ) ;
#4345 = AXIS2_PLACEMENT_3D ( 'NONE', #3890, #1014, #7419 ) ;
#4346 = ORIENTED_EDGE ( 'NONE', *, *, #4318, .F. ) ;
#4347 = EDGE_CURVE ( 'NONE', #4862, #1926, #407, .T. ) ;
#4348 = DIRECTION ( 'NONE',  ( 0.000000000000000000, 0.000000000000000000, 1.000000000000000000 ) ) ;
#4349 = CARTESIAN_POINT ( 'NONE',  ( 77.94999986499999522, -152.9699994900000206, 9.460000009999999904 ) ) ;
#4350 = DIRECTION ( 'NONE',  ( 0.000000000000000000, 0.000000000000000000, -1.000000000000000000 ) ) ;
#4351 = AXIS2_PLACEMENT_3D ( 'NONE', #2276, #3988, #4027 ) ;
#4352 = DIRECTION ( 'NONE',  ( -0.000000000000000000, -0.000000000000000000, -1.000000000000000000 ) ) ;
#4353 = CARTESIAN_POINT ( 'NONE',  ( 62.90000000000001279, -149.3699994899999979, -5.499999999999994671 ) ) ;
#4354 = VERTEX_POINT ( 'NONE', #1670 ) ;
#4355 = DIRECTION ( 'NONE',  ( 1.000000000000000000, -0.000000000000000000, -0.000000000000000000 ) ) ;
#4356 = EDGE_CURVE ( 'NONE', #972, #7387, #3819, .T. ) ;
#4357 = CIRCLE ( 'NONE', #3761, 2.350000000000018741 ) ;
#4358 = LINE ( 'NONE', #803, #6959 ) ;
#4359 = CIRCLE ( 'NONE', #365, 4.000000000000003553 ) ;
#4360 = AXIS2_PLACEMENT_3D ( 'NONE', #6992, #694, #1905 ) ;
#4361 = VECTOR ( 'NONE', #7307, 1000.000000000000000 ) ;
#4362 = PLANE ( 'NONE',  #1614 ) ;
#4363 = CARTESIAN_POINT ( 'NONE',  ( 67.15554371767798614, -149.3699994900000263, 4.491671406886107221 ) ) ;
#4364 = DIRECTION ( 'NONE',  ( 0.000000000000000000, 0.000000000000000000, -1.000000000000000000 ) ) ;
#4365 = CARTESIAN_POINT ( 'NONE',  ( 114.6666002820765442, -147.4359384300585702, 5.980065055331404089 ) ) ;
#4366 = ADVANCED_FACE ( 'NONE', ( #7420 ), #624, .F. ) ;
#4367 = VECTOR ( 'NONE', #4445, 1000.000000000000000 ) ;
#4368 = ORIENTED_EDGE ( 'NONE', *, *, #263, .T. ) ;
#4369 = VERTEX_POINT ( 'NONE', #6927 ) ;
#4370 = CARTESIAN_POINT ( 'NONE',  ( 104.1499998649999981, -142.6699994900000092, 0.000000000000000000 ) ) ;
#4371 = EDGE_CURVE ( 'NONE', #7452, #3518, #558, .T. ) ;
#4372 = ORIENTED_EDGE ( 'NONE', *, *, #4323, .T. ) ;
#4373 = CARTESIAN_POINT ( 'NONE',  ( 60.89999999999999858, -80.30499999999999261, 5.059999999999985398 ) ) ;
#4374 = CARTESIAN_POINT ( 'NONE',  ( 118.6000000000000512, -68.67999999999999261, 12.50000000000000000 ) ) ;
#4375 = CYLINDRICAL_SURFACE ( 'NONE', #1266, 2.000000000000001776 ) ;
#4376 = VECTOR ( 'NONE', #2221, 1000.000000000000000 ) ;
#4377 = ORIENTED_EDGE ( 'NONE', *, *, #4523, .F. ) ;
#4378 = ORIENTED_EDGE ( 'NONE', *, *, #1024, .T. ) ;
#4379 = VECTOR ( 'NONE', #1414, 1000.000000000000000 ) ;
#4380 = LINE ( 'NONE', #2033, #7401 ) ;
#4381 = AXIS2_PLACEMENT_3D ( 'NONE', #2222, #4530, #3316 ) ;
#4382 = DIRECTION ( 'NONE',  ( 1.000000000000000000, 0.000000000000000000, 0.000000000000000000 ) ) ;
#4383 = ORIENTED_EDGE ( 'NONE', *, *, #3720, .F. ) ;
#4384 = AXIS2_PLACEMENT_3D ( 'NONE', #2422, #3708, #5364 ) ;
#4385 = DIRECTION ( 'NONE',  ( -3.194334880715847085E-16, 1.000000000000000000, 0.000000000000000000 ) ) ;
#4386 = ORIENTED_EDGE ( 'NONE', *, *, #2781, .T. ) ;
#4387 = FACE_OUTER_BOUND ( 'NONE', #474, .T. ) ;
#4388 = LINE ( 'NONE', #3906, #3432 ) ;
#4389 = DIRECTION ( 'NONE',  ( -1.000000000000000000, 0.000000000000000000, 0.000000000000000000 ) ) ;
#4390 = AXIS2_PLACEMENT_3D ( 'NONE', #2404, #5193, #2373 ) ;
#4391 = LINE ( 'NONE', #1517, #6479 ) ;
#4392 = VECTOR ( 'NONE', #1539, 1000.000000000000114 ) ;
#4393 = DIRECTION ( 'NONE',  ( -0.000000000000000000, -0.000000000000000000, 1.000000000000000000 ) ) ;
#4394 = DIRECTION ( 'NONE',  ( -0.000000000000000000, -0.000000000000000000, 1.000000000000000000 ) ) ;
#4395 = DIRECTION ( 'NONE',  ( 0.000000000000000000, 1.000000000000000000, -0.000000000000000000 ) ) ;
#4396 = ORIENTED_EDGE ( 'NONE', *, *, #3924, .T. ) ;
#4397 = CONICAL_SURFACE ( 'NONE', #5238, 2.000000000000001776, 0.7853981633974581600 ) ;
#4398 = CARTESIAN_POINT ( 'NONE',  ( 46.89999999999991331, -98.12499974499999666, -4.500000000000000888 ) ) ;
#4399 = DIRECTION ( 'NONE',  ( 0.000000000000000000, 0.000000000000000000, -1.000000000000000000 ) ) ;
#4400 = AXIS2_PLACEMENT_3D ( 'NONE', #4496, #4650, #3981 ) ;
#4401 = VERTEX_POINT ( 'NONE', #1173 ) ;
#4402 = EDGE_CURVE ( 'NONE', #1657, #1295, #4054, .T. ) ;
#4403 = EDGE_CURVE ( 'NONE', #4447, #2747, #4766, .T. ) ;
#4404 = CARTESIAN_POINT ( 'NONE',  ( 108.3499998649999867, -150.6699994899999808, 30.00000000000000355 ) ) ;
#4405 = DIRECTION ( 'NONE',  ( -0.000000000000000000, -0.000000000000000000, -1.000000000000000000 ) ) ;
#4406 = DIRECTION ( 'NONE',  ( 0.000000000000000000, 0.000000000000000000, 1.000000000000000000 ) ) ;
#4407 = ORIENTED_EDGE ( 'NONE', *, *, #3456, .T. ) ;
#4408 = ORIENTED_EDGE ( 'NONE', *, *, #543, .T. ) ;
#4409 = CARTESIAN_POINT ( 'NONE',  ( 108.5499998649999895, -149.3699994899999979, 1.800000000000001155 ) ) ;
#4410 = ADVANCED_FACE ( 'NONE', ( #1096 ), #6585, .T. ) ;
#4411 = VERTEX_POINT ( 'NONE', #11 ) ;
#4412 = CARTESIAN_POINT ( 'NONE',  ( 124.5999999999999943, -62.67999999999999972, -6.500000000000002665 ) ) ;
#4413 = CIRCLE ( 'NONE', #3467, 4.000000000000003553 ) ;
#4414 = DIRECTION ( 'NONE',  ( 0.000000000000000000, 0.000000000000000000, 1.000000000000000000 ) ) ;
#4415 = CARTESIAN_POINT ( 'NONE',  ( 73.64999986499999807, -142.6699994900000092, -0.3500000000000152434 ) ) ;
#4416 = ORIENTED_EDGE ( 'NONE', *, *, #5885, .F. ) ;
#4417 = ORIENTED_EDGE ( 'NONE', *, *, #2411, .F. ) ;
#4418 = CYLINDRICAL_SURFACE ( 'NONE', #7148, 2.000000000000001776 ) ;
#4419 = CARTESIAN_POINT ( 'NONE',  ( 120.5999999999999943, -149.3699994899999979, -5.000000000000000000 ) ) ;
#4420 = ORIENTED_EDGE ( 'NONE', *, *, #6780, .T. ) ;
#4421 = DIRECTION ( 'NONE',  ( -1.000000000000000000, 0.000000000000000000, 0.000000000000000000 ) ) ;
#4422 = EDGE_LOOP ( 'NONE', ( #333, #4300, #6587, #5935, #7170, #1175, #5499, #3514 ) ) ;
#4423 = DIRECTION ( 'NONE',  ( 1.000000000000000000, 0.000000000000000000, 0.000000000000000000 ) ) ;
#4424 = FACE_OUTER_BOUND ( 'NONE', #355, .T. ) ;
#4425 = DIRECTION ( 'NONE',  ( -1.000000000000000000, -8.068950408636817119E-17, 0.000000000000000000 ) ) ;
#4426 = LINE ( 'NONE', #367, #3202 ) ;
#4427 = ORIENTED_EDGE ( 'NONE', *, *, #1993, .F. ) ;
#4428 = ADVANCED_FACE ( 'NONE', ( #6963 ), #2104, .F. ) ;
#4429 = DIRECTION ( 'NONE',  ( -3.469446951953671381E-15, -1.000000000000000000, 0.000000000000000000 ) ) ;
#4430 = CARTESIAN_POINT ( 'NONE',  ( 112.6000000000000227, -62.67999999999999972, 12.50000000000000000 ) ) ;
#4431 = LINE ( 'NONE', #7240, #5239 ) ;
#4432 = ORIENTED_EDGE ( 'NONE', *, *, #2380, .F. ) ;
#4433 = CARTESIAN_POINT ( 'NONE',  ( 136.6000000000000796, -98.12499974499999666, -4.500000000000000888 ) ) ;
#4434 = CARTESIAN_POINT ( 'NONE',  ( 46.75000000000004263, -106.1249997449999967, -7.000000000000000000 ) ) ;
#4435 = ORIENTED_EDGE ( 'NONE', *, *, #7506, .T. ) ;
#4436 = EDGE_CURVE ( 'NONE', #428, #502, #4610, .T. ) ;
#4437 = CARTESIAN_POINT ( 'NONE',  ( 46.89999999999991331, -98.12499974499999666, -4.000000000000000000 ) ) ;
#4438 = ADVANCED_FACE ( 'NONE', ( #477 ), #1864, .F. ) ;
#4439 = FACE_OUTER_BOUND ( 'NONE', #3085, .T. ) ;
#4440 = DIRECTION ( 'NONE',  ( 0.000000000000000000, 0.000000000000000000, -1.000000000000000000 ) ) ;
#4441 = EDGE_CURVE ( 'NONE', #3523, #7030, #5855, .T. ) ;
#4442 = DIRECTION ( 'NONE',  ( 0.000000000000000000, 0.000000000000000000, 1.000000000000000000 ) ) ;
#4443 = ORIENTED_EDGE ( 'NONE', *, *, #7129, .T. ) ;
#4444 = ORIENTED_EDGE ( 'NONE', *, *, #1540, .T. ) ;
#4445 = DIRECTION ( 'NONE',  ( 0.000000000000000000, 1.000000000000000000, 0.000000000000000000 ) ) ;
#4446 = DIRECTION ( 'NONE',  ( 0.000000000000000000, -1.000000000000000000, 0.000000000000000000 ) ) ;
#4447 = VERTEX_POINT ( 'NONE', #5202 ) ;
#4448 = EDGE_LOOP ( 'NONE', ( #288, #6346 ) ) ;
#4449 = DIRECTION ( 'NONE',  ( -0.000000000000000000, -0.000000000000000000, -1.000000000000000000 ) ) ;
#4450 = DIRECTION ( 'NONE',  ( 1.000000000000000000, 0.000000000000000000, 0.000000000000000000 ) ) ;
#4451 = SPHERICAL_SURFACE ( 'NONE', #4270, 2.000000000000000000 ) ;
#4452 = EDGE_CURVE ( 'NONE', #6364, #80, #1756, .T. ) ;
#4453 = ORIENTED_EDGE ( 'NONE', *, *, #3398, .T. ) ;
#4454 = ORIENTED_EDGE ( 'NONE', *, *, #6510, .F. ) ;
#4455 = TOROIDAL_SURFACE ( 'NONE', #7366, 3.500000000000003553, 0.5000000000000000000 ) ;
#4456 = DIRECTION ( 'NONE',  ( 0.000000000000000000, 0.000000000000000000, 1.000000000000000000 ) ) ;
#4457 = PLANE ( 'NONE',  #5532 ) ;
#4458 = ORIENTED_EDGE ( 'NONE', *, *, #6062, .F. ) ;
#4459 = CARTESIAN_POINT ( 'NONE',  ( 57.82261232021855335, -121.0981556457031161, -3.605275583722230781 ) ) ;
#4460 = EDGE_CURVE ( 'NONE', #1402, #5682, #6354, .T. ) ;
#4461 = AXIS2_PLACEMENT_3D ( 'NONE', #5893, #1994, #5317 ) ;
#4462 = ORIENTED_EDGE ( 'NONE', *, *, #3235, .F. ) ;
#4463 = CARTESIAN_POINT ( 'NONE',  ( 120.5999999999999801, -66.67999999999999261, 6.500000000000000888 ) ) ;
#4464 = VECTOR ( 'NONE', #1927, 1000.000000000000000 ) ;
#4465 = CARTESIAN_POINT ( 'NONE',  ( 122.5999999999999801, -76.12991060800082721, -4.991933044633726446 ) ) ;
#4466 = DIRECTION ( 'NONE',  ( 0.000000000000000000, 0.000000000000000000, -1.000000000000000000 ) ) ;
#4467 = DIRECTION ( 'NONE',  ( 1.000000000000000000, 0.000000000000000000, 0.000000000000000000 ) ) ;
#4468 = EDGE_CURVE ( 'NONE', #3108, #3780, #2233, .T. ) ;
#4469 = ORIENTED_EDGE ( 'NONE', *, *, #4318, .T. ) ;
#4470 = PRESENTATION_LAYER_ASSIGNMENT (  '', '', ( #341 ) ) ;
#4471 = CARTESIAN_POINT ( 'NONE',  ( 109.0000000000000000, -74.57500000000000284, -5.000000000000000000 ) ) ;
#4472 = CARTESIAN_POINT ( 'NONE',  ( 120.5999999999999943, -153.5699994899999865, 13.50000000000000178 ) ) ;
#4473 = CARTESIAN_POINT ( 'NONE',  ( 82.89999986499999807, -152.9699994900000206, 9.460000009999999904 ) ) ;
#4474 = EDGE_CURVE ( 'NONE', #6109, #2057, #5741, .T. ) ;
#4475 = VERTEX_POINT ( 'NONE', #3050 ) ;
#4476 = CARTESIAN_POINT ( 'NONE',  ( 46.75000000000004263, -106.1249997449999967, -4.000000000000000000 ) ) ;
#4477 = AXIS2_PLACEMENT_3D ( 'NONE', #2634, #5468, #5428 ) ;
#4478 = CARTESIAN_POINT ( 'NONE',  ( 116.0000000000000000, -74.57500000000000284, 0.000000000000000000 ) ) ;
#4479 = ORIENTED_EDGE ( 'NONE', *, *, #466, .T. ) ;
#4480 = CARTESIAN_POINT ( 'NONE',  ( 68.49663356084238330, -147.4317594329449150, 5.270231828473192159 ) ) ;
#4481 = CARTESIAN_POINT ( 'NONE',  ( 127.3344393381840547, -94.47823562778989981, -4.000000000000000000 ) ) ;
#4482 = LINE ( 'NONE', #2745, #6232 ) ;
#4483 = CARTESIAN_POINT ( 'NONE',  ( 62.89999999999999858, -62.67999999999999972, 12.50000000000000000 ) ) ;
#4484 = EDGE_CURVE ( 'NONE', #5542, #2068, #78, .T. ) ;
#4485 = CIRCLE ( 'NONE', #7399, 2.000000000000001776 ) ;
#4486 = EDGE_LOOP ( 'NONE', ( #3186, #2836, #3279, #560 ) ) ;
#4487 = ORIENTED_EDGE ( 'NONE', *, *, #2109, .F. ) ;
#4488 = AXIS2_PLACEMENT_3D ( 'NONE', #1910, #3702, #4189 ) ;
#4489 = DIRECTION ( 'NONE',  ( -0.000000000000000000, -0.000000000000000000, 1.000000000000000000 ) ) ;
#4490 = EDGE_CURVE ( 'NONE', #2747, #4225, #2981, .T. ) ;
#4491 = DIRECTION ( 'NONE',  ( -1.000000000000000000, 6.938893903907221278E-15, 0.000000000000000000 ) ) ;
#4492 = EDGE_LOOP ( 'NONE', ( #7379, #1890, #2145, #5287 ) ) ;
#4493 = EDGE_LOOP ( 'NONE', ( #7294, #4945, #6995, #6304 ) ) ;
#4494 = CARTESIAN_POINT ( 'NONE',  ( 125.1497221591036606, -122.5151993215063726, -2.930041733883613553 ) ) ;
#4495 = CIRCLE ( 'NONE', #2200, 2.000000000000001776 ) ;
#4496 = CARTESIAN_POINT ( 'NONE',  ( 136.7500000000000284, -106.1249997449999967, -4.500000000000000888 ) ) ;
#4497 = CONICAL_SURFACE ( 'NONE', #6794, 2.000000000000001776, 0.7853981633974581600 ) ;
#4498 = VECTOR ( 'NONE', #7297, 1000.000000000000000 ) ;
#4499 = FACE_OUTER_BOUND ( 'NONE', #5669, .T. ) ;
#4500 = ORIENTED_EDGE ( 'NONE', *, *, #3219, .T. ) ;
#4501 = ORIENTED_EDGE ( 'NONE', *, *, #4484, .F. ) ;
#4502 = CARTESIAN_POINT ( 'NONE',  ( 62.90000000000001279, -143.5699994899999865, 6.500000000000000888 ) ) ;
#4503 = AXIS2_PLACEMENT_3D ( 'NONE', #2622, #7239, #3687 ) ;
#4504 = EDGE_CURVE ( 'NONE', #4901, #7356, #2557, .T. ) ;
#4505 = DIRECTION ( 'NONE',  ( 1.000000000000000000, 0.000000000000000000, 0.000000000000000000 ) ) ;
#4506 = AXIS2_PLACEMENT_3D ( 'NONE', #5742, #5164, #4442 ) ;
#4507 = VERTEX_POINT ( 'NONE', #1838 ) ;
#4508 = EDGE_CURVE ( 'NONE', #1455, #6642, #4282, .T. ) ;
#4509 = ORIENTED_EDGE ( 'NONE', *, *, #5766, .F. ) ;
#4510 = DIRECTION ( 'NONE',  ( -1.000000000000000000, -0.000000000000000000, -0.000000000000000000 ) ) ;
#4511 = CARTESIAN_POINT ( 'NONE',  ( 118.6000000000000512, -143.5699994900000149, 6.500000000000000888 ) ) ;
#4512 = DIRECTION ( 'NONE',  ( -1.000000000000000000, 0.000000000000000000, 0.000000000000000000 ) ) ;
#4513 = CARTESIAN_POINT ( 'NONE',  ( 43.50000000000003553, -106.1249997449999967, -7.000000000000000000 ) ) ;
#4514 = ORIENTED_EDGE ( 'NONE', *, *, #5430, .T. ) ;
#4515 = CARTESIAN_POINT ( 'NONE',  ( 126.0889735450134737, -120.2850549723416407, -3.640115811310819183 ) ) ;
#4516 = AXIS2_PLACEMENT_3D ( 'NONE', #5679, #489, #6129 ) ;
#4517 = DIRECTION ( 'NONE',  ( -0.000000000000000000, -0.000000000000000000, -1.000000000000000000 ) ) ;
#4518 = EDGE_LOOP ( 'NONE', ( #2424, #6803, #2275, #6194 ) ) ;
#4519 = ORIENTED_EDGE ( 'NONE', *, *, #171, .F. ) ;
#4520 = CARTESIAN_POINT ( 'NONE',  ( 136.5999999999999943, -126.1249997450000251, -4.000000000000000000 ) ) ;
#4521 = VECTOR ( 'NONE', #817, 1000.000000000000000 ) ;
#4522 = DIRECTION ( 'NONE',  ( 1.000000000000000000, 0.000000000000000000, 0.000000000000000000 ) ) ;
#4523 = EDGE_CURVE ( 'NONE', #393, #699, #1158, .T. ) ;
#4524 = ORIENTED_EDGE ( 'NONE', *, *, #5159, .F. ) ;
#4525 = VECTOR ( 'NONE', #4385, 1000.000000000000000 ) ;
#4526 = CYLINDRICAL_SURFACE ( 'NONE', #4048, 0.5000000000000004441 ) ;
#4527 = CARTESIAN_POINT ( 'NONE',  ( 60.89999999999999858, -66.68000000000000682, 6.500000000000000888 ) ) ;
#4528 = FACE_OUTER_BOUND ( 'NONE', #5061, .T. ) ;
#4529 = CONICAL_SURFACE ( 'NONE', #2475, 2.349999999999976996, 0.7853981633974581600 ) ;
#4530 = DIRECTION ( 'NONE',  ( 0.000000000000000000, 0.000000000000000000, 1.000000000000000000 ) ) ;
#4531 = VERTEX_POINT ( 'NONE', #46 ) ;
#4532 = ORIENTED_EDGE ( 'NONE', *, *, #2564, .T. ) ;
#4533 = VECTOR ( 'NONE', #3572, 1000.000000000000000 ) ;
#4534 = CARTESIAN_POINT ( 'NONE',  ( 127.9599999999999937, -94.45268849999078498, -4.500000000000000888 ) ) ;
#4535 = AXIS2_PLACEMENT_3D ( 'NONE', #6607, #5460, #7217 ) ;
#4536 = EDGE_LOOP ( 'NONE', ( #5403, #3714, #6981, #4701 ) ) ;
#4537 = ORIENTED_EDGE ( 'NONE', *, *, #6601, .F. ) ;
#4538 = DIRECTION ( 'NONE',  ( 1.000000000000000000, 0.000000000000000000, 0.000000000000000000 ) ) ;
#4539 = CARTESIAN_POINT ( 'NONE',  ( 108.1499998649999981, -142.6699994900000092, -2.000000000000000000 ) ) ;
#4540 = DIRECTION ( 'NONE',  ( -1.000000000000000000, -8.068950408636815886E-17, -0.000000000000000000 ) ) ;
#4541 = EDGE_LOOP ( 'NONE', ( #5582, #3428, #3377, #3610 ) ) ;
#4542 = EDGE_LOOP ( 'NONE', ( #3233, #3603, #793, #789 ) ) ;
#4543 = CARTESIAN_POINT ( 'NONE',  ( 62.89999999999999858, -149.5699994899999865, 12.50000000000000000 ) ) ;
#4544 = AXIS2_PLACEMENT_3D ( 'NONE', #6477, #1291, #5323 ) ;
#4545 = DIRECTION ( 'NONE',  ( -6.938893903907342762E-15, 1.000000000000000000, 0.000000000000000000 ) ) ;
#4546 = ORIENTED_EDGE ( 'NONE', *, *, #5226, .F. ) ;
#4547 = LINE ( 'NONE', #2878, #1449 ) ;
#4548 = ADVANCED_FACE ( 'NONE', ( #1942 ), #2714, .F. ) ;
#4549 = DIRECTION ( 'NONE',  ( 0.000000000000000000, 0.000000000000000000, 1.000000000000000000 ) ) ;
#4550 = FACE_OUTER_BOUND ( 'NONE', #4757, .T. ) ;
#4551 = DIRECTION ( 'NONE',  ( 0.000000000000000000, 0.000000000000000000, -1.000000000000000000 ) ) ;
#4552 = FACE_OUTER_BOUND ( 'NONE', #258, .T. ) ;
#4553 = ADVANCED_FACE ( 'NONE', ( #6465 ), #3586, .T. ) ;
#4554 = ORIENTED_EDGE ( 'NONE', *, *, #884, .F. ) ;
#4555 = CARTESIAN_POINT ( 'NONE',  ( 127.9599999999997095, -117.7973109900095210, -4.500000000000000000 ) ) ;
#4556 = CARTESIAN_POINT ( 'NONE',  ( 56.05994175339837682, -118.3622030072939140, -4.025161790088605862 ) ) ;
#4557 = ORIENTED_EDGE ( 'NONE', *, *, #3300, .F. ) ;
#4558 = ORIENTED_EDGE ( 'NONE', *, *, #2372, .T. ) ;
#4559 = CARTESIAN_POINT ( 'NONE',  ( 124.5999999999999943, -62.67999999999999972, -6.500000000000002665 ) ) ;
#4560 = CARTESIAN_POINT ( 'NONE',  ( 108.1499998649999839, -151.0699994899999865, 4.700000000000001954 ) ) ;
#4561 = ORIENTED_EDGE ( 'NONE', *, *, #1102, .F. ) ;
#4562 = ADVANCED_FACE ( 'NONE', ( #6993 ), #2379, .F. ) ;
#4563 = CARTESIAN_POINT ( 'NONE',  ( 116.0000000000000000, -74.57500000000000284, 0.000000000000000000 ) ) ;
#4564 = CARTESIAN_POINT ( 'NONE',  ( 126.4278174791552090, -93.12068577931323432, -3.769815895947060902 ) ) ;
#4565 = CARTESIAN_POINT ( 'NONE',  ( 116.4782879712124810, -147.3829773923565654, 4.500000000000001776 ) ) ;
#4566 = CYLINDRICAL_SURFACE ( 'NONE', #7292, 2.000000000000001776 ) ;
#4567 = ADVANCED_FACE ( 'NONE', ( #5309 ), #2447, .T. ) ;
#4568 = EDGE_CURVE ( 'NONE', #853, #399, #3446, .T. ) ;
#4569 = ORIENTED_EDGE ( 'NONE', *, *, #6371, .F. ) ;
#4570 = ORIENTED_EDGE ( 'NONE', *, *, #7194, .T. ) ;
#4571 = CARTESIAN_POINT ( 'NONE',  ( 126.7188434965080859, -92.94662879509259312, -3.891987857108538229 ) ) ;
#4572 = ORIENTED_EDGE ( 'NONE', *, *, #186, .T. ) ;
#4573 = ORIENTED_EDGE ( 'NONE', *, *, #1236, .F. ) ;
#4574 = CARTESIAN_POINT ( 'NONE',  ( 127.6685700431297619, -118.0996703722387906, -4.499999999999976019 ) ) ;
#4575 = DIRECTION ( 'NONE',  ( -1.000000000000000000, 0.000000000000000000, -0.000000000000000000 ) ) ;
#4576 = ORIENTED_EDGE ( 'NONE', *, *, #4788, .T. ) ;
#4577 = ORIENTED_EDGE ( 'NONE', *, *, #7192, .F. ) ;
#4578 = CARTESIAN_POINT ( 'NONE',  ( 112.1499998649999981, -142.6699994900000092, 0.000000000000000000 ) ) ;
#4579 = FACE_OUTER_BOUND ( 'NONE', #575, .T. ) ;
#4580 = ORIENTED_EDGE ( 'NONE', *, *, #4143, .T. ) ;
#4581 = DIRECTION ( 'NONE',  ( -0.000000000000000000, -0.000000000000000000, 1.000000000000000000 ) ) ;
#4582 = CARTESIAN_POINT ( 'NONE',  ( 46.75000000000004263, -98.12499974499999666, -6.500000000000000888 ) ) ;
#4583 = CARTESIAN_POINT ( 'NONE',  ( 108.3499998649999867, -151.6699994900000092, 2.000000000000001776 ) ) ;
#4584 = CARTESIAN_POINT ( 'NONE',  ( 118.6000000000000085, -147.5699994899999865, 12.50000000000000000 ) ) ;
#4585 = ORIENTED_EDGE ( 'NONE', *, *, #4402, .F. ) ;
#4586 = ADVANCED_FACE ( 'NONE', ( #732 ), #4529, .F. ) ;
#4587 = DIRECTION ( 'NONE',  ( 0.000000000000000000, -0.000000000000000000, -1.000000000000000000 ) ) ;
#4588 = VECTOR ( 'NONE', #1178, 1000.000000000000000 ) ;
#4589 = DIRECTION ( 'NONE',  ( -0.000000000000000000, -0.000000000000000000, -1.000000000000000000 ) ) ;
#4590 = ORIENTED_EDGE ( 'NONE', *, *, #3075, .T. ) ;
#4591 = VECTOR ( 'NONE', #6214, 1000.000000000000114 ) ;
#4592 = EDGE_CURVE ( 'NONE', #3380, #502, #774, .T. ) ;
#4593 = ORIENTED_EDGE ( 'NONE', *, *, #5413, .F. ) ;
#4594 = DIRECTION ( 'NONE',  ( -1.000000000000000000, 0.000000000000000000, 0.000000000000000000 ) ) ;
#4595 = DIRECTION ( 'NONE',  ( 3.194334880715847085E-16, -1.000000000000000000, 0.000000000000000000 ) ) ;
#4596 = VECTOR ( 'NONE', #1538, 1000.000000000000114 ) ;
#4597 = ORIENTED_EDGE ( 'NONE', *, *, #4222, .T. ) ;
#4598 = DIRECTION ( 'NONE',  ( 1.000000000000000000, -0.000000000000000000, -0.000000000000000000 ) ) ;
#4599 = AXIS2_PLACEMENT_3D ( 'NONE', #4905, #7223, #435 ) ;
#4600 = EDGE_CURVE ( 'NONE', #1909, #6632, #6532, .T. ) ;
#4601 = LINE ( 'NONE', #7406, #6550 ) ;
#4602 = CARTESIAN_POINT ( 'NONE',  ( 118.6000000000000654, -66.67999999999999261, 6.500000000000000888 ) ) ;
#4603 = CIRCLE ( 'NONE', #6537, 2.000000000000015543 ) ;
#4604 = VERTEX_POINT ( 'NONE', #189 ) ;
#4605 = CIRCLE ( 'NONE', #5311, 0.5000000000000004441 ) ;
#4606 = AXIS2_PLACEMENT_3D ( 'NONE', #5523, #5042, #6231 ) ;
#4607 = DIRECTION ( 'NONE',  ( -0.000000000000000000, -0.000000000000000000, -1.000000000000000000 ) ) ;
#4608 = ORIENTED_EDGE ( 'NONE', *, *, #4999, .T. ) ;
#4609 = CARTESIAN_POINT ( 'NONE',  ( 127.3983701644712738, -118.4115852109891591, -4.461309589571421874 ) ) ;
#4610 = LINE ( 'NONE', #588, #6227 ) ;
#4611 = EDGE_CURVE ( 'NONE', #1052, #2877, #3936, .T. ) ;
#4612 = B_SPLINE_CURVE_WITH_KNOTS ( 'NONE', 3,
 ( #1095, #4574, #4609, #3479, #5201, #2184, #3401, #5097, #4494, #6361, #6926, #3359, #1135, #4053, #1172, #3942, #5777, #2754 ),
 .UNSPECIFIED., .F., .F.,
 ( 4, 2, 2, 2, 2, 2, 2, 2, 4 ),
 ( 0.000000000000000000, 0.001240537384691740809, 0.002481074769383481617, 0.004962149538767005735, 0.006202686923458764108, 0.007443224308150512940, 0.008683761692842259169, 0.009304030385188134453, 0.009924299077534009736 ),
 .UNSPECIFIED. ) ;
#4613 = AXIS2_PLACEMENT_3D ( 'NONE', #5751, #51, #6395 ) ;
#4614 = EDGE_CURVE ( 'NONE', #4230, #688, #6572, .T. ) ;
#4615 = VERTEX_POINT ( 'NONE', #3229 ) ;
#4616 = ORIENTED_EDGE ( 'NONE', *, *, #2984, .T. ) ;
#4617 = CIRCLE ( 'NONE', #2323, 2.000000000000000000 ) ;
#4618 = AXIS2_PLACEMENT_3D ( 'NONE', #4325, #7176, #6142 ) ;
#4619 = CARTESIAN_POINT ( 'NONE',  ( 114.0000000000000000, -74.57500000000000284, -0.3500000000000152434 ) ) ;
#4620 = ORIENTED_EDGE ( 'NONE', *, *, #2314, .T. ) ;
#4621 = DIRECTION ( 'NONE',  ( 1.000000000000000000, 0.000000000000000000, 0.000000000000000000 ) ) ;
#4622 = CIRCLE ( 'NONE', #5572, 0.5000000000000004441 ) ;
#4623 = CARTESIAN_POINT ( 'NONE',  ( 136.7500000000000284, -98.62499974499999666, -6.500000000000000888 ) ) ;
#4624 = CARTESIAN_POINT ( 'NONE',  ( 114.5377425630727686, -149.3699994899999979, 6.500000000000007105 ) ) ;
#4625 = CARTESIAN_POINT ( 'NONE',  ( 60.89999999999999858, -71.85516544620813306, -5.000000000000000888 ) ) ;
#4626 = VERTEX_POINT ( 'NONE', #5009 ) ;
#4627 = VECTOR ( 'NONE', #6707, 1000.000000000000000 ) ;
#4628 = B_SPLINE_CURVE_WITH_KNOTS ( 'NONE', 3,
 ( #3313, #1526, #3838, #6141, #5693, #5006, #2173, #949, #3269, #4480, #2705, #3970, #461, #3927, #5083, #6236 ),
 .UNSPECIFIED., .F., .F.,
 ( 4, 2, 2, 2, 2, 2, 2, 4 ),
 ( 0.000000000000000000, 0.0003916143759636838860, 0.0007832287519273677719, 0.001174843127891051766, 0.001566457503854735544, 0.002349686255782106135, 0.002741300631745791430, 0.003132915007709476726 ),
 .UNSPECIFIED. ) ;
#4629 = CARTESIAN_POINT ( 'NONE',  ( 124.8375531895042343, -123.4796242478842316, -2.183056401209677144 ) ) ;
#4630 = DIRECTION ( 'NONE',  ( 0.000000000000000000, 0.000000000000000000, 1.000000000000000000 ) ) ;
#4631 = ORIENTED_EDGE ( 'NONE', *, *, #4831, .F. ) ;
#4632 = VERTEX_POINT ( 'NONE', #2137 ) ;
#4633 = AXIS2_PLACEMENT_3D ( 'NONE', #3227, #914, #7214 ) ;
#4634 = AXIS2_PLACEMENT_3D ( 'NONE', #4311, #4911, #6085 ) ;
#4635 = LINE ( 'NONE', #32, #1237 ) ;
#4636 = DIRECTION ( 'NONE',  ( 0.000000000000000000, 0.000000000000000000, 1.000000000000000000 ) ) ;
#4637 = ORIENTED_EDGE ( 'NONE', *, *, #2358, .T. ) ;
#4638 = DIRECTION ( 'NONE',  ( 1.000000000000000000, 0.000000000000000000, 0.000000000000000000 ) ) ;
#4639 = FACE_OUTER_BOUND ( 'NONE', #3711, .T. ) ;
#4640 = VECTOR ( 'NONE', #7433, 1000.000000000000000 ) ;
#4641 = DIRECTION ( 'NONE',  ( -0.000000000000000000, -0.000000000000000000, -1.000000000000000000 ) ) ;
#4642 = LINE ( 'NONE', #5272, #6489 ) ;
#4643 = CIRCLE ( 'NONE', #1378, 2.349999999999976996 ) ;
#4644 = EDGE_CURVE ( 'NONE', #158, #6478, #1643, .T. ) ;
#4645 = ADVANCED_FACE ( 'NONE', ( #301 ), #265, .F. ) ;
#4646 = AXIS2_PLACEMENT_3D ( 'NONE', #6043, #2465, #6512 ) ;
#4647 = CARTESIAN_POINT ( 'NONE',  ( 124.5999999999999943, -86.88751558185680324, -1.345844397861757580 ) ) ;
#4648 = VERTEX_POINT ( 'NONE', #1529 ) ;
#4649 = FACE_OUTER_BOUND ( 'NONE', #3063, .T. ) ;
#4650 = DIRECTION ( 'NONE',  ( 0.000000000000000000, 0.000000000000000000, 1.000000000000000000 ) ) ;
#4651 = VECTOR ( 'NONE', #2838, 1000.000000000000000 ) ;
#4652 = ORIENTED_EDGE ( 'NONE', *, *, #6580, .F. ) ;
#4653 = ORIENTED_EDGE ( 'NONE', *, *, #6789, .T. ) ;
#4654 = EDGE_CURVE ( 'NONE', #4648, #434, #6094, .T. ) ;
#4655 = CARTESIAN_POINT ( 'NONE',  ( 122.5999999999999801, -70.67999999999999261, 12.50000000000000000 ) ) ;
#4656 = DIRECTION ( 'NONE',  ( 1.000000000000000000, 0.000000000000000000, 0.000000000000000000 ) ) ;
#4657 = ORIENTED_EDGE ( 'NONE', *, *, #7116, .T. ) ;
#4658 = AXIS2_PLACEMENT_3D ( 'NONE', #3693, #3080, #3797 ) ;
#4659 = DIRECTION ( 'NONE',  ( 0.000000000000000000, -1.000000000000000000, 0.000000000000000000 ) ) ;
#4660 = FACE_OUTER_BOUND ( 'NONE', #7453, .T. ) ;
#4661 = CARTESIAN_POINT ( 'NONE',  ( 62.89999999999999858, -64.68000000000000682, 6.500000000000001776 ) ) ;
#4662 = CARTESIAN_POINT ( 'NONE',  ( 62.89999999999999858, -62.67999999999999972, 2.500000000000000444 ) ) ;
#4663 = ORIENTED_EDGE ( 'NONE', *, *, #6937, .T. ) ;
#4664 = AXIS2_PLACEMENT_3D ( 'NONE', #1254, #5148, #5257 ) ;
#4665 = DIRECTION ( 'NONE',  ( 0.000000000000000000, 0.000000000000000000, 1.000000000000000000 ) ) ;
#4666 = CARTESIAN_POINT ( 'NONE',  ( 58.84094192129246181, -124.6075922549843966, -1.688331266638251504 ) ) ;
#4667 = EDGE_LOOP ( 'NONE', ( #5659, #6834, #3355, #1652 ) ) ;
#4668 = ORIENTED_EDGE ( 'NONE', *, *, #5276, .T. ) ;
#4669 = FACE_OUTER_BOUND ( 'NONE', #1174, .T. ) ;
#4670 = CARTESIAN_POINT ( 'NONE',  ( 105.6499998649999981, -153.5699994899999865, 9.460000009999998127 ) ) ;
#4671 = ADVANCED_FACE ( 'NONE', ( #1568 ), #3116, .T. ) ;
#4672 = ORIENTED_EDGE ( 'NONE', *, *, #3726, .T. ) ;
#4673 = DIRECTION ( 'NONE',  ( 0.000000000000000000, 0.000000000000000000, -1.000000000000000000 ) ) ;
#4674 = DIRECTION ( 'NONE',  ( -1.000000000000000000, 0.000000000000000000, 0.000000000000000000 ) ) ;
#4675 = FACE_OUTER_BOUND ( 'NONE', #1354, .T. ) ;
#4676 = DIRECTION ( 'NONE',  ( 0.000000000000000000, -1.000000000000000000, 1.826024711554540076E-16 ) ) ;
#4677 = EDGE_CURVE ( 'NONE', #1825, #7030, #2599, .T. ) ;
#4678 = CARTESIAN_POINT ( 'NONE',  ( 125.1530522431966119, -89.74543462386330361, -2.935349393564218090 ) ) ;
#4679 = CARTESIAN_POINT ( 'NONE',  ( 116.0000000000000000, -74.57500000000000284, -2.000000000000000000 ) ) ;
#4680 = EDGE_CURVE ( 'NONE', #1057, #5498, #2850, .T. ) ;
#4681 = CARTESIAN_POINT ( 'NONE',  ( 108.1499998649999981, -142.6699994900000092, -5.000000000000000000 ) ) ;
#4682 = ORIENTED_EDGE ( 'NONE', *, *, #7481, .T. ) ;
#4683 = ORIENTED_EDGE ( 'NONE', *, *, #5774, .T. ) ;
#4684 = CARTESIAN_POINT ( 'NONE',  ( 120.6000000000000085, -147.3699994899999979, 2.500000000000000444 ) ) ;
#4685 = LINE ( 'NONE', #3450, #4588 ) ;
#4686 = VERTEX_POINT ( 'NONE', #808 ) ;
#4687 = DIRECTION ( 'NONE',  ( 0.000000000000000000, 1.000000000000000000, 0.000000000000000000 ) ) ;
#4688 = DIRECTION ( 'NONE',  ( 0.000000000000000000, 0.000000000000000000, 1.000000000000000000 ) ) ;
#4689 = DIRECTION ( 'NONE',  ( 1.000000000000000000, 0.000000000000000000, 0.000000000000000000 ) ) ;
#4690 = CARTESIAN_POINT ( 'NONE',  ( 75.24999986500000659, -149.3699994899999979, 2.000000000000001776 ) ) ;
#4691 = ORIENTED_EDGE ( 'NONE', *, *, #1190, .F. ) ;
#4692 = CARTESIAN_POINT ( 'NONE',  ( 124.6707501340502375, -124.6285879810908597, -1.750211480747650983 ) ) ;
#4693 = EDGE_CURVE ( 'NONE', #3441, #6966, #1869, .T. ) ;
#4694 = CYLINDRICAL_SURFACE ( 'NONE', #4138, 2.000000000000001776 ) ;
#4695 = ORIENTED_EDGE ( 'NONE', *, *, #5438, .F. ) ;
#4696 = VERTEX_POINT ( 'NONE', #227 ) ;
#4697 = CARTESIAN_POINT ( 'NONE',  ( 58.89999999999999147, -62.67999999999999972, -6.500000000000002665 ) ) ;
#4698 = DIRECTION ( 'NONE',  ( 0.000000000000000000, 1.000000000000000000, 0.000000000000000000 ) ) ;
#4699 = B_SPLINE_CURVE_WITH_KNOTS ( 'NONE', 3,
 ( #6751, #4481, #1047, #3314, #4564, #5574, #6275, #1617, #1167, #2292, #3928, #2259, #6237, #6878, #424, #3352 ),
 .UNSPECIFIED., .F., .F.,
 ( 4, 2, 2, 2, 2, 2, 2, 4 ),
 ( 0.000000000000000000, 0.001235262798645920222, 0.002470525597291840444, 0.004941051194583683491, 0.006176313993229604581, 0.007411576791875525670, 0.008646839590521447627, 0.009882102389167368717 ),
 .UNSPECIFIED. ) ;
#4700 = DIRECTION ( 'NONE',  ( 0.000000000000000000, 0.000000000000000000, -1.000000000000000000 ) ) ;
#4701 = ORIENTED_EDGE ( 'NONE', *, *, #4922, .F. ) ;
#4702 = CIRCLE ( 'NONE', #7243, 0.5000000000000004441 ) ;
#4703 = ADVANCED_FACE ( 'NONE', ( #7178 ), #5245, .T. ) ;
#4704 = DIRECTION ( 'NONE',  ( 0.000000000000000000, 0.000000000000000000, 1.000000000000000000 ) ) ;
#4705 = CARTESIAN_POINT ( 'NONE',  ( 75.64999986499999807, -142.6699994900000092, -6.000000000000000000 ) ) ;
#4706 = CARTESIAN_POINT ( 'NONE',  ( 60.90000000000001279, -145.5699994899999865, 6.500000000000000888 ) ) ;
#4707 = CYLINDRICAL_SURFACE ( 'NONE', #2064, 4.000000000000003553 ) ;
#4708 = CIRCLE ( 'NONE', #5189, 3.999999999999976019 ) ;
#4709 = CARTESIAN_POINT ( 'NONE',  ( 68.90000000000000568, -62.67999999999999972, 6.500000000000000888 ) ) ;
#4710 = CARTESIAN_POINT ( 'NONE',  ( 124.9645053342772911, -89.08482247038476487, -2.451013034284554415 ) ) ;
#4711 = DIRECTION ( 'NONE',  ( 1.000000000000000000, 0.000000000000000000, 0.000000000000000000 ) ) ;
#4712 = CARTESIAN_POINT ( 'NONE',  ( 60.89999999999999858, -77.29483455379187262, -5.000000000000000888 ) ) ;
#4713 = EDGE_CURVE ( 'NONE', #1159, #2818, #6675, .T. ) ;
#4714 = VECTOR ( 'NONE', #1848, 1000.000000000000000 ) ;
#4715 = VERTEX_POINT ( 'NONE', #3730 ) ;
#4716 = VERTEX_POINT ( 'NONE', #2707 ) ;
#4717 = EDGE_CURVE ( 'NONE', #6305, #387, #6606, .T. ) ;
#4718 = DIRECTION ( 'NONE',  ( -0.000000000000000000, -0.000000000000000000, -1.000000000000000000 ) ) ;
#4719 = DIRECTION ( 'NONE',  ( 1.000000000000000000, 0.000000000000000000, 0.000000000000000000 ) ) ;
#4720 = ORIENTED_EDGE ( 'NONE', *, *, #3118, .F. ) ;
#4721 = DIRECTION ( 'NONE',  ( -0.000000000000000000, -0.000000000000000000, -1.000000000000000000 ) ) ;
#4722 = CARTESIAN_POINT ( 'NONE',  ( 68.64999986499999807, -142.6699994900000092, -5.000000000000000000 ) ) ;
#4723 = FACE_OUTER_BOUND ( 'NONE', #6207, .T. ) ;
#4724 = CARTESIAN_POINT ( 'NONE',  ( 46.75000000000004263, -106.1249997449999967, -4.000000000000000000 ) ) ;
#4725 = CIRCLE ( 'NONE', #3645, 3.000000000000000000 ) ;
#4726 = ORIENTED_EDGE ( 'NONE', *, *, #5241, .F. ) ;
#4727 = CIRCLE ( 'NONE', #4618, 0.5000000000000004441 ) ;
#4728 = EDGE_CURVE ( 'NONE', #594, #4686, #2019, .T. ) ;
#4729 = DIRECTION ( 'NONE',  ( 0.000000000000000000, 0.000000000000000000, 1.000000000000000000 ) ) ;
#4730 = EDGE_CURVE ( 'NONE', #4696, #5705, #1452, .T. ) ;
#4731 = AXIS2_PLACEMENT_3D ( 'NONE', #7143, #740, #3055 ) ;
#4732 = CARTESIAN_POINT ( 'NONE',  ( 58.82924986595546102, -124.6285879811016741, -1.750211480740964110 ) ) ;
#4733 = EDGE_LOOP ( 'NONE', ( #2013, #165, #272, #481, #535, #4368, #4909, #1545 ) ) ;
#4734 = ORIENTED_EDGE ( 'NONE', *, *, #4199, .F. ) ;
#4735 = DIRECTION ( 'NONE',  ( 1.000000000000000000, -6.661338147750933721E-15, 0.000000000000000000 ) ) ;
#4736 = AXIS2_PLACEMENT_3D ( 'NONE', #5166, #2871, #2750 ) ;
#4737 = CARTESIAN_POINT ( 'NONE',  ( 75.64999986500001228, -152.7699994900000036, 13.50000000000000178 ) ) ;
#4738 = CARTESIAN_POINT ( 'NONE',  ( 58.89999999999400160, -86.87225877730159596, -1.374661511452673679 ) ) ;
#4739 = VECTOR ( 'NONE', #5339, 1000.000000000000000 ) ;
#4740 = CARTESIAN_POINT ( 'NONE',  ( 50.00000000000004263, -106.1249997449999967, -4.000000000000000000 ) ) ;
#4741 = LINE ( 'NONE', #5771, #4739 ) ;
#4742 = CARTESIAN_POINT ( 'NONE',  ( 120.5999999999999943, -149.5699994899999865, 13.50000000000000178 ) ) ;
#4743 = AXIS2_PLACEMENT_3D ( 'NONE', #204, #1431, #3677 ) ;
#4744 = CARTESIAN_POINT ( 'NONE',  ( 60.90000000000001279, -141.5699994899999865, 6.500000000000000888 ) ) ;
#4745 = CARTESIAN_POINT ( 'NONE',  ( 105.6499998649999981, -152.9699994900000206, 13.50000000000000178 ) ) ;
#4746 = EDGE_CURVE ( 'NONE', #4246, #318, #1492, .T. ) ;
#4747 = AXIS2_PLACEMENT_3D ( 'NONE', #6302, #5872, #2963 ) ;
#4748 = PLANE ( 'NONE',  #2540 ) ;
#4749 = AXIS2_PLACEMENT_3D ( 'NONE', #6313, #3434, #5740 ) ;
#4750 = DIRECTION ( 'NONE',  ( 0.000000000000000000, 0.000000000000000000, 1.000000000000000000 ) ) ;
#4751 = DIRECTION ( 'NONE',  ( -1.000000000000000000, 0.000000000000000000, 0.000000000000000000 ) ) ;
#4752 = CARTESIAN_POINT ( 'NONE',  ( 46.75000000000004263, -98.62499974499999666, -4.500000000000000888 ) ) ;
#4753 = VECTOR ( 'NONE', #4598, 1000.000000000000000 ) ;
#4754 = CARTESIAN_POINT ( 'NONE',  ( 58.89999999999999147, -86.31231044798053631, -1.084956076824832305 ) ) ;
#4755 = VECTOR ( 'NONE', #164, 1000.000000000000000 ) ;
#4756 = ORIENTED_EDGE ( 'NONE', *, *, #2621, .T. ) ;
#4757 = EDGE_LOOP ( 'NONE', ( #3199, #7185, #4291, #5834 ) ) ;
#4758 = EDGE_CURVE ( 'NONE', #387, #3515, #916, .T. ) ;
#4759 = DIRECTION ( 'NONE',  ( -1.000000000000000000, 0.000000000000000000, 0.000000000000000000 ) ) ;
#4760 = DIRECTION ( 'NONE',  ( 1.000000000000000000, 1.597167440357923543E-16, -0.000000000000000000 ) ) ;
#4761 = ORIENTED_EDGE ( 'NONE', *, *, #2134, .F. ) ;
#4762 = FACE_OUTER_BOUND ( 'NONE', #2927, .T. ) ;
#4763 = VECTOR ( 'NONE', #5476, 1000.000000000000114 ) ;
#4764 = LINE ( 'NONE', #3595, #951 ) ;
#4765 = DIRECTION ( 'NONE',  ( -0.000000000000000000, -1.000000000000000000, -0.000000000000000000 ) ) ;
#4766 = CIRCLE ( 'NONE', #885, 2.000000000000000000 ) ;
#4767 = ORIENTED_EDGE ( 'NONE', *, *, #4347, .F. ) ;
#4768 = DIRECTION ( 'NONE',  ( -1.000000000000000000, 0.000000000000000000, 0.000000000000000000 ) ) ;
#4769 = DIRECTION ( 'NONE',  ( 1.000000000000000000, 0.000000000000000000, 0.000000000000000000 ) ) ;
#4770 = EDGE_CURVE ( 'NONE', #1601, #5682, #7328, .T. ) ;
#4771 = VECTOR ( 'NONE', #4405, 1000.000000000000000 ) ;
#4772 = EDGE_LOOP ( 'NONE', ( #4312, #3747, #1542, #4274 ) ) ;
#4773 = ORIENTED_EDGE ( 'NONE', *, *, #2564, .F. ) ;
#4774 = CARTESIAN_POINT ( 'NONE',  ( 65.34999999999999432, -74.57500000000000284, -6.000000000000000000 ) ) ;
#4775 = EDGE_CURVE ( 'NONE', #4321, #688, #1275, .T. ) ;
#4776 = DIRECTION ( 'NONE',  ( 1.000000000000000000, 0.000000000000000000, 0.000000000000000000 ) ) ;
#4777 = CARTESIAN_POINT ( 'NONE',  ( 58.20055701119295577, -90.18037095792178093, -2.942635367591272200 ) ) ;
#4778 = DIRECTION ( 'NONE',  ( -1.000000000000000000, 0.000000000000000000, 0.000000000000000000 ) ) ;
#4779 = LINE ( 'NONE', #2370, #3284 ) ;
#4780 = DIRECTION ( 'NONE',  ( 1.000000000000000000, 0.000000000000000000, 0.000000000000000000 ) ) ;
#4781 = AXIS2_PLACEMENT_3D ( 'NONE', #1646, #3959, #6093 ) ;
#4782 = CLOSED_SHELL ( 'NONE', ( #5044, #2847, #1894, #4586, #872, #2906, #7414, #7229, #4548, #3666, #240, #3485, #4253, #7429, #7012, #4287, #3630, #4438, #875, #6874, #268, #2112, #369, #4410, #6107, #967, #6710, #3087, #832, #4645, #3583, #5540, #5975, #4366, #7282, #4562, #2709, #5858, #7324, #6013, #2288, #6994, #6349, #901, #7270, #6766, #12, #2570, #6054, #4003, #3685, #2893, #6975, #2700, #1527, #635, #196, #3660, #3260, #4043, #1647, #2937, #1989, #804, #5122, #3317, #5569, #1663, #2751, #924, #3531, #3756, #4046, #5986, #1559, #5098, #441, #2391, #317, #2010, #1282, #3443, #1871, #1918, #5806, #2218, #5724, #6872, #6234, #7298, #5376, #7511, #7095, #4012, #2509, #6357, #3206, #7291, #2151, #4978, #6714, #5612, #3753, #1945, #7134, #5021, #3679, #3920, #5138, #2920, #4553, #5483, #608, #5277, #1233, #5230, #3950, #6912, #3776, #696, #460, #4567, #2230, #332, #3561, #618, #6321, #6954, #5786, #6682, #5710, #2081, #4086, #2580, #1157, #5410, #2016, #3506, #6768, #3103, #2594, #3022, #1308, #59, #4017, #5756, #469, #5673, #6264, #6812, #437, #3549, #5141, #5891, #1447, #2086, #6145, #769, #3381, #185, #7409, #6416, #5835, #6034, #5621, #6443, #1683, #4097, #3365, #1896, #488, #7392, #7238, #5450, #5361, #1693, #5052, #327, #4703, #74, #3151, #5625, #1350, #3913, #860, #6764, #2331, #5475, #6662, #2637, #926, #6934, #6617, #5187, #4860, #1326, #5316, #3113, #3461, #3097, #4229, #1791, #425, #626, #973, #1786, #5269, #1079, #2341, #737, #2742, #2381, #6447, #6597, #6080, #1413, #7177, #7035, #1687, #4428, #5526, #4961, #4794, #5185, #4899, #6021, #5040, #5069, #1735, #3010, #727, #3709, #3361, #6131, #4671, #294, #2042, #1903, #1346, #7467 ) ) ;
#4783 = DIRECTION ( 'NONE',  ( 0.000000000000000000, 0.000000000000000000, 1.000000000000000000 ) ) ;
#4784 = ORIENTED_EDGE ( 'NONE', *, *, #2030, .T. ) ;
#4785 = DIRECTION ( 'NONE',  ( 1.000000000000000000, 0.000000000000000000, 0.000000000000000000 ) ) ;
#4786 = DIRECTION ( 'NONE',  ( 1.597167440357923543E-16, -1.000000000000000000, 0.000000000000000000 ) ) ;
#4787 = EDGE_CURVE ( 'NONE', #6478, #5903, #4859, .T. ) ;
#4788 = EDGE_CURVE ( 'NONE', #4411, #6618, #4482, .T. ) ;
#4789 = CARTESIAN_POINT ( 'NONE',  ( 125.2725456171856280, -90.10397068385607611, -3.112121179641902824 ) ) ;
#4790 = DIRECTION ( 'NONE',  ( -0.000000000000000000, -0.000000000000000000, -1.000000000000000000 ) ) ;
#4791 = DIRECTION ( 'NONE',  ( -0.000000000000000000, -0.000000000000000000, 1.000000000000000000 ) ) ;
#4792 = EDGE_CURVE ( 'NONE', #1428, #1657, #2398, .T. ) ;
#4793 = CARTESIAN_POINT ( 'NONE',  ( 58.59345933143823260, -89.11873152718115421, -2.333269680419590042 ) ) ;
#4794 = ADVANCED_FACE ( 'NONE', ( #4528 ), #2242, .F. ) ;
#4795 = ORIENTED_EDGE ( 'NONE', *, *, #2030, .F. ) ;
#4796 = ORIENTED_EDGE ( 'NONE', *, *, #5049, .F. ) ;
#4797 = LINE ( 'NONE', #6610, #2923 ) ;
#4798 = DIRECTION ( 'NONE',  ( 1.000000000000000000, 0.000000000000000000, 0.000000000000000000 ) ) ;
#4799 = ORIENTED_EDGE ( 'NONE', *, *, #5506, .T. ) ;
#4800 = CYLINDRICAL_SURFACE ( 'NONE', #5683, 4.000000000000017764 ) ;
#4801 = CARTESIAN_POINT ( 'NONE',  ( 125.1497179918871723, -89.73478703702748760, -2.930035196536567632 ) ) ;
#4802 = DIRECTION ( 'NONE',  ( -1.000000000000000000, 0.000000000000000000, 0.000000000000000000 ) ) ;
#4803 = ORIENTED_EDGE ( 'NONE', *, *, #2236, .F. ) ;
#4804 = CARTESIAN_POINT ( 'NONE',  ( 64.90000000000000568, -64.68000000000000682, 4.500000000000000888 ) ) ;
#4805 = ORIENTED_EDGE ( 'NONE', *, *, #2689, .T. ) ;
#4806 = ORIENTED_EDGE ( 'NONE', *, *, #5921, .F. ) ;
#4807 = DIRECTION ( 'NONE',  ( 0.000000000000000000, 0.000000000000000000, 1.000000000000000000 ) ) ;
#4808 = CARTESIAN_POINT ( 'NONE',  ( 62.89999999999999858, -60.67999999999999972, 2.500000000000000444 ) ) ;
#4809 = CARTESIAN_POINT ( 'NONE',  ( 57.77250365539143218, -91.26476830975552446, -3.389930888824860933 ) ) ;
#4810 = EDGE_CURVE ( 'NONE', #6428, #6252, #7196, .T. ) ;
#4811 = CARTESIAN_POINT ( 'NONE',  ( 118.6000000000000085, -64.68000000000000682, 12.14999999999999325 ) ) ;
#4812 = EDGE_CURVE ( 'NONE', #1555, #4191, #5859, .T. ) ;
#4813 = CYLINDRICAL_SURFACE ( 'NONE', #4503, 2.000000000000001776 ) ;
#4814 = CARTESIAN_POINT ( 'NONE',  ( 127.0898259255490927, -118.1021017638545061, -3.965522148177875295 ) ) ;
#4815 = CARTESIAN_POINT ( 'NONE',  ( 58.23132345056188086, -122.1570954829426228, -3.106740592425093261 ) ) ;
#4816 = ORIENTED_EDGE ( 'NONE', *, *, #6030, .F. ) ;
#4817 = DIRECTION ( 'NONE',  ( -1.000000000000000000, 0.000000000000000000, 0.000000000000000000 ) ) ;
#4818 = DIRECTION ( 'NONE',  ( -0.000000000000000000, -0.000000000000000000, -1.000000000000000000 ) ) ;
#4819 = EDGE_CURVE ( 'NONE', #768, #2680, #3177, .T. ) ;
#4820 = DIRECTION ( 'NONE',  ( 0.000000000000000000, 0.000000000000000000, 1.000000000000000000 ) ) ;
#4821 = AXIS2_PLACEMENT_3D ( 'NONE', #3591, #3703, #2024 ) ;
#4822 = DIRECTION ( 'NONE',  ( 1.000000000000000000, 0.000000000000000000, -1.387778780781446938E-14 ) ) ;
#4823 = CARTESIAN_POINT ( 'NONE',  ( 60.90000000000000568, -76.38818766478496514, -4.984942804026633034 ) ) ;
#4824 = CARTESIAN_POINT ( 'NONE',  ( 115.6985043389729526, -149.3699994900036643, 4.660274659035637868 ) ) ;
#4825 = ORIENTED_EDGE ( 'NONE', *, *, #5384, .T. ) ;
#4826 = ORIENTED_EDGE ( 'NONE', *, *, #1608, .F. ) ;
#4827 = AXIS2_PLACEMENT_3D ( 'NONE', #1645, #2619, #6261 ) ;
#4828 = CARTESIAN_POINT ( 'NONE',  ( 57.07218252084475552, -119.1293137106867874, -3.769815895947056017 ) ) ;
#4829 = AXIS2_PLACEMENT_3D ( 'NONE', #1870, #2442, #3612 ) ;
#4830 = DIRECTION ( 'NONE',  ( -0.000000000000000000, -0.000000000000000000, 1.000000000000000000 ) ) ;
#4831 = EDGE_CURVE ( 'NONE', #3780, #6278, #1618, .T. ) ;
#4832 = ORIENTED_EDGE ( 'NONE', *, *, #1138, .T. ) ;
#4833 = DIRECTION ( 'NONE',  ( 0.000000000000000000, 0.000000000000000000, 1.000000000000000000 ) ) ;
#4834 = DIRECTION ( 'NONE',  ( -0.000000000000000000, -0.000000000000000000, -1.000000000000000000 ) ) ;
#4835 = VECTOR ( 'NONE', #1424, 1000.000000000000000 ) ;
#4836 = FACE_OUTER_BOUND ( 'NONE', #3889, .T. ) ;
#4837 = EDGE_CURVE ( 'NONE', #96, #2491, #4131, .T. ) ;
#4838 = EDGE_LOOP ( 'NONE', ( #7346, #678, #2256, #6164, #4816, #6327, #6564, #6072, #4378, #6938 ) ) ;
#4839 = ORIENTED_EDGE ( 'NONE', *, *, #281, .F. ) ;
#4840 = FACE_OUTER_BOUND ( 'NONE', #716, .T. ) ;
#4841 = DIRECTION ( 'NONE',  ( -0.000000000000000000, -0.000000000000000000, 1.000000000000000000 ) ) ;
#4842 = ORIENTED_EDGE ( 'NONE', *, *, #1241, .F. ) ;
#4843 = EDGE_LOOP ( 'NONE', ( #6383, #3131 ) ) ;
#4844 = CARTESIAN_POINT ( 'NONE',  ( 58.89584902920557141, -86.48918460958002186, -1.200737814045515384 ) ) ;
#4845 = LINE ( 'NONE', #7119, #6335 ) ;
#4846 = DIRECTION ( 'NONE',  ( 0.000000000000000000, 1.000000000000000000, 0.000000000000000000 ) ) ;
#4847 = AXIS2_PLACEMENT_3D ( 'NONE', #1567, #6311, #6190 ) ;
#4848 = LINE ( 'NONE', #1407, #3405 ) ;
#4849 = DIRECTION ( 'NONE',  ( 3.194334880715847085E-16, -1.000000000000000000, -0.000000000000000000 ) ) ;
#4850 = CARTESIAN_POINT ( 'NONE',  ( 105.8499998649999867, -152.9699994900000206, 9.460000009999998127 ) ) ;
#4851 = TOROIDAL_SURFACE ( 'NONE', #6793, 7.000000000000007105, 3.000000000000000000 ) ;
#4852 = CARTESIAN_POINT ( 'NONE',  ( 66.90000000000000568, -147.5699994899999865, 6.500000000000001776 ) ) ;
#4853 = EDGE_LOOP ( 'NONE', ( #4637, #2234, #4129, #6267 ) ) ;
#4854 = VECTOR ( 'NONE', #685, 1000.000000000000000 ) ;
#4855 = AXIS2_PLACEMENT_3D ( 'NONE', #920, #2142, #1195 ) ;
#4856 = CARTESIAN_POINT ( 'NONE',  ( 62.90000000000001279, -147.3699994899999979, 12.50000000000000000 ) ) ;
#4857 = CARTESIAN_POINT ( 'NONE',  ( 46.75000000000004263, -113.6249997450000109, -6.500000000000000888 ) ) ;
#4858 = CARTESIAN_POINT ( 'NONE',  ( 67.41300580059528613, -149.3699994899999979, 2.525553956480390827 ) ) ;
#4859 = LINE ( 'NONE', #551, #4533 ) ;
#4860 = ADVANCED_FACE ( 'NONE', ( #1003 ), #5656, .T. ) ;
#4861 = CARTESIAN_POINT ( 'NONE',  ( 114.7489205068657867, -149.3699994899999695, 5.585919758012687808 ) ) ;
#4862 = VERTEX_POINT ( 'NONE', #4737 ) ;
#4863 = ORIENTED_EDGE ( 'NONE', *, *, #2395, .T. ) ;
#4864 = CIRCLE ( 'NONE', #2083, 2.000000000000001776 ) ;
#4865 = CARTESIAN_POINT ( 'NONE',  ( 144.2500000000000568, -106.1249997449999967, -6.500000000000000888 ) ) ;
#4866 = VERTEX_POINT ( 'NONE', #1695 ) ;
#4867 = CARTESIAN_POINT ( 'NONE',  ( 77.94999986499999522, -152.7699994900000036, 9.460000009999999904 ) ) ;
#4868 = FACE_OUTER_BOUND ( 'NONE', #2572, .T. ) ;
#4869 = PRESENTATION_LAYER_ASSIGNMENT (  '', '', ( #3671 ) ) ;
#4870 = FACE_OUTER_BOUND ( 'NONE', #1532, .T. ) ;
#4871 = EDGE_CURVE ( 'NONE', #2396, #2412, #7450, .T. ) ;
#4872 = CIRCLE ( 'NONE', #3673, 8.000000000000007105 ) ;
#4873 = VERTEX_POINT ( 'NONE', #4697 ) ;
#4874 = CIRCLE ( 'NONE', #3554, 3.000000000000002665 ) ;
#4875 = VERTEX_POINT ( 'NONE', #2432 ) ;
#4876 = DIRECTION ( 'NONE',  ( 0.000000000000000000, 0.000000000000000000, 1.000000000000000000 ) ) ;
#4877 = AXIS2_PLACEMENT_3D ( 'NONE', #2124, #4425, #6781 ) ;
#4878 = CIRCLE ( 'NONE', #152, 2.000000000000001776 ) ;
#4879 = DIRECTION ( 'NONE',  ( -1.000000000000000000, 0.000000000000000000, 0.000000000000000000 ) ) ;
#4880 = EDGE_LOOP ( 'NONE', ( #682, #241, #6120, #4010, #7010 ) ) ;
#4881 = ORIENTED_EDGE ( 'NONE', *, *, #6674, .T. ) ;
#4882 = DIRECTION ( 'NONE',  ( 0.000000000000000000, 0.000000000000000000, 1.000000000000000000 ) ) ;
#4883 = DIRECTION ( 'NONE',  ( 1.000000000000000000, -0.000000000000000000, 0.000000000000000000 ) ) ;
#4884 = CARTESIAN_POINT ( 'NONE',  ( 57.41102645498252599, -91.96494451766584177, -3.640115811311269045 ) ) ;
#4885 = DIRECTION ( 'NONE',  ( -0.000000000000000000, -0.000000000000000000, -1.000000000000000000 ) ) ;
#4886 = EDGE_CURVE ( 'NONE', #5437, #5716, #521, .T. ) ;
#4887 = AXIS2_PLACEMENT_3D ( 'NONE', #2785, #2999, #5085 ) ;
#4888 = CARTESIAN_POINT ( 'NONE',  ( 46.89999999999999858, -86.12499974499999666, -6.500000000000000888 ) ) ;
#4889 = CARTESIAN_POINT ( 'NONE',  ( 77.94999986499999522, -152.7699994900000036, 13.50000000000000178 ) ) ;
#4890 = EDGE_LOOP ( 'NONE', ( #6506, #394, #1635, #956 ) ) ;
#4891 = VECTOR ( 'NONE', #184, 1000.000000000000000 ) ;
#4892 = EDGE_CURVE ( 'NONE', #2630, #2877, #1921, .T. ) ;
#4893 = CARTESIAN_POINT ( 'NONE',  ( 124.1000000000000085, -126.1249997450001104, -6.500000000000000888 ) ) ;
#4894 = AXIS2_PLACEMENT_3D ( 'NONE', #4724, #709, #7040 ) ;
#4895 = DIRECTION ( 'NONE',  ( -1.000000000000000000, 0.000000000000000000, 0.000000000000000000 ) ) ;
#4896 = CARTESIAN_POINT ( 'NONE',  ( 70.49043025872131807, -149.3699994899999979, 4.724484333767101418 ) ) ;
#4897 = DIRECTION ( 'NONE',  ( 1.000000000000000000, 0.000000000000000000, 0.000000000000000000 ) ) ;
#4898 = CARTESIAN_POINT ( 'NONE',  ( 115.0133931488225727, -147.4314075672770912, 5.278820767717474105 ) ) ;
#4899 = ADVANCED_FACE ( 'NONE', ( #6879 ), #1132, .F. ) ;
#4900 = ORIENTED_EDGE ( 'NONE', *, *, #4371, .T. ) ;
#4901 = VERTEX_POINT ( 'NONE', #4007 ) ;
#4902 = CARTESIAN_POINT ( 'NONE',  ( 58.89999999999999147, -62.67999999999999972, -6.500000000000002665 ) ) ;
#4903 = EDGE_CURVE ( 'NONE', #2102, #963, #4845, .T. ) ;
#4904 = ORIENTED_EDGE ( 'NONE', *, *, #1315, .T. ) ;
#4905 = CARTESIAN_POINT ( 'NONE',  ( 70.89666574022598411, -147.3699994899999979, 12.50000000000000000 ) ) ;
#4906 = DIRECTION ( 'NONE',  ( 1.000000000000000000, -3.469446951953671381E-15, 0.000000000000000000 ) ) ;
#4907 = DIRECTION ( 'NONE',  ( 0.000000000000000000, 1.000000000000000000, 0.000000000000000000 ) ) ;
#4908 = EDGE_LOOP ( 'NONE', ( #7016, #5433, #5988 ) ) ;
#4909 = ORIENTED_EDGE ( 'NONE', *, *, #5921, .T. ) ;
#4910 = DIRECTION ( 'NONE',  ( 1.000000000000000000, 0.000000000000000000, -0.000000000000000000 ) ) ;
#4911 = DIRECTION ( 'NONE',  ( 1.224646799147353207E-16, 1.000000000000000000, -0.000000000000000000 ) ) ;
#4912 = VERTEX_POINT ( 'NONE', #1333 ) ;
#4913 = EDGE_CURVE ( 'NONE', #1134, #2115, #4864, .T. ) ;
#4914 = ORIENTED_EDGE ( 'NONE', *, *, #2536, .T. ) ;
#4915 = CARTESIAN_POINT ( 'NONE',  ( 122.5999999999999801, -70.67999999999999261, 4.500000000000000888 ) ) ;
#4916 = CARTESIAN_POINT ( 'NONE',  ( 118.6000000000000085, -64.68000000000000682, 12.14999999999999325 ) ) ;
#4917 = DIRECTION ( 'NONE',  ( -1.000000000000000000, 0.000000000000000000, 0.000000000000000000 ) ) ;
#4918 = CARTESIAN_POINT ( 'NONE',  ( 113.4261800399219027, -149.3699994900000547, 4.056520202960008703 ) ) ;
#4919 = DIRECTION ( 'NONE',  ( 1.000000000000000000, 0.000000000000000000, 0.000000000000000000 ) ) ;
#4920 = CARTESIAN_POINT ( 'NONE',  ( 64.90000000000000568, -64.68000000000000682, 4.500000000000000888 ) ) ;
#4921 = ORIENTED_EDGE ( 'NONE', *, *, #2947, .F. ) ;
#4922 = EDGE_CURVE ( 'NONE', #5743, #510, #3545, .T. ) ;
#4923 = CARTESIAN_POINT ( 'NONE',  ( 60.90000000000001279, -147.3699994899999979, 2.500000000000000444 ) ) ;
#4924 = EDGE_CURVE ( 'NONE', #4246, #5090, #6073, .T. ) ;
#4925 = DIRECTION ( 'NONE',  ( -0.7071067811865492381, 8.659560562354956277E-17, 0.7071067811865457964 ) ) ;
#4926 = CARTESIAN_POINT ( 'NONE',  ( 68.96225743764938443, -149.3699994899999979, 6.364707400722036112 ) ) ;
#4927 = DIRECTION ( 'NONE',  ( -0.000000000000000000, -0.000000000000000000, -1.000000000000000000 ) ) ;
#4928 = CARTESIAN_POINT ( 'NONE',  ( 116.3424790852142792, -149.3699994900000263, 4.491786207038281020 ) ) ;
#4929 = ORIENTED_EDGE ( 'NONE', *, *, #7041, .F. ) ;
#4930 = ORIENTED_EDGE ( 'NONE', *, *, #5062, .T. ) ;
#4931 = DIRECTION ( 'NONE',  ( -0.000000000000000000, -0.000000000000000000, -1.000000000000000000 ) ) ;
#4932 = CIRCLE ( 'NONE', #2779, 2.000000000000001776 ) ;
#4933 = VERTEX_POINT ( 'NONE', #757 ) ;
#4934 = CARTESIAN_POINT ( 'NONE',  ( 136.6000000000000796, -114.1249997450000109, -4.000000000000000000 ) ) ;
#4935 = DIRECTION ( 'NONE',  ( 1.000000000000000000, 0.000000000000000000, 0.000000000000000000 ) ) ;
#4936 = DIRECTION ( 'NONE',  ( 0.000000000000000000, 0.000000000000000000, 1.000000000000000000 ) ) ;
#4937 = TOROIDAL_SURFACE ( 'NONE', #2528, 3.500000000000003553, 0.5000000000000000000 ) ;
#4938 = CIRCLE ( 'NONE', #1330, 7.000000000000006217 ) ;
#4939 = VERTEX_POINT ( 'NONE', #3071 ) ;
#4940 = EDGE_LOOP ( 'NONE', ( #3710, #5423, #554, #229 ) ) ;
#4941 = DIRECTION ( 'NONE',  ( -0.000000000000000000, -1.000000000000000000, -0.000000000000000000 ) ) ;
#4942 = CARTESIAN_POINT ( 'NONE',  ( 73.62268637172859087, -149.3699994899999979, -5.000000000000000000 ) ) ;
#4943 = ORIENTED_EDGE ( 'NONE', *, *, #5571, .F. ) ;
#4944 = VECTOR ( 'NONE', #4334, 1000.000000000000000 ) ;
#4945 = ORIENTED_EDGE ( 'NONE', *, *, #1420, .F. ) ;
#4946 = CARTESIAN_POINT ( 'NONE',  ( 100.8999998649999981, -152.7699994900000036, 4.510000010000000614 ) ) ;
#4947 = CARTESIAN_POINT ( 'NONE',  ( 136.7500000000000284, -106.1249997449999967, -6.500000000000000888 ) ) ;
#4948 = CARTESIAN_POINT ( 'NONE',  ( 69.34999999999999432, -74.57500000000000284, -0.3500000000000152434 ) ) ;
#4949 = CARTESIAN_POINT ( 'NONE',  ( 124.5999999999999943, -62.67999999999999972, 13.50000000000000178 ) ) ;
#4950 = EDGE_CURVE ( 'NONE', #2068, #6792, #2577, .T. ) ;
#4951 = VECTOR ( 'NONE', #3626, 1000.000000000000000 ) ;
#4952 = EDGE_CURVE ( 'NONE', #3054, #5437, #134, .T. ) ;
#4953 = CARTESIAN_POINT ( 'NONE',  ( 120.5999999999999801, -60.67999999999999972, 12.50000000000000000 ) ) ;
#4954 = CARTESIAN_POINT ( 'NONE',  ( 60.89999999999999858, -80.30499999999999261, 13.50000000000000178 ) ) ;
#4955 = DIRECTION ( 'NONE',  ( 1.224646799147353207E-16, 1.000000000000000000, -0.000000000000000000 ) ) ;
#4956 = ORIENTED_EDGE ( 'NONE', *, *, #100, .T. ) ;
#4957 = CYLINDRICAL_SURFACE ( 'NONE', #5722, 12.00000000000001066 ) ;
#4958 = VECTOR ( 'NONE', #4941, 1000.000000000000000 ) ;
#4959 = CARTESIAN_POINT ( 'NONE',  ( 75.64999986499999807, -142.6699994900000092, -5.000000000000000000 ) ) ;
#4960 = ORIENTED_EDGE ( 'NONE', *, *, #4713, .T. ) ;
#4961 = ADVANCED_FACE ( 'NONE', ( #3682 ), #4145, .F. ) ;
#4962 = CIRCLE ( 'NONE', #5818, 2.000000000000001776 ) ;
#4963 = AXIS2_PLACEMENT_3D ( 'NONE', #691, #2335, #1765 ) ;
#4964 = AXIS2_PLACEMENT_3D ( 'NONE', #144, #1763, #3038 ) ;
#4965 = CARTESIAN_POINT ( 'NONE',  ( 124.0999999999999943, -62.67999999999999972, -6.500000000000002665 ) ) ;
#4966 = CARTESIAN_POINT ( 'NONE',  ( 68.66389539530288744, -149.3699994899999979, 2.902964124125261502 ) ) ;
#4967 = DIRECTION ( 'NONE',  ( 0.000000000000000000, 0.000000000000000000, 1.000000000000000000 ) ) ;
#4968 = CARTESIAN_POINT ( 'NONE',  ( 115.0527205098409524, -149.3699994899963599, 5.138872816538332167 ) ) ;
#4969 = VECTOR ( 'NONE', #990, 1000.000000000000114 ) ;
#4970 = EDGE_LOOP ( 'NONE', ( #2239, #861, #1525, #2633 ) ) ;
#4971 = ORIENTED_EDGE ( 'NONE', *, *, #2352, .F. ) ;
#4972 = DIRECTION ( 'NONE',  ( 1.597167440357923543E-16, -1.000000000000000000, 0.000000000000000000 ) ) ;
#4973 = EDGE_LOOP ( 'NONE', ( #3593, #5749, #1753, #2364 ) ) ;
#4974 = ORIENTED_EDGE ( 'NONE', *, *, #4892, .T. ) ;
#4975 = CARTESIAN_POINT ( 'NONE',  ( 120.5999999999999943, -149.5699994899999865, 13.50000000000000178 ) ) ;
#4976 = TOROIDAL_SURFACE ( 'NONE', #7285, 7.500000000000007105, 0.5000000000000000000 ) ;
#4977 = FACE_OUTER_BOUND ( 'NONE', #4299, .T. ) ;
#4978 = ADVANCED_FACE ( 'NONE', ( #2618 ), #7235, .T. ) ;
#4979 = AXIS2_PLACEMENT_3D ( 'NONE', #718, #208, #4776 ) ;
#4980 = ORIENTED_EDGE ( 'NONE', *, *, #6420, .T. ) ;
#4981 = VERTEX_POINT ( 'NONE', #1968 ) ;
#4982 = DIRECTION ( 'NONE',  ( 0.000000000000000000, 0.000000000000000000, -1.000000000000000000 ) ) ;
#4983 = DIRECTION ( 'NONE',  ( -0.000000000000000000, -0.000000000000000000, -1.000000000000000000 ) ) ;
#4984 = EDGE_LOOP ( 'NONE', ( #4313, #3245, #3904, #7241 ) ) ;
#4985 = AXIS2_PLACEMENT_3D ( 'NONE', #5176, #531, #4091 ) ;
#4986 = CARTESIAN_POINT ( 'NONE',  ( 120.9499999999999886, -147.5699994899999865, 12.50000000000000000 ) ) ;
#4987 = ORIENTED_EDGE ( 'NONE', *, *, #5696, .T. ) ;
#4988 = CARTESIAN_POINT ( 'NONE',  ( 62.90000000000001279, -149.5699994899999865, -6.500000000000002665 ) ) ;
#4989 = CARTESIAN_POINT ( 'NONE',  ( 64.90000000000003411, -145.5699994899999865, 6.500000000000000888 ) ) ;
#4990 = CARTESIAN_POINT ( 'NONE',  ( 77.94999986499999522, -152.7699994900000036, 9.460000009999999904 ) ) ;
#4991 = CIRCLE ( 'NONE', #2586, 0.2000000000000057288 ) ;
#4992 = CARTESIAN_POINT ( 'NONE',  ( 136.7500000000000284, -98.62499974499999666, -6.500000000000000888 ) ) ;
#4993 = VECTOR ( 'NONE', #1463, 1000.000000000000000 ) ;
#4994 = EDGE_CURVE ( 'NONE', #1255, #1762, #1892, .T. ) ;
#4995 = EDGE_CURVE ( 'NONE', #1329, #5652, #753, .T. ) ;
#4996 = CARTESIAN_POINT ( 'NONE',  ( 126.9001256468063303, -119.0484347117457702, -4.332186101137251555 ) ) ;
#4997 = CARTESIAN_POINT ( 'NONE',  ( 75.64999986499999807, -142.6699994900000092, 0.000000000000000000 ) ) ;
#4998 = DIRECTION ( 'NONE',  ( 0.000000000000000000, 0.000000000000000000, 1.000000000000000000 ) ) ;
#4999 = EDGE_CURVE ( 'NONE', #5344, #2057, #6594, .T. ) ;
#5000 = EDGE_LOOP ( 'NONE', ( #6482, #724, #4307, #3078 ) ) ;
#5001 = DIRECTION ( 'NONE',  ( -1.000000000000000000, 0.000000000000000000, 0.000000000000000000 ) ) ;
#5002 = DIRECTION ( 'NONE',  ( -0.000000000000000000, -0.000000000000000000, -1.000000000000000000 ) ) ;
#5003 = VECTOR ( 'NONE', #3402, 1000.000000000000000 ) ;
#5004 = ORIENTED_EDGE ( 'NONE', *, *, #7484, .F. ) ;
#5005 = AXIS2_PLACEMENT_3D ( 'NONE', #4893, #2015, #4322 ) ;
#5006 = CARTESIAN_POINT ( 'NONE',  ( 67.77811966509634090, -147.4171200707392870, 4.700294516332091277 ) ) ;
#5007 = PLANE ( 'NONE',  #7028 ) ;
#5008 = EDGE_CURVE ( 'NONE', #4236, #1006, #2471, .T. ) ;
#5009 = CARTESIAN_POINT ( 'NONE',  ( 108.3499998649999867, -151.0699994899999865, 4.700000000000001954 ) ) ;
#5010 = CARTESIAN_POINT ( 'NONE',  ( 136.6000000000000796, -98.12499974499999666, -6.500000000000000888 ) ) ;
#5011 = EDGE_LOOP ( 'NONE', ( #1682, #7145, #5329, #2330 ) ) ;
#5012 = EDGE_LOOP ( 'NONE', ( #3025, #3984, #1664, #6612 ) ) ;
#5013 = EDGE_CURVE ( 'NONE', #6305, #2401, #383, .T. ) ;
#5014 = LINE ( 'NONE', #3885, #4367 ) ;
#5015 =( BOUNDED_CURVE ( )  B_SPLINE_CURVE ( 3, ( #6419, #4078, #2440, #3474 ),
 .UNSPECIFIED., .F., .F. ) 
 B_SPLINE_CURVE_WITH_KNOTS ( ( 4, 4 ),
 ( 4.712388980384691450, 6.283185307179586232 ),
 .UNSPECIFIED. ) 
 CURVE ( )  GEOMETRIC_REPRESENTATION_ITEM ( )  RATIONAL_B_SPLINE_CURVE ( ( 1.000000000000000000, 0.8047378541243654926, 0.8047378541243654926, 1.000000000000000000 ) ) 
 REPRESENTATION_ITEM ( '' )  );
#5016 = FACE_OUTER_BOUND ( 'NONE', #1778, .T. ) ;
#5017 = ORIENTED_EDGE ( 'NONE', *, *, #430, .T. ) ;
#5018 = ORIENTED_EDGE ( 'NONE', *, *, #3898, .F. ) ;
#5019 = DIRECTION ( 'NONE',  ( -0.000000000000000000, -0.000000000000000000, -1.000000000000000000 ) ) ;
#5020 = DIRECTION ( 'NONE',  ( 0.000000000000000000, 0.000000000000000000, -1.000000000000000000 ) ) ;
#5021 = ADVANCED_FACE ( 'NONE', ( #176 ), #259, .T. ) ;
#5022 = FACE_OUTER_BOUND ( 'NONE', #4124, .T. ) ;
#5023 = VERTEX_POINT ( 'NONE', #5405 ) ;
#5024 = EDGE_LOOP ( 'NONE', ( #1933, #3852, #3983, #1995 ) ) ;
#5025 = EDGE_CURVE ( 'NONE', #3101, #2021, #7171, .T. ) ;
#5026 = CARTESIAN_POINT ( 'NONE',  ( 118.6000000000000085, -147.5699994899999865, 6.500000000000001776 ) ) ;
#5027 = DIRECTION ( 'NONE',  ( 1.000000000000000000, 0.000000000000000000, 0.000000000000000000 ) ) ;
#5028 = ORIENTED_EDGE ( 'NONE', *, *, #989, .T. ) ;
#5029 = DIRECTION ( 'NONE',  ( -1.000000000000000000, 0.000000000000000000, 0.000000000000000000 ) ) ;
#5030 = VERTEX_POINT ( 'NONE', #138 ) ;
#5031 = FACE_OUTER_BOUND ( 'NONE', #5012, .T. ) ;
#5032 = FACE_OUTER_BOUND ( 'NONE', #6889, .T. ) ;
#5033 = DIRECTION ( 'NONE',  ( 1.000000000000000000, 0.000000000000000000, -0.000000000000000000 ) ) ;
#5034 = LINE ( 'NONE', #7350, #47 ) ;
#5035 = ORIENTED_EDGE ( 'NONE', *, *, #2314, .F. ) ;
#5036 = CYLINDRICAL_SURFACE ( 'NONE', #3074, 2.000000000000001776 ) ;
#5037 = DIRECTION ( 'NONE',  ( -0.000000000000000000, -0.000000000000000000, -1.000000000000000000 ) ) ;
#5038 = DIRECTION ( 'NONE',  ( 1.000000000000000000, 0.000000000000000000, 0.000000000000000000 ) ) ;
#5039 = VERTEX_POINT ( 'NONE', #3139 ) ;
#5040 = ADVANCED_FACE ( 'NONE', ( #6048 ), #5441, .T. ) ;
#5041 = DIRECTION ( 'NONE',  ( 1.000000000000000000, -0.000000000000000000, -0.000000000000000000 ) ) ;
#5042 = DIRECTION ( 'NONE',  ( -0.000000000000000000, -0.000000000000000000, -1.000000000000000000 ) ) ;
#5043 = ORIENTED_EDGE ( 'NONE', *, *, #2416, .T. ) ;
#5044 = ADVANCED_FACE ( 'NONE', ( #863 ), #1483, .F. ) ;
#5045 = CARTESIAN_POINT ( 'NONE',  ( 60.39999999999999858, -149.3699994899999979, 13.50000000000000178 ) ) ;
#5046 = CARTESIAN_POINT ( 'NONE',  ( 105.6499998649999981, -152.9699994900000206, 9.460000009999998127 ) ) ;
#5047 = CARTESIAN_POINT ( 'NONE',  ( 64.90000000000000568, -64.68000000000000682, 12.14999999999998082 ) ) ;
#5048 = DIRECTION ( 'NONE',  ( -1.000000000000000000, -0.000000000000000000, -0.000000000000000000 ) ) ;
#5049 = EDGE_CURVE ( 'NONE', #313, #53, #2695, .T. ) ;
#5050 = ORIENTED_EDGE ( 'NONE', *, *, #6797, .F. ) ;
#5051 = ORIENTED_EDGE ( 'NONE', *, *, #1554, .T. ) ;
#5052 = ADVANCED_FACE ( 'NONE', ( #5032 ), #5071, .T. ) ;
#5053 = CARTESIAN_POINT ( 'NONE',  ( 74.34999999999999432, -74.57500000000000284, -5.000000000000000000 ) ) ;
#5054 = CARTESIAN_POINT ( 'NONE',  ( 110.1773133582714053, -149.3699994899999979, -5.000000000000000000 ) ) ;
#5055 = ORIENTED_EDGE ( 'NONE', *, *, #7024, .T. ) ;
#5056 = ORIENTED_EDGE ( 'NONE', *, *, #2770, .F. ) ;
#5057 = DIRECTION ( 'NONE',  ( -1.000000000000000000, 0.000000000000000000, 0.000000000000000000 ) ) ;
#5058 = DIRECTION ( 'NONE',  ( -1.000000000000000000, 0.000000000000000000, 0.000000000000000000 ) ) ;
#5059 = LINE ( 'NONE', #927, #5958 ) ;
#5060 = ORIENTED_EDGE ( 'NONE', *, *, #3122, .F. ) ;
#5061 = EDGE_LOOP ( 'NONE', ( #6360, #6721, #7190, #5119 ) ) ;
#5062 = EDGE_CURVE ( 'NONE', #3132, #161, #1069, .T. ) ;
#5063 = CYLINDRICAL_SURFACE ( 'NONE', #616, 4.750000000000001776 ) ;
#5064 = FACE_OUTER_BOUND ( 'NONE', #2383, .T. ) ;
#5065 = EDGE_LOOP ( 'NONE', ( #5513, #4052, #5018, #5890 ) ) ;
#5066 = DIRECTION ( 'NONE',  ( 0.000000000000000000, -1.000000000000000000, 0.000000000000000000 ) ) ;
#5067 = ORIENTED_EDGE ( 'NONE', *, *, #1832, .T. ) ;
#5068 = CARTESIAN_POINT ( 'NONE',  ( 69.34999999999999432, -74.57500000000000284, -0.3500000000000152434 ) ) ;
#5069 = ADVANCED_FACE ( 'NONE', ( #4424 ), #873, .F. ) ;
#5070 = AXIS2_PLACEMENT_3D ( 'NONE', #1678, #5787, #2958 ) ;
#5071 = CYLINDRICAL_SURFACE ( 'NONE', #6941, 2.000000000000000000 ) ;
#5072 = FACE_OUTER_BOUND ( 'NONE', #5095, .T. ) ;
#5073 = CARTESIAN_POINT ( 'NONE',  ( 120.5999999999999801, -60.67999999999999972, 13.50000000000000178 ) ) ;
#5074 = ORIENTED_EDGE ( 'NONE', *, *, #1053, .T. ) ;
#5075 = CARTESIAN_POINT ( 'NONE',  ( 126.4457010706910296, -119.0985774569122242, -3.777285852029662383 ) ) ;
#5076 = DIRECTION ( 'NONE',  ( -1.000000000000000000, 0.000000000000000000, 0.000000000000000000 ) ) ;
#5077 = ORIENTED_EDGE ( 'NONE', *, *, #3956, .F. ) ;
#5078 = ORIENTED_EDGE ( 'NONE', *, *, #77, .T. ) ;
#5079 = CARTESIAN_POINT ( 'NONE',  ( 122.6000000000000085, -147.3699994899999979, 13.50000000000000178 ) ) ;
#5080 = AXIS2_PLACEMENT_3D ( 'NONE', #6507, #7001, #198 ) ;
#5081 = DIRECTION ( 'NONE',  ( -0.000000000000000000, -0.000000000000000000, -1.000000000000000000 ) ) ;
#5082 = ORIENTED_EDGE ( 'NONE', *, *, #7173, .T. ) ;
#5083 = CARTESIAN_POINT ( 'NONE',  ( 68.89777716015066744, -147.4366661566667176, 6.367575734967416246 ) ) ;
#5084 = FACE_BOUND ( 'NONE', #1595, .T. ) ;
#5085 = DIRECTION ( 'NONE',  ( 1.000000000000000000, 0.000000000000000000, 0.000000000000000000 ) ) ;
#5086 = CARTESIAN_POINT ( 'NONE',  ( 75.64999986500001228, -150.8699994899999979, 4.300000000000001599 ) ) ;
#5087 = AXIS2_PLACEMENT_3D ( 'NONE', #6741, #3790, #3218 ) ;
#5088 = CIRCLE ( 'NONE', #3149, 0.2000000000000057288 ) ;
#5089 = VERTEX_POINT ( 'NONE', #7348 ) ;
#5090 = VERTEX_POINT ( 'NONE', #4511 ) ;
#5091 = AXIS2_PLACEMENT_3D ( 'NONE', #3590, #1880, #1843 ) ;
#5092 = EDGE_CURVE ( 'NONE', #3588, #1329, #5228, .T. ) ;
#5093 = DIRECTION ( 'NONE',  ( 0.000000000000000000, -1.000000000000000000, 0.000000000000000000 ) ) ;
#5094 = FILL_AREA_STYLE ('',( #6760 ) ) ;
#5095 = EDGE_LOOP ( 'NONE', ( #6890, #58, #1698, #3704, #6365, #1284, #2413, #6861, #5398 ) ) ;
#5096 = VERTEX_POINT ( 'NONE', #3252 ) ;
#5097 = CARTESIAN_POINT ( 'NONE',  ( 125.2686807986594886, -122.1570834368676941, -3.106746432919617273 ) ) ;
#5098 = ADVANCED_FACE ( 'NONE', ( #2807 ), #363, .F. ) ;
#5099 = CARTESIAN_POINT ( 'NONE',  ( 122.5999999999999801, -72.24261924206182073, -5.000000000000000888 ) ) ;
#5100 = CIRCLE ( 'NONE', #5825, 3.000000000000002665 ) ;
#5101 = DIRECTION ( 'NONE',  ( -1.000000000000000000, -0.000000000000000000, -0.000000000000000000 ) ) ;
#5102 = ORIENTED_EDGE ( 'NONE', *, *, #1782, .F. ) ;
#5103 = EDGE_LOOP ( 'NONE', ( #6722, #1141, #4971, #3621 ) ) ;
#5104 = CARTESIAN_POINT ( 'NONE',  ( 64.90000000000000568, -64.68000000000000682, 12.50000000000000000 ) ) ;
#5105 = CIRCLE ( 'NONE', #6558, 2.000000000000001776 ) ;
#5106 = FACE_OUTER_BOUND ( 'NONE', #287, .T. ) ;
#5107 = ORIENTED_EDGE ( 'NONE', *, *, #1807, .T. ) ;
#5108 = FACE_OUTER_BOUND ( 'NONE', #6549, .T. ) ;
#5109 = CARTESIAN_POINT ( 'NONE',  ( 108.1499998649999981, -142.6699994900000092, -5.000000000000000000 ) ) ;
#5110 = VECTOR ( 'NONE', #1556, 1000.000000000000000 ) ;
#5111 = CARTESIAN_POINT ( 'NONE',  ( 61.89999999999999858, -91.80499999999997840, 1.860000000000000764 ) ) ;
#5112 = EDGE_CURVE ( 'NONE', #3226, #1428, #5464, .T. ) ;
#5113 = CARTESIAN_POINT ( 'NONE',  ( 56.86319435620846718, -93.46972377026813206, -3.850764078232972842 ) ) ;
#5114 = AXIS2_PLACEMENT_3D ( 'NONE', #328, #2656, #7281 ) ;
#5115 = LINE ( 'NONE', #410, #2253 ) ;
#5116 = EDGE_LOOP ( 'NONE', ( #459, #6087, #492, #4026 ) ) ;
#5117 = AXIS2_PLACEMENT_3D ( 'NONE', #2968, #4073, #1790 ) ;
#5118 = CARTESIAN_POINT ( 'NONE',  ( 70.89666574022598411, -147.3699994899999979, 4.500000000000000888 ) ) ;
#5119 = ORIENTED_EDGE ( 'NONE', *, *, #6392, .F. ) ;
#5120 = ORIENTED_EDGE ( 'NONE', *, *, #4713, .F. ) ;
#5121 = DIRECTION ( 'NONE',  ( 0.000000000000000000, 0.000000000000000000, -1.000000000000000000 ) ) ;
#5122 = ADVANCED_FACE ( 'NONE', ( #7314 ), #2078, .F. ) ;
#5123 = AXIS2_PLACEMENT_3D ( 'NONE', #747, #5397, #3061 ) ;
#5124 = CARTESIAN_POINT ( 'NONE',  ( 60.90000000000001279, -145.5699994899999865, 2.500000000000000444 ) ) ;
#5125 = EDGE_LOOP ( 'NONE', ( #7336, #4416, #3068, #4773 ) ) ;
#5126 = CIRCLE ( 'NONE', #1018, 3.999999999999976019 ) ;
#5127 = DIRECTION ( 'NONE',  ( 1.000000000000000000, 0.000000000000000000, 0.000000000000000000 ) ) ;
#5128 = CARTESIAN_POINT ( 'NONE',  ( 59.40000000000000568, -149.5699994899999865, -7.000000000000000000 ) ) ;
#5129 = DIRECTION ( 'NONE',  ( 1.387778780781444413E-14, 0.000000000000000000, -1.000000000000000000 ) ) ;
#5130 = CARTESIAN_POINT ( 'NONE',  ( 136.5999999999999943, -86.12499974499999666, -7.000000000000000000 ) ) ;
#5131 = ORIENTED_EDGE ( 'NONE', *, *, #4611, .T. ) ;
#5132 = ORIENTED_EDGE ( 'NONE', *, *, #5345, .F. ) ;
#5133 = CARTESIAN_POINT ( 'NONE',  ( 136.5999999999999943, -86.12499974499999666, -6.500000000000000888 ) ) ;
#5134 = ORIENTED_EDGE ( 'NONE', *, *, #7472, .T. ) ;
#5135 = EDGE_LOOP ( 'NONE', ( #5056, #4956, #1793, #247, #7268, #2267 ) ) ;
#5136 = CARTESIAN_POINT ( 'NONE',  ( 118.6000000000000085, -64.68000000000000682, 12.50000000000000000 ) ) ;
#5137 = DIRECTION ( 'NONE',  ( 1.000000000000000000, 0.000000000000000000, 0.000000000000000000 ) ) ;
#5138 = ADVANCED_FACE ( 'NONE', ( #2039 ), #2219, .T. ) ;
#5139 = VERTEX_POINT ( 'NONE', #6090 ) ;
#5140 = ORIENTED_EDGE ( 'NONE', *, *, #6731, .F. ) ;
#5141 = ADVANCED_FACE ( 'NONE', ( #902 ), #5719, .F. ) ;
#5142 = CARTESIAN_POINT ( 'NONE',  ( 70.89666574022598411, -149.3699994899999979, 6.500000000000000888 ) ) ;
#5143 = DIRECTION ( 'NONE',  ( 1.000000000000000000, 0.000000000000000000, 0.000000000000000000 ) ) ;
#5144 = ORIENTED_EDGE ( 'NONE', *, *, #3346, .T. ) ;
#5145 = DIRECTION ( 'NONE',  ( 1.000000000000000000, 0.000000000000000000, 0.000000000000000000 ) ) ;
#5146 = CARTESIAN_POINT ( 'NONE',  ( 120.6000000000000085, -147.3699994899999979, 13.50000000000000178 ) ) ;
#5147 = FILL_AREA_STYLE ('',( #2851 ) ) ;
#5148 = DIRECTION ( 'NONE',  ( -8.068950408636815886E-17, 1.000000000000000000, 0.000000000000000000 ) ) ;
#5149 = ORIENTED_EDGE ( 'NONE', *, *, #1547, .T. ) ;
#5150 = DIRECTION ( 'NONE',  ( 0.000000000000000000, 0.000000000000000000, 1.000000000000000000 ) ) ;
#5151 = EDGE_CURVE ( 'NONE', #7387, #6650, #6318, .T. ) ;
#5152 = CARTESIAN_POINT ( 'NONE',  ( 46.89999999999992042, -114.1249997450000109, -4.000000000000000000 ) ) ;
#5153 = ORIENTED_EDGE ( 'NONE', *, *, #3597, .T. ) ;
#5154 = AXIS2_PLACEMENT_3D ( 'NONE', #5414, #874, #5957 ) ;
#5155 = VERTEX_POINT ( 'NONE', #320 ) ;
#5156 = CYLINDRICAL_SURFACE ( 'NONE', #1602, 4.000000000000003553 ) ;
#5157 = CARTESIAN_POINT ( 'NONE',  ( 118.3500000000000227, -74.57500000000000284, 0.000000000000000000 ) ) ;
#5158 = ORIENTED_EDGE ( 'NONE', *, *, #1993, .T. ) ;
#5159 = EDGE_CURVE ( 'NONE', #5705, #1062, #1477, .T. ) ;
#5160 = LINE ( 'NONE', #4437, #517 ) ;
#5161 = CARTESIAN_POINT ( 'NONE',  ( 124.1000000000000227, -149.5699994899999865, -7.000000000000000000 ) ) ;
#5162 = CARTESIAN_POINT ( 'NONE',  ( 115.0152159418122011, -147.4313806136493099, 5.276446297684717734 ) ) ;
#5163 = EDGE_CURVE ( 'NONE', #5357, #6921, #4388, .T. ) ;
#5164 = DIRECTION ( 'NONE',  ( -1.000000000000000000, 0.000000000000000000, 0.000000000000000000 ) ) ;
#5165 = ORIENTED_EDGE ( 'NONE', *, *, #4022, .F. ) ;
#5166 = CARTESIAN_POINT ( 'NONE',  ( 67.34999999999999432, -74.57500000000000284, -6.000000000000000000 ) ) ;
#5167 = VERTEX_POINT ( 'NONE', #5641 ) ;
#5168 = CARTESIAN_POINT ( 'NONE',  ( 120.5999999999999943, -149.5699994899999865, -7.000000000000000000 ) ) ;
#5169 = DIRECTION ( 'NONE',  ( 0.000000000000000000, 0.000000000000000000, -1.000000000000000000 ) ) ;
#5170 = VERTEX_POINT ( 'NONE', #448 ) ;
#5171 = ORIENTED_EDGE ( 'NONE', *, *, #7054, .T. ) ;
#5172 = DIRECTION ( 'NONE',  ( 0.000000000000000000, 1.000000000000000000, 0.000000000000000000 ) ) ;
#5173 = EDGE_LOOP ( 'NONE', ( #1287, #7202, #3319, #5799 ) ) ;
#5174 = CYLINDRICAL_SURFACE ( 'NONE', #1104, 4.750000000000001776 ) ;
#5175 = CARTESIAN_POINT ( 'NONE',  ( 60.90000000000001279, -141.5699994899999865, 4.500000000000000888 ) ) ;
#5176 = CARTESIAN_POINT ( 'NONE',  ( 108.1499998649999981, -142.6699994900000092, 0.000000000000000000 ) ) ;
#5177 = FACE_OUTER_BOUND ( 'NONE', #2563, .T. ) ;
#5178 = ORIENTED_EDGE ( 'NONE', *, *, #6384, .T. ) ;
#5179 = DIRECTION ( 'NONE',  ( -1.000000000000000000, 0.000000000000000000, 0.000000000000000000 ) ) ;
#5180 = AXIS2_PLACEMENT_3D ( 'NONE', #2073, #6255, #5027 ) ;
#5181 = CARTESIAN_POINT ( 'NONE',  ( 58.34694775680317491, -122.5045648661359508, -2.935349393565389597 ) ) ;
#5182 = ORIENTED_EDGE ( 'NONE', *, *, #3576, .F. ) ;
#5183 = AXIS2_PLACEMENT_3D ( 'NONE', #6169, #3213, #7347 ) ;
#5184 = ORIENTED_EDGE ( 'NONE', *, *, #50, .F. ) ;
#5185 = ADVANCED_FACE ( 'NONE', ( #2766 ), #7389, .T. ) ;
#5186 = DIRECTION ( 'NONE',  ( 0.000000000000000000, 0.000000000000000000, 1.000000000000000000 ) ) ;
#5187 = ADVANCED_FACE ( 'NONE', ( #2243 ), #5734, .F. ) ;
#5188 = CYLINDRICAL_SURFACE ( 'NONE', #1116, 0.2000000000000000944 ) ;
#5189 = AXIS2_PLACEMENT_3D ( 'NONE', #2526, #3127, #3707 ) ;
#5190 = ORIENTED_EDGE ( 'NONE', *, *, #4677, .F. ) ;
#5191 = VECTOR ( 'NONE', #4917, 1000.000000000000000 ) ;
#5192 = DIRECTION ( 'NONE',  ( 0.6939740629159047991, -0.7199999999999944222, 0.000000000000000000 ) ) ;
#5193 = DIRECTION ( 'NONE',  ( -1.000000000000000000, -0.000000000000000000, -0.000000000000000000 ) ) ;
#5194 = TOROIDAL_SURFACE ( 'NONE', #6165, 7.000000000000007105, 3.000000000000000000 ) ;
#5195 = CARTESIAN_POINT ( 'NONE',  ( 118.6000000000000512, -143.5699994900000149, 6.500000000000000888 ) ) ;
#5196 = FACE_OUTER_BOUND ( 'NONE', #4038, .T. ) ;
#5197 = EDGE_CURVE ( 'NONE', #1130, #5139, #6973, .T. ) ;
#5198 = AXIS2_PLACEMENT_3D ( 'NONE', #2848, #3489, #5145 ) ;
#5199 = CARTESIAN_POINT ( 'NONE',  ( 124.8375531895044901, -88.77037524211590380, -2.183056401210413000 ) ) ;
#5200 = ORIENTED_EDGE ( 'NONE', *, *, #2067, .F. ) ;
#5201 = CARTESIAN_POINT ( 'NONE',  ( 126.6617023059346252, -119.3876552657806087, -4.237826593374744100 ) ) ;
#5202 = CARTESIAN_POINT ( 'NONE',  ( 122.5999999999999801, -62.67999999999999972, 2.500000000000000444 ) ) ;
#5203 = TOROIDAL_SURFACE ( 'NONE', #6790, 7.500000000000007105, 0.5000000000000000000 ) ;
#5204 = ORIENTED_EDGE ( 'NONE', *, *, #5790, .T. ) ;
#5205 = ORIENTED_EDGE ( 'NONE', *, *, #5241, .T. ) ;
#5206 = VECTOR ( 'NONE', #7274, 1000.000000000000114 ) ;
#5207 = DIRECTION ( 'NONE',  ( 0.000000000000000000, 0.000000000000000000, 1.000000000000000000 ) ) ;
#5208 = AXIS2_PLACEMENT_3D ( 'NONE', #5495, #4822, #6718 ) ;
#5209 = CARTESIAN_POINT ( 'NONE',  ( 136.7500000000000284, -106.1249997449999967, -4.000000000000000000 ) ) ;
#5210 = VERTEX_POINT ( 'NONE', #3990 ) ;
#5211 = CARTESIAN_POINT ( 'NONE',  ( 60.89999999999999858, -70.68000000000000682, 12.50000000000000000 ) ) ;
#5212 = AXIS2_PLACEMENT_3D ( 'NONE', #6645, #345, #1576 ) ;
#5213 = FACE_OUTER_BOUND ( 'NONE', #2428, .T. ) ;
#5214 = EDGE_CURVE ( 'NONE', #7252, #2723, #5868, .T. ) ;
#5215 = CARTESIAN_POINT ( 'NONE',  ( 66.90000000000000568, -62.67999999999999972, 6.500000000000000888 ) ) ;
#5216 = DIRECTION ( 'NONE',  ( 0.000000000000000000, -0.000000000000000000, 1.000000000000000000 ) ) ;
#5217 = EDGE_LOOP ( 'NONE', ( #5598, #6622, #4524, #7094 ) ) ;
#5218 = AXIS2_PLACEMENT_3D ( 'NONE', #3644, #6096, #7124 ) ;
#5219 = CARTESIAN_POINT ( 'NONE',  ( 124.8771622644118366, -123.5328223584796348, -2.277815935576708473 ) ) ;
#5220 = LINE ( 'NONE', #4164, #3289 ) ;
#5221 = VERTEX_POINT ( 'NONE', #6864 ) ;
#5222 = ORIENTED_EDGE ( 'NONE', *, *, #1767, .T. ) ;
#5223 = CIRCLE ( 'NONE', #1959, 2.000000000000001776 ) ;
#5224 = AXIS2_PLACEMENT_3D ( 'NONE', #5573, #6189, #5617 ) ;
#5225 = DIRECTION ( 'NONE',  ( 0.000000000000000000, -1.000000000000000000, 0.000000000000000000 ) ) ;
#5226 = EDGE_CURVE ( 'NONE', #2520, #5711, #56, .T. ) ;
#5227 = DIRECTION ( 'NONE',  ( 0.000000000000000000, 0.000000000000000000, -1.000000000000000000 ) ) ;
#5228 = CIRCLE ( 'NONE', #4516, 0.5000000000000004441 ) ;
#5229 = ORIENTED_EDGE ( 'NONE', *, *, #4504, .F. ) ;
#5230 = ADVANCED_FACE ( 'NONE', ( #4550 ), #1149, .T. ) ;
#5231 = CARTESIAN_POINT ( 'NONE',  ( 46.75000000000004263, -106.1249997449999967, -6.500000000000000888 ) ) ;
#5232 = CARTESIAN_POINT ( 'NONE',  ( 108.3499998649999867, -152.5699994899999865, 13.50000000000000178 ) ) ;
#5233 = VECTOR ( 'NONE', #2113, 1000.000000000000000 ) ;
#5234 = DIRECTION ( 'NONE',  ( 0.000000000000000000, 0.000000000000000000, 1.000000000000000000 ) ) ;
#5235 = CARTESIAN_POINT ( 'NONE',  ( 120.6000000000000227, -64.68000000000000682, 6.500000000000001776 ) ) ;
#5236 = AXIS2_PLACEMENT_3D ( 'NONE', #1546, #3857, #404 ) ;
#5237 = CIRCLE ( 'NONE', #1977, 2.000000000000001776 ) ;
#5238 = AXIS2_PLACEMENT_3D ( 'NONE', #6007, #7113, #1922 ) ;
#5239 = VECTOR ( 'NONE', #6177, 1000.000000000000000 ) ;
#5240 = CARTESIAN_POINT ( 'NONE',  ( 118.6000000000000512, -68.67999999999999261, 4.500000000000000888 ) ) ;
#5241 = EDGE_CURVE ( 'NONE', #1891, #6011, #4150, .T. ) ;
#5242 = CARTESIAN_POINT ( 'NONE',  ( 62.89999999999999858, -62.67999999999999972, 2.500000000000000444 ) ) ;
#5243 = CARTESIAN_POINT ( 'NONE',  ( 112.6033342597740443, -147.3699994899999979, 6.500000000000000888 ) ) ;
#5244 = EDGE_CURVE ( 'NONE', #6742, #2005, #6400, .T. ) ;
#5245 = TOROIDAL_SURFACE ( 'NONE', #5744, 2.000000000000003553, 2.000000000000000000 ) ;
#5246 = ORIENTED_EDGE ( 'NONE', *, *, #3862, .T. ) ;
#5247 = ORIENTED_EDGE ( 'NONE', *, *, #2053, .T. ) ;
#5248 = CARTESIAN_POINT ( 'NONE',  ( 118.6000000000000654, -66.67999999999999261, 4.500000000000000888 ) ) ;
#5249 = DIRECTION ( 'NONE',  ( 1.000000000000000000, 0.000000000000000000, 0.000000000000000000 ) ) ;
#5250 = EDGE_CURVE ( 'NONE', #3940, #4475, #6821, .T. ) ;
#5251 = EDGE_LOOP ( 'NONE', ( #2903, #7331, #3418 ) ) ;
#5252 = AXIS2_PLACEMENT_3D ( 'NONE', #1981, #7242, #298 ) ;
#5253 = DIRECTION ( 'NONE',  ( 1.000000000000000000, 0.000000000000000000, 0.000000000000000000 ) ) ;
#5254 = FACE_OUTER_BOUND ( 'NONE', #3404, .T. ) ;
#5255 = MANIFOLD_SOLID_BREP ( 'Fillet16', #4782 ) ;
#5256 = EDGE_CURVE ( 'NONE', #6011, #5170, #2389, .T. ) ;
#5257 = DIRECTION ( 'NONE',  ( -1.000000000000000000, -8.068950408636815886E-17, 0.000000000000000000 ) ) ;
#5258 = ORIENTED_EDGE ( 'NONE', *, *, #67, .F. ) ;
#5259 = AXIS2_PLACEMENT_3D ( 'NONE', #4584, #3458, #24 ) ;
#5260 = LINE ( 'NONE', #6905, #1154 ) ;
#5261 = CARTESIAN_POINT ( 'NONE',  ( 58.83385495206077564, -124.6682885546311610, -1.803053144590152312 ) ) ;
#5262 = EDGE_LOOP ( 'NONE', ( #7125, #4084, #5390, #5067, #5144, #4805 ) ) ;
#5263 = EDGE_LOOP ( 'NONE', ( #5990, #2304, #3287, #2322, #4372, #3163, #6005, #1454, #6414, #4930, #7080, #1283, #4062, #4546, #3496, #4558, #6609 ) ) ;
#5264 = CARTESIAN_POINT ( 'NONE',  ( 108.1499998649999981, -142.6699994900000092, 0.000000000000000000 ) ) ;
#5265 = FACE_OUTER_BOUND ( 'NONE', #2360, .T. ) ;
#5266 = ORIENTED_EDGE ( 'NONE', *, *, #3387, .T. ) ;
#5267 = DIRECTION ( 'NONE',  ( -3.194334880715847085E-16, 1.000000000000000000, 0.000000000000000000 ) ) ;
#5268 = CYLINDRICAL_SURFACE ( 'NONE', #5850, 2.000000000000001776 ) ;
#5269 = ADVANCED_FACE ( 'NONE', ( #637 ), #5788, .F. ) ;
#5270 = CARTESIAN_POINT ( 'NONE',  ( 62.90000000000001279, -143.5699994899999865, 12.50000000000000000 ) ) ;
#5271 = FACE_OUTER_BOUND ( 'NONE', #2469, .T. ) ;
#5272 = CARTESIAN_POINT ( 'NONE',  ( 58.89999999999999147, -93.80499999999999261, 1.860000000000015419 ) ) ;
#5273 = CARTESIAN_POINT ( 'NONE',  ( 120.5999999999999943, -98.62499974499999666, -7.000000000000000000 ) ) ;
#5274 = FACE_OUTER_BOUND ( 'NONE', #918, .T. ) ;
#5275 = CARTESIAN_POINT ( 'NONE',  ( 122.6000000000000085, -145.5699994900000149, 6.500000000000000888 ) ) ;
#5276 = EDGE_CURVE ( 'NONE', #2910, #1134, #23, .T. ) ;
#5277 = ADVANCED_FACE ( 'NONE', ( #2357 ), #2345, .T. ) ;
#5278 = VERTEX_POINT ( 'NONE', #1426 ) ;
#5279 = VERTEX_POINT ( 'NONE', #2569 ) ;
#5280 = CARTESIAN_POINT ( 'NONE',  ( 58.59345652376456570, -123.1312547733464129, -2.333275310458280405 ) ) ;
#5281 = CARTESIAN_POINT ( 'NONE',  ( 136.6000000000000796, -113.6249997450000109, -7.000000000000000000 ) ) ;
#5282 = ORIENTED_EDGE ( 'NONE', *, *, #1004, .T. ) ;
#5283 = DIRECTION ( 'NONE',  ( 1.000000000000000000, 0.000000000000000000, 0.000000000000000000 ) ) ;
#5284 = CARTESIAN_POINT ( 'NONE',  ( 114.0000000000000000, -74.57500000000000284, -0.3500000000000152434 ) ) ;
#5285 = DIRECTION ( 'NONE',  ( 0.000000000000000000, 1.000000000000000000, 0.000000000000000000 ) ) ;
#5286 = CARTESIAN_POINT ( 'NONE',  ( 114.6000000000000227, -64.68000000000003524, 4.500000000000000888 ) ) ;
#5287 = ORIENTED_EDGE ( 'NONE', *, *, #3976, .T. ) ;
#5288 = DIRECTION ( 'NONE',  ( 0.000000000000000000, 0.000000000000000000, 1.000000000000000000 ) ) ;
#5289 = CARTESIAN_POINT ( 'NONE',  ( 58.55037019676611010, -123.2251659674567748, -2.568928099709134827 ) ) ;
#5290 = EDGE_CURVE ( 'NONE', #6885, #3497, #6681, .T. ) ;
#5291 = ORIENTED_EDGE ( 'NONE', *, *, #538, .F. ) ;
#5292 = VERTEX_POINT ( 'NONE', #6616 ) ;
#5293 = CARTESIAN_POINT ( 'NONE',  ( 136.5999999999999943, -126.1249997450000251, -4.000000000000000000 ) ) ;
#5294 = DIRECTION ( 'NONE',  ( 1.000000000000000000, 0.000000000000000000, 0.000000000000000000 ) ) ;
#5295 = LINE ( 'NONE', #903, #5191 ) ;
#5296 = DIRECTION ( 'NONE',  ( -1.000000000000000000, 0.000000000000000000, 0.000000000000000000 ) ) ;
#5297 = TOROIDAL_SURFACE ( 'NONE', #3861, 0.4000000000000000222, 0.2000000000000000111 ) ;
#5298 = LINE ( 'NONE', #6953, #2204 ) ;
#5299 = ORIENTED_EDGE ( 'NONE', *, *, #4474, .F. ) ;
#5300 = CARTESIAN_POINT ( 'NONE',  ( 58.87932155814612400, -125.3977585666354031, -1.400453812247243190 ) ) ;
#5301 = DIRECTION ( 'NONE',  ( 1.000000000000000000, 0.000000000000000000, 0.000000000000000000 ) ) ;
#5302 = AXIS2_PLACEMENT_3D ( 'NONE', #3290, #4983, #2727 ) ;
#5303 = CIRCLE ( 'NONE', #95, 2.000000000000001776 ) ;
#5304 = FACE_OUTER_BOUND ( 'NONE', #5135, .T. ) ;
#5305 = MECHANICAL_DESIGN_GEOMETRIC_PRESENTATION_REPRESENTATION (  '', ( #341 ), #335 ) ;
#5306 = CIRCLE ( 'NONE', #6039, 4.000000000000017764 ) ;
#5307 = DIRECTION ( 'NONE',  ( -0.000000000000000000, -0.000000000000000000, 1.000000000000000000 ) ) ;
#5308 = CARTESIAN_POINT ( 'NONE',  ( 46.89999999999999858, -86.12499974499999666, -7.000000000000000000 ) ) ;
#5309 = FACE_OUTER_BOUND ( 'NONE', #3941, .T. ) ;
#5310 = CARTESIAN_POINT ( 'NONE',  ( 112.6033342597740443, -149.3699994899999979, 6.500000000000015099 ) ) ;
#5311 = AXIS2_PLACEMENT_3D ( 'NONE', #6369, #4659, #1181 ) ;
#5312 = EDGE_CURVE ( 'NONE', #3226, #1262, #707, .T. ) ;
#5313 = ORIENTED_EDGE ( 'NONE', *, *, #4644, .T. ) ;
#5314 = ORIENTED_EDGE ( 'NONE', *, *, #2896, .F. ) ;
#5315 = DIRECTION ( 'NONE',  ( 0.000000000000000000, 0.000000000000000000, -1.000000000000000000 ) ) ;
#5316 = ADVANCED_FACE ( 'NONE', ( #4870 ), #2946, .T. ) ;
#5317 = DIRECTION ( 'NONE',  ( 0.000000000000000000, 0.000000000000000000, -1.000000000000000000 ) ) ;
#5318 = VERTEX_POINT ( 'NONE', #5432 ) ;
#5319 = DIRECTION ( 'NONE',  ( 0.000000000000000000, 0.000000000000000000, 1.000000000000000000 ) ) ;
#5320 = DIRECTION ( 'NONE',  ( 1.000000000000000000, 0.000000000000000000, 0.000000000000000000 ) ) ;
#5321 = CIRCLE ( 'NONE', #3, 7.500000000000007105 ) ;
#5322 = DIRECTION ( 'NONE',  ( 0.000000000000000000, 0.000000000000000000, 1.000000000000000000 ) ) ;
#5323 = DIRECTION ( 'NONE',  ( -1.000000000000000000, 0.000000000000000000, 0.000000000000000000 ) ) ;
#5324 = AXIS2_PLACEMENT_3D ( 'NONE', #1930, #4350, #1300 ) ;
#5325 = EDGE_LOOP ( 'NONE', ( #444, #7140, #5229, #2268, #19 ) ) ;
#5326 = FACE_OUTER_BOUND ( 'NONE', #4984, .T. ) ;
#5327 = CIRCLE ( 'NONE', #6059, 0.2000000000000057288 ) ;
#5328 = CARTESIAN_POINT ( 'NONE',  ( 58.40620335442731914, -122.3537134129263961, -2.658870908989324988 ) ) ;
#5329 = ORIENTED_EDGE ( 'NONE', *, *, #7054, .F. ) ;
#5330 = EDGE_CURVE ( 'NONE', #5644, #4162, #7430, .T. ) ;
#5331 = ORIENTED_EDGE ( 'NONE', *, *, #519, .T. ) ;
#5332 = FACE_OUTER_BOUND ( 'NONE', #2503, .T. ) ;
#5333 = AXIS2_PLACEMENT_3D ( 'NONE', #6850, #3277, #2225 ) ;
#5334 = CARTESIAN_POINT ( 'NONE',  ( 108.1499998649999981, -142.6699994900000092, -2.000000000000000000 ) ) ;
#5335 = CARTESIAN_POINT ( 'NONE',  ( 58.62283773558365851, -88.71717713152050067, -2.277815935579619921 ) ) ;
#5336 = AXIS2_PLACEMENT_3D ( 'NONE', #7519, #5192, #4136 ) ;
#5337 = CARTESIAN_POINT ( 'NONE',  ( 62.90000000000001279, -147.3699994899999979, 13.50000000000000178 ) ) ;
#5338 = EDGE_CURVE ( 'NONE', #7351, #3100, #200, .T. ) ;
#5339 = DIRECTION ( 'NONE',  ( 1.000000000000000000, -0.000000000000000000, -0.000000000000000000 ) ) ;
#5340 = CARTESIAN_POINT ( 'NONE',  ( 112.6000000000000227, -60.67999999999999972, 12.50000000000000000 ) ) ;
#5341 = EDGE_CURVE ( 'NONE', #1601, #1891, #5933, .T. ) ;
#5342 = AXIS2_PLACEMENT_3D ( 'NONE', #3210, #2034, #5979 ) ;
#5343 = LINE ( 'NONE', #6735, #392 ) ;
#5344 = VERTEX_POINT ( 'NONE', #4194 ) ;
#5345 = EDGE_CURVE ( 'NONE', #3374, #393, #7195, .T. ) ;
#5346 = CARTESIAN_POINT ( 'NONE',  ( 108.1499998649999981, -142.6699994900000092, 0.000000000000000000 ) ) ;
#5347 = PLANE ( 'NONE',  #7133 ) ;
#5348 = AXIS2_PLACEMENT_3D ( 'NONE', #1662, #3973, #1086 ) ;
#5349 = AXIS2_PLACEMENT_3D ( 'NONE', #7079, #3740, #3093 ) ;
#5350 = CYLINDRICAL_SURFACE ( 'NONE', #2809, 0.2000000000000057288 ) ;
#5351 = DIRECTION ( 'NONE',  ( 0.000000000000000000, 0.000000000000000000, 1.000000000000000000 ) ) ;
#5352 = CARTESIAN_POINT ( 'NONE',  ( 60.89999999999999858, -75.02846419239688203, -4.949152420611724779 ) ) ;
#5353 = AXIS2_PLACEMENT_3D ( 'NONE', #6955, #7482, #657 ) ;
#5354 = CARTESIAN_POINT ( 'NONE',  ( 114.6152271220556145, -147.4365236823845464, 6.237314318039393513 ) ) ;
#5355 = AXIS2_PLACEMENT_3D ( 'NONE', #310, #4936, #7260 ) ;
#5356 = ORIENTED_EDGE ( 'NONE', *, *, #4871, .F. ) ;
#5357 = VERTEX_POINT ( 'NONE', #1396 ) ;
#5358 = LINE ( 'NONE', #1950, #6426 ) ;
#5359 = DIRECTION ( 'NONE',  ( 0.000000000000000000, 0.000000000000000000, 1.000000000000000000 ) ) ;
#5360 = ORIENTED_EDGE ( 'NONE', *, *, #3141, .F. ) ;
#5361 = ADVANCED_FACE ( 'NONE', ( #5971 ), #3550, .F. ) ;
#5362 = DIRECTION ( 'NONE',  ( 1.000000000000000000, 0.000000000000000000, 0.000000000000000000 ) ) ;
#5363 = DIRECTION ( 'NONE',  ( 0.000000000000000000, 0.000000000000000000, 1.000000000000000000 ) ) ;
#5364 = DIRECTION ( 'NONE',  ( -1.597167440357923543E-16, 1.000000000000000000, 0.000000000000000000 ) ) ;
#5365 = AXIS2_PLACEMENT_3D ( 'NONE', #776, #3548, #113 ) ;
#5366 = EDGE_CURVE ( 'NONE', #3436, #3226, #6040, .T. ) ;
#5367 = ORIENTED_EDGE ( 'NONE', *, *, #3800, .F. ) ;
#5368 = CARTESIAN_POINT ( 'NONE',  ( 62.89999999999999858, -70.68000000000000682, 12.50000000000000000 ) ) ;
#5369 = LINE ( 'NONE', #1401, #3051 ) ;
#5370 = EDGE_LOOP ( 'NONE', ( #1510, #6272, #1734, #703 ) ) ;
#5371 = ORIENTED_EDGE ( 'NONE', *, *, #5692, .F. ) ;
#5372 = CARTESIAN_POINT ( 'NONE',  ( 57.48115873790134600, -91.84211147326529101, -3.900225677824166404 ) ) ;
#5373 = CARTESIAN_POINT ( 'NONE',  ( 124.5999999999999943, -62.67999999999999972, -1.000000000000000888 ) ) ;
#5374 = CARTESIAN_POINT ( 'NONE',  ( 56.05994175339996133, -93.88779648269988343, -4.025161790088975344 ) ) ;
#5375 = DIRECTION ( 'NONE',  ( 1.000000000000000000, 0.000000000000000000, 0.000000000000000000 ) ) ;
#5376 = ADVANCED_FACE ( 'NONE', ( #4723 ), #126, .F. ) ;
#5377 = CYLINDRICAL_SURFACE ( 'NONE', #2677, 2.000000000000000000 ) ;
#5378 = CARTESIAN_POINT ( 'NONE',  ( 124.8331915652267128, -123.5037064462514707, -2.172597956444367373 ) ) ;
#5379 = VECTOR ( 'NONE', #6018, 1000.000000000000000 ) ;
#5380 = DIRECTION ( 'NONE',  ( 3.194334880715847085E-16, -1.000000000000000000, 0.000000000000000000 ) ) ;
#5381 = VERTEX_POINT ( 'NONE', #6476 ) ;
#5382 = PLANE ( 'NONE',  #243 ) ;
#5383 = DIRECTION ( 'NONE',  ( 0.000000000000000000, 0.000000000000000000, 1.000000000000000000 ) ) ;
#5384 = EDGE_CURVE ( 'NONE', #1548, #779, #641, .T. ) ;
#5385 = LINE ( 'NONE', #5457, #998 ) ;
#5386 = EDGE_CURVE ( 'NONE', #6473, #1728, #2090, .T. ) ;
#5387 = DIRECTION ( 'NONE',  ( 0.000000000000000000, -1.000000000000000000, 0.000000000000000000 ) ) ;
#5388 = DIRECTION ( 'NONE',  ( 1.000000000000000000, 0.000000000000000000, 0.000000000000000000 ) ) ;
#5389 = CARTESIAN_POINT ( 'NONE',  ( 113.9660085831472713, -149.3699994899999979, 3.481851137470897140 ) ) ;
#5390 = ORIENTED_EDGE ( 'NONE', *, *, #1641, .T. ) ;
#5391 = ORIENTED_EDGE ( 'NONE', *, *, #1436, .F. ) ;
#5392 = PLANE ( 'NONE',  #5091 ) ;
#5393 = DIRECTION ( 'NONE',  ( 0.000000000000000000, 1.000000000000000000, 0.000000000000000000 ) ) ;
#5394 = VERTEX_POINT ( 'NONE', #1320 ) ;
#5395 = DIRECTION ( 'NONE',  ( 1.000000000000000000, -4.440892098500624584E-15, 0.000000000000000000 ) ) ;
#5396 = DIRECTION ( 'NONE',  ( -3.194334880715847085E-16, 1.000000000000000000, 0.000000000000000000 ) ) ;
#5397 = DIRECTION ( 'NONE',  ( -0.000000000000000000, -0.000000000000000000, -1.000000000000000000 ) ) ;
#5398 = ORIENTED_EDGE ( 'NONE', *, *, #3007, .T. ) ;
#5399 = ORIENTED_EDGE ( 'NONE', *, *, #3661, .F. ) ;
#5400 = DIRECTION ( 'NONE',  ( 0.000000000000000000, -1.000000000000000000, 0.000000000000000000 ) ) ;
#5401 = FACE_OUTER_BOUND ( 'NONE', #2724, .T. ) ;
#5402 = ORIENTED_EDGE ( 'NONE', *, *, #3965, .F. ) ;
#5403 = ORIENTED_EDGE ( 'NONE', *, *, #3652, .F. ) ;
#5404 = CARTESIAN_POINT ( 'NONE',  ( 57.82260802994783688, -91.15185288669421482, -3.605279502035624084 ) ) ;
#5405 = CARTESIAN_POINT ( 'NONE',  ( 108.5499998649999895, -149.3699994899999979, 13.50000000000000178 ) ) ;
#5406 = DIRECTION ( 'NONE',  ( -1.000000000000000000, 0.000000000000000000, 0.000000000000000000 ) ) ;
#5407 = CARTESIAN_POINT ( 'NONE',  ( 64.90000000000003411, -143.5699994899999865, 12.50000000000000000 ) ) ;
#5408 = DIRECTION ( 'NONE',  ( 0.000000000000000000, 0.000000000000000000, 1.000000000000000000 ) ) ;
#5409 = CARTESIAN_POINT ( 'NONE',  ( 126.4278151898529359, -119.1293176187981544, -3.769814956407940620 ) ) ;
#5410 = ADVANCED_FACE ( 'NONE', ( #4836 ), #3023, .T. ) ;
#5411 = CARTESIAN_POINT ( 'NONE',  ( 112.6000000000000227, -60.67999999999999972, 12.50000000000000000 ) ) ;
#5412 = ORIENTED_EDGE ( 'NONE', *, *, #4787, .F. ) ;
#5413 = EDGE_CURVE ( 'NONE', #5155, #1966, #261, .T. ) ;
#5414 = CARTESIAN_POINT ( 'NONE',  ( 60.39999999999999858, -147.3699994899999979, 2.500000000000000444 ) ) ;
#5415 = VECTOR ( 'NONE', #1716, 1000.000000000000000 ) ;
#5416 = DIRECTION ( 'NONE',  ( 0.000000000000000000, 0.000000000000000000, 1.000000000000000000 ) ) ;
#5417 = CIRCLE ( 'NONE', #7369, 2.000000000000001776 ) ;
#5418 = AXIS2_PLACEMENT_3D ( 'NONE', #3520, #7432, #5758 ) ;
#5419 = CARTESIAN_POINT ( 'NONE',  ( 68.63210920467233223, -147.4334581298141984, 5.495971407770952055 ) ) ;
#5420 = EDGE_CURVE ( 'NONE', #4648, #548, #1916, .T. ) ;
#5421 = DIRECTION ( 'NONE',  ( -1.000000000000000000, 0.000000000000000000, 0.000000000000000000 ) ) ;
#5422 = CARTESIAN_POINT ( 'NONE',  ( 114.8677540047836771, -147.4334602487645611, 5.496123037215443041 ) ) ;
#5423 = ORIENTED_EDGE ( 'NONE', *, *, #7068, .T. ) ;
#5424 = ORIENTED_EDGE ( 'NONE', *, *, #1818, .F. ) ;
#5425 = CARTESIAN_POINT ( 'NONE',  ( 78.14999986499999807, -153.5699994899999865, 9.460000009999999904 ) ) ;
#5426 = CYLINDRICAL_SURFACE ( 'NONE', #330, 2.000000000000001776 ) ;
#5427 = ORIENTED_EDGE ( 'NONE', *, *, #6957, .F. ) ;
#5428 = DIRECTION ( 'NONE',  ( 0.000000000000000000, 0.000000000000000000, 1.000000000000000000 ) ) ;
#5429 = CARTESIAN_POINT ( 'NONE',  ( 55.90000000000000568, -117.4503239585512802, -4.000000000000000000 ) ) ;
#5430 = EDGE_CURVE ( 'NONE', #2823, #2703, #3060, .T. ) ;
#5431 = AXIS2_PLACEMENT_3D ( 'NONE', #2496, #4156, #1953 ) ;
#5432 = CARTESIAN_POINT ( 'NONE',  ( 115.0278857801016699, -149.3699994899999979, 13.50000000000000178 ) ) ;
#5433 = ORIENTED_EDGE ( 'NONE', *, *, #13, .F. ) ;
#5434 = ORIENTED_EDGE ( 'NONE', *, *, #5244, .F. ) ;
#5435 = CARTESIAN_POINT ( 'NONE',  ( 136.6000000000000796, -98.62499974499999666, -4.000000000000000000 ) ) ;
#5436 = DIRECTION ( 'NONE',  ( 1.387778780781444413E-14, -1.000000000000000000, 0.000000000000000000 ) ) ;
#5437 = VERTEX_POINT ( 'NONE', #2756 ) ;
#5438 = EDGE_CURVE ( 'NONE', #1585, #1115, #1489, .T. ) ;
#5439 = ORIENTED_EDGE ( 'NONE', *, *, #3231, .T. ) ;
#5440 = LINE ( 'NONE', #717, #88 ) ;
#5441 = CYLINDRICAL_SURFACE ( 'NONE', #3304, 0.1999999999999996503 ) ;
#5442 = CARTESIAN_POINT ( 'NONE',  ( 136.7500000000000284, -98.12499974499999666, -4.500000000000000888 ) ) ;
#5443 = AXIS2_PLACEMENT_3D ( 'NONE', #6798, #2220, #5694 ) ;
#5444 = CARTESIAN_POINT ( 'NONE',  ( 67.34999999999999432, -74.57500000000000284, -0.3500000000000152434 ) ) ;
#5445 = CIRCLE ( 'NONE', #4488, 2.000000000000001776 ) ;
#5446 = FACE_OUTER_BOUND ( 'NONE', #1757, .T. ) ;
#5447 = DIRECTION ( 'NONE',  ( 0.000000000000000000, 0.000000000000000000, 1.000000000000000000 ) ) ;
#5448 = CIRCLE ( 'NONE', #1235, 0.5000000000000004441 ) ;
#5449 = ORIENTED_EDGE ( 'NONE', *, *, #1855, .F. ) ;
#5450 = ADVANCED_FACE ( 'NONE', ( #3327 ), #2636, .F. ) ;
#5451 = AXIS2_PLACEMENT_3D ( 'NONE', #4040, #5225, #2254 ) ;
#5452 = AXIS2_PLACEMENT_3D ( 'NONE', #2332, #687, #4704 ) ;
#5453 = DIRECTION ( 'NONE',  ( 1.000000000000000000, 0.000000000000000000, 0.000000000000000000 ) ) ;
#5454 = EDGE_CURVE ( 'NONE', #6339, #1470, #5059, .T. ) ;
#5455 = AXIS2_PLACEMENT_3D ( 'NONE', #4997, #6266, #5076 ) ;
#5456 = VECTOR ( 'NONE', #5576, 1000.000000000000000 ) ;
#5457 = CARTESIAN_POINT ( 'NONE',  ( 64.90000000000003411, -68.68000000000000682, 6.500000000000000888 ) ) ;
#5458 = FACE_OUTER_BOUND ( 'NONE', #2987, .T. ) ;
#5459 = CARTESIAN_POINT ( 'NONE',  ( 108.1499998649999839, -152.5699994899999865, 2.000000000000001776 ) ) ;
#5460 = DIRECTION ( 'NONE',  ( 0.000000000000000000, 0.000000000000000000, 1.000000000000000000 ) ) ;
#5461 = VECTOR ( 'NONE', #6626, 1000.000000000000000 ) ;
#5462 = EDGE_LOOP ( 'NONE', ( #4435, #348, #4943, #48 ) ) ;
#5463 = ORIENTED_EDGE ( 'NONE', *, *, #2326, .T. ) ;
#5464 = CIRCLE ( 'NONE', #6205, 4.750000000000000888 ) ;
#5465 = DIRECTION ( 'NONE',  ( 1.000000000000000000, 0.000000000000000000, 0.000000000000000000 ) ) ;
#5466 = DIRECTION ( 'NONE',  ( -1.000000000000000000, 0.000000000000000000, 0.000000000000000000 ) ) ;
#5467 = ORIENTED_EDGE ( 'NONE', *, *, #175, .F. ) ;
#5468 = DIRECTION ( 'NONE',  ( -1.000000000000000000, 0.000000000000000000, 0.000000000000000000 ) ) ;
#5469 = DIRECTION ( 'NONE',  ( 0.000000000000000000, 0.000000000000000000, -1.000000000000000000 ) ) ;
#5470 = VECTOR ( 'NONE', #1999, 1000.000000000000000 ) ;
#5471 = CARTESIAN_POINT ( 'NONE',  ( 112.6033342597740443, -149.3699994899999979, 12.50000000000000000 ) ) ;
#5472 = EDGE_CURVE ( 'NONE', #7222, #3100, #1375, .T. ) ;
#5473 = ORIENTED_EDGE ( 'NONE', *, *, #6376, .F. ) ;
#5474 = ORIENTED_EDGE ( 'NONE', *, *, #5341, .T. ) ;
#5475 = ADVANCED_FACE ( 'NONE', ( #3285 ), #4451, .F. ) ;
#5476 = DIRECTION ( 'NONE',  ( -0.7071067811865479058, 8.659560562354939021E-17, 0.7071067811865470176 ) ) ;
#5477 = AXIS2_PLACEMENT_3D ( 'NONE', #7199, #3133, #1962 ) ;
#5478 = LINE ( 'NONE', #1963, #7164 ) ;
#5479 = ORIENTED_EDGE ( 'NONE', *, *, #2103, .F. ) ;
#5480 = VERTEX_POINT ( 'NONE', #7225 ) ;
#5481 = CARTESIAN_POINT ( 'NONE',  ( 46.75000000000004263, -98.62499974499999666, -6.500000000000000888 ) ) ;
#5482 = AXIS2_PLACEMENT_3D ( 'NONE', #1740, #6363, #5708 ) ;
#5483 = ADVANCED_FACE ( 'NONE', ( #4977 ), #969, .T. ) ;
#5484 = DIRECTION ( 'NONE',  ( -0.000000000000000000, -0.000000000000000000, -1.000000000000000000 ) ) ;
#5485 = PLANE ( 'NONE',  #7182 ) ;
#5486 = DIRECTION ( 'NONE',  ( 0.000000000000000000, 0.000000000000000000, 1.000000000000000000 ) ) ;
#5487 = DIRECTION ( 'NONE',  ( -1.000000000000000000, -0.000000000000000000, -0.000000000000000000 ) ) ;
#5488 = AXIS2_PLACEMENT_3D ( 'NONE', #3197, #5497, #302 ) ;
#5489 = FACE_OUTER_BOUND ( 'NONE', #2092, .T. ) ;
#5490 = ORIENTED_EDGE ( 'NONE', *, *, #1802, .F. ) ;
#5491 = CARTESIAN_POINT ( 'NONE',  ( 108.1499998649999839, -151.0699994899999865, 4.300000000000001599 ) ) ;
#5492 = AXIS2_PLACEMENT_3D ( 'NONE', #2125, #7316, #2080 ) ;
#5493 = EDGE_CURVE ( 'NONE', #4531, #6320, #2187, .T. ) ;
#5494 = DIRECTION ( 'NONE',  ( -1.000000000000000000, 0.000000000000000000, 0.000000000000000000 ) ) ;
#5495 = CARTESIAN_POINT ( 'NONE',  ( 46.89999999999992042, -113.6249997450000109, -6.500000000000000888 ) ) ;
#5496 = CARTESIAN_POINT ( 'NONE',  ( 120.5999999999999801, -60.67999999999999972, 13.50000000000000178 ) ) ;
#5497 = DIRECTION ( 'NONE',  ( 0.000000000000000000, 0.000000000000000000, 1.000000000000000000 ) ) ;
#5498 = VERTEX_POINT ( 'NONE', #2029 ) ;
#5499 = ORIENTED_EDGE ( 'NONE', *, *, #6738, .T. ) ;
#5500 = AXIS2_PLACEMENT_3D ( 'NONE', #1234, #6669, #1383 ) ;
#5501 = LINE ( 'NONE', #6724, #4251 ) ;
#5502 = ORIENTED_EDGE ( 'NONE', *, *, #6965, .F. ) ;
#5503 = CARTESIAN_POINT ( 'NONE',  ( 122.5999999999999801, -62.67999999999999972, 13.50000000000000178 ) ) ;
#5504 = EDGE_CURVE ( 'NONE', #217, #2140, #3851, .T. ) ;
#5505 = CARTESIAN_POINT ( 'NONE',  ( 120.5999999999999943, -149.5699994899999865, -6.500000000000002665 ) ) ;
#5506 = EDGE_CURVE ( 'NONE', #5221, #3779, #2722, .T. ) ;
#5507 = DIRECTION ( 'NONE',  ( 1.000000000000000000, 0.000000000000000000, 0.000000000000000000 ) ) ;
#5508 = ORIENTED_EDGE ( 'NONE', *, *, #5493, .F. ) ;
#5509 = ORIENTED_EDGE ( 'NONE', *, *, #4468, .T. ) ;
#5510 = DIRECTION ( 'NONE',  ( 1.000000000000000000, 0.000000000000000000, 0.000000000000000000 ) ) ;
#5511 = DIRECTION ( 'NONE',  ( 0.000000000000000000, 0.000000000000000000, 1.000000000000000000 ) ) ;
#5512 = ORIENTED_EDGE ( 'NONE', *, *, #6924, .F. ) ;
#5513 = ORIENTED_EDGE ( 'NONE', *, *, #6914, .T. ) ;
#5514 = FACE_OUTER_BOUND ( 'NONE', #6542, .T. ) ;
#5515 = CARTESIAN_POINT ( 'NONE',  ( 122.5999999999999801, -76.90738075793818496, -5.000000000000000888 ) ) ;
#5516 = CARTESIAN_POINT ( 'NONE',  ( 67.34999999999999432, -74.57500000000000284, -6.000000000000000000 ) ) ;
#5517 = DIRECTION ( 'NONE',  ( 1.000000000000000000, -0.000000000000000000, 0.000000000000000000 ) ) ;
#5518 = DIRECTION ( 'NONE',  ( 1.000000000000000000, 0.000000000000000000, 0.000000000000000000 ) ) ;
#5519 = DIRECTION ( 'NONE',  ( 0.000000000000000000, 0.000000000000000000, 1.000000000000000000 ) ) ;
#5520 = CARTESIAN_POINT ( 'NONE',  ( 60.39999999999999858, -147.3699994899999979, 2.500000000000000444 ) ) ;
#5521 = ORIENTED_EDGE ( 'NONE', *, *, #211, .F. ) ;
#5522 = DIRECTION ( 'NONE',  ( -0.000000000000000000, -0.000000000000000000, -1.000000000000000000 ) ) ;
#5523 = CARTESIAN_POINT ( 'NONE',  ( 46.89999999999999858, -86.12499974499999666, -6.500000000000000888 ) ) ;
#5524 = EDGE_LOOP ( 'NONE', ( #2669, #6848, #5912, #5258 ) ) ;
#5525 = CARTESIAN_POINT ( 'NONE',  ( 108.1499998649999981, -142.6699994900000092, 0.000000000000000000 ) ) ;
#5526 = ADVANCED_FACE ( 'NONE', ( #5022 ), #7303, .F. ) ;
#5527 = CARTESIAN_POINT ( 'NONE',  ( 67.02264033928656772, -149.3699994899999979, 4.486930654477890634 ) ) ;
#5528 = CARTESIAN_POINT ( 'NONE',  ( 62.55000000000002558, -147.5699994899999865, 12.50000000000000000 ) ) ;
#5529 = CARTESIAN_POINT ( 'NONE',  ( 114.6013334053794637, -149.3699994899999979, 3.028258636651514735 ) ) ;
#5530 = ORIENTED_EDGE ( 'NONE', *, *, #306, .T. ) ;
#5531 = ORIENTED_EDGE ( 'NONE', *, *, #1554, .F. ) ;
#5532 = AXIS2_PLACEMENT_3D ( 'NONE', #3855, #5172, #7497 ) ;
#5533 = CYLINDRICAL_SURFACE ( 'NONE', #1238, 2.000000000000015543 ) ;
#5534 = CIRCLE ( 'NONE', #2294, 4.000000000000003553 ) ;
#5535 = PRODUCT_CONTEXT ( 'NONE', #2917, 'mechanical' ) ;
#5536 = ORIENTED_EDGE ( 'NONE', *, *, #4105, .T. ) ;
#5537 = ORIENTED_EDGE ( 'NONE', *, *, #3394, .F. ) ;
#5538 = DIRECTION ( 'NONE',  ( -1.000000000000000000, 0.000000000000000000, 0.000000000000000000 ) ) ;
#5539 = CARTESIAN_POINT ( 'NONE',  ( 67.34999999999999432, -74.57500000000000284, -5.000000000000000000 ) ) ;
#5540 = ADVANCED_FACE ( 'NONE', ( #4499 ), #6813, .T. ) ;
#5541 = CIRCLE ( 'NONE', #2593, 4.000000000000003553 ) ;
#5542 = VERTEX_POINT ( 'NONE', #5471 ) ;
#5543 = ORIENTED_EDGE ( 'NONE', *, *, #2249, .F. ) ;
#5544 = EDGE_CURVE ( 'NONE', #2317, #6397, #2610, .T. ) ;
#5545 = FACE_OUTER_BOUND ( 'NONE', #6160, .T. ) ;
#5546 = FACE_OUTER_BOUND ( 'NONE', #542, .T. ) ;
#5547 = EDGE_LOOP ( 'NONE', ( #4682, #6619, #2284, #6082 ) ) ;
#5548 = CIRCLE ( 'NONE', #7254, 2.000000000000001776 ) ;
#5549 = DIRECTION ( 'NONE',  ( -0.000000000000000000, 0.000000000000000000, -1.000000000000000000 ) ) ;
#5550 = VERTEX_POINT ( 'NONE', #6079 ) ;
#5551 = DIRECTION ( 'NONE',  ( -1.000000000000000000, -0.000000000000000000, -0.000000000000000000 ) ) ;
#5552 = DIRECTION ( 'NONE',  ( -0.000000000000000000, 1.000000000000000000, 0.000000000000000000 ) ) ;
#5553 = CIRCLE ( 'NONE', #6531, 0.5000000000000004441 ) ;
#5554 = DIRECTION ( 'NONE',  ( -0.000000000000000000, 0.000000000000000000, -1.000000000000000000 ) ) ;
#5555 = DIRECTION ( 'NONE',  ( 0.000000000000000000, 0.000000000000000000, -1.000000000000000000 ) ) ;
#5556 = TOROIDAL_SURFACE ( 'NONE', #6307, 7.000000000000007105, 3.000000000000000000 ) ;
#5557 = VECTOR ( 'NONE', #421, 1000.000000000000000 ) ;
#5558 = DIRECTION ( 'NONE',  ( 1.000000000000000000, 0.000000000000000000, 0.000000000000000000 ) ) ;
#5559 = EDGE_CURVE ( 'NONE', #510, #5743, #1146, .T. ) ;
#5560 = CARTESIAN_POINT ( 'NONE',  ( 120.5999999999999943, -68.67999999999999261, 6.500000000000000888 ) ) ;
#5561 = CARTESIAN_POINT ( 'NONE',  ( 108.1499998649999981, -142.6699994900000092, -6.000000000000000000 ) ) ;
#5562 = ORIENTED_EDGE ( 'NONE', *, *, #3466, .F. ) ;
#5563 = FACE_OUTER_BOUND ( 'NONE', #4880, .T. ) ;
#5564 = CIRCLE ( 'NONE', #2319, 3.250000000000002665 ) ;
#5565 = CARTESIAN_POINT ( 'NONE',  ( 78.14999986499999807, -149.5699994899999865, 13.50000000000000178 ) ) ;
#5566 = EDGE_CURVE ( 'NONE', #6632, #1153, #149, .T. ) ;
#5567 = ORIENTED_EDGE ( 'NONE', *, *, #3820, .F. ) ;
#5568 = AXIS2_PLACEMENT_3D ( 'NONE', #5444, #178, #253 ) ;
#5569 = ADVANCED_FACE ( 'NONE', ( #2066 ), #4375, .F. ) ;
#5570 = AXIS2_PLACEMENT_3D ( 'NONE', #1197, #3504, #5805 ) ;
#5571 = EDGE_CURVE ( 'NONE', #7279, #7505, #3778, .T. ) ;
#5572 = AXIS2_PLACEMENT_3D ( 'NONE', #1377, #5487, #179 ) ;
#5573 = CARTESIAN_POINT ( 'NONE',  ( 136.7500000000000284, -106.1249997449999967, -6.500000000000000888 ) ) ;
#5574 = CARTESIAN_POINT ( 'NONE',  ( 125.8553067408951733, -92.05550027508954258, -3.477824301699751430 ) ) ;
#5575 = DIRECTION ( 'NONE',  ( -0.000000000000000000, -0.000000000000000000, 1.000000000000000000 ) ) ;
#5576 = DIRECTION ( 'NONE',  ( -0.000000000000000000, -0.000000000000000000, -1.000000000000000000 ) ) ;
#5577 = AXIS2_PLACEMENT_3D ( 'NONE', #2467, #7231, #6552 ) ;
#5578 = ORIENTED_EDGE ( 'NONE', *, *, #418, .F. ) ;
#5579 = ORIENTED_EDGE ( 'NONE', *, *, #4568, .T. ) ;
#5580 = DIRECTION ( 'NONE',  ( 0.000000000000000000, 0.000000000000000000, -1.000000000000000000 ) ) ;
#5581 = FACE_OUTER_BOUND ( 'NONE', #5125, .T. ) ;
#5582 = ORIENTED_EDGE ( 'NONE', *, *, #655, .F. ) ;
#5583 = CIRCLE ( 'NONE', #2940, 2.000000000000001776 ) ;
#5584 = VERTEX_POINT ( 'NONE', #1671 ) ;
#5585 = AXIS2_PLACEMENT_3D ( 'NONE', #6257, #2354, #2804 ) ;
#5586 = DIRECTION ( 'NONE',  ( -1.597167440357923543E-16, 1.000000000000000000, -0.000000000000000000 ) ) ;
#5587 = CARTESIAN_POINT ( 'NONE',  ( 75.64999986500001228, -151.4699994900000206, 4.300000000000001599 ) ) ;
#5588 = DIRECTION ( 'NONE',  ( -0.000000000000000000, -0.000000000000000000, -1.000000000000000000 ) ) ;
#5589 = VECTOR ( 'NONE', #5484, 1000.000000000000000 ) ;
#5590 = ORIENTED_EDGE ( 'NONE', *, *, #6497, .T. ) ;
#5591 = EDGE_LOOP ( 'NONE', ( #5770, #468, #316, #2464 ) ) ;
#5592 = CYLINDRICAL_SURFACE ( 'NONE', #3643, 2.000000000000001776 ) ;
#5593 = EDGE_CURVE ( 'NONE', #6438, #5584, #3982, .T. ) ;
#5594 = CARTESIAN_POINT ( 'NONE',  ( 120.9499999999999886, -147.5699994899999865, 12.50000000000000000 ) ) ;
#5595 = ORIENTED_EDGE ( 'NONE', *, *, #4000, .T. ) ;
#5596 = AXIS2_PLACEMENT_3D ( 'NONE', #4947, #1597, #7271 ) ;
#5597 = FACE_OUTER_BOUND ( 'NONE', #6881, .T. ) ;
#5598 = ORIENTED_EDGE ( 'NONE', *, *, #6095, .F. ) ;
#5599 = DIRECTION ( 'NONE',  ( 0.000000000000000000, 0.000000000000000000, -1.000000000000000000 ) ) ;
#5600 = EDGE_CURVE ( 'NONE', #780, #5292, #5667, .T. ) ;
#5601 = DIRECTION ( 'NONE',  ( 0.000000000000000000, -1.000000000000000000, 0.000000000000000000 ) ) ;
#5602 = PLANE ( 'NONE',  #1016 ) ;
#5603 = CIRCLE ( 'NONE', #6949, 2.000000000000001776 ) ;
#5604 = CARTESIAN_POINT ( 'NONE',  ( 120.5999999999999801, -59.17999999999999972, -7.000000000000000000 ) ) ;
#5605 = ORIENTED_EDGE ( 'NONE', *, *, #1127, .T. ) ;
#5606 = AXIS2_PLACEMENT_3D ( 'NONE', #4804, #4876, #4910 ) ;
#5607 = CARTESIAN_POINT ( 'NONE',  ( 58.89999999999999147, -86.12499974499989719, -4.000000000000000000 ) ) ;
#5608 = CARTESIAN_POINT ( 'NONE',  ( 56.84631638658237307, -118.7535778352158928, -3.856159513852547960 ) ) ;
#5609 = CARTESIAN_POINT ( 'NONE',  ( 116.0000000000000000, -74.57500000000000284, 0.000000000000000000 ) ) ;
#5610 = EDGE_LOOP ( 'NONE', ( #90, #6815, #4444, #2537 ) ) ;
#5611 = FACE_OUTER_BOUND ( 'NONE', #5750, .T. ) ;
#5612 = ADVANCED_FACE ( 'NONE', ( #940 ), #881, .T. ) ;
#5613 = LINE ( 'NONE', #3383, #5557 ) ;
#5614 = CIRCLE ( 'NONE', #3320, 2.000000000000001776 ) ;
#5615 = ORIENTED_EDGE ( 'NONE', *, *, #4056, .F. ) ;
#5616 = AXIS2_PLACEMENT_3D ( 'NONE', #3653, #2514, #7131 ) ;
#5617 = DIRECTION ( 'NONE',  ( 1.000000000000000000, 0.000000000000000000, 0.000000000000000000 ) ) ;
#5618 = CARTESIAN_POINT ( 'NONE',  ( 55.89999999999999858, -106.1249997449999967, -1.000000000000000000 ) ) ;
#5619 = CARTESIAN_POINT ( 'NONE',  ( 120.5999999999999943, -152.7699994900000036, 13.50000000000000178 ) ) ;
#5620 = CARTESIAN_POINT ( 'NONE',  ( 58.90000000000000568, -149.5699994899999865, -6.500000000000002665 ) ) ;
#5621 = ADVANCED_FACE ( 'NONE', ( #1684 ), #3303, .T. ) ;
#5622 = VECTOR ( 'NONE', #6299, 1000.000000000000000 ) ;
#5623 = ORIENTED_EDGE ( 'NONE', *, *, #3065, .T. ) ;
#5624 = ORIENTED_EDGE ( 'NONE', *, *, #1177, .T. ) ;
#5625 = ADVANCED_FACE ( 'NONE', ( #6868 ), #5036, .F. ) ;
#5626 = CARTESIAN_POINT ( 'NONE',  ( 120.6000000000000227, -143.5699994899999865, 4.500000000000000888 ) ) ;
#5627 = CARTESIAN_POINT ( 'NONE',  ( 126.9514778063124965, -93.27050685976342947, -3.954828897047180991 ) ) ;
#5628 = ORIENTED_EDGE ( 'NONE', *, *, #3932, .F. ) ;
#5629 = ORIENTED_EDGE ( 'NONE', *, *, #6317, .F. ) ;
#5630 = DIRECTION ( 'NONE',  ( 1.224646799147353207E-16, 1.000000000000000000, -0.000000000000000000 ) ) ;
#5631 = DIRECTION ( 'NONE',  ( 1.000000000000000000, 0.000000000000000000, 0.000000000000000000 ) ) ;
#5632 = CARTESIAN_POINT ( 'NONE',  ( 120.5999999999999943, -153.0699994899999865, -6.500000000000002665 ) ) ;
#5633 = VERTEX_POINT ( 'NONE', #3831 ) ;
#5634 = ORIENTED_EDGE ( 'NONE', *, *, #4787, .T. ) ;
#5635 = DIRECTION ( 'NONE',  ( 0.000000000000000000, 1.000000000000000000, 0.000000000000000000 ) ) ;
#5636 = DIRECTION ( 'NONE',  ( 1.000000000000000000, 0.000000000000000000, -0.000000000000000000 ) ) ;
#5637 = ORIENTED_EDGE ( 'NONE', *, *, #1420, .T. ) ;
#5638 = CARTESIAN_POINT ( 'NONE',  ( 120.6000000000000227, -64.68000000000000682, 12.14999999999999325 ) ) ;
#5639 = ORIENTED_EDGE ( 'NONE', *, *, #1832, .F. ) ;
#5640 = DIRECTION ( 'NONE',  ( 1.000000000000000000, 0.000000000000000000, 0.000000000000000000 ) ) ;
#5641 = CARTESIAN_POINT ( 'NONE',  ( 108.3499998649999867, -149.5699994899999865, 13.50000000000000178 ) ) ;
#5642 = FACE_OUTER_BOUND ( 'NONE', #4486, .T. ) ;
#5643 = CYLINDRICAL_SURFACE ( 'NONE', #5492, 0.2000000000000057288 ) ;
#5644 = VERTEX_POINT ( 'NONE', #906 ) ;
#5645 = CARTESIAN_POINT ( 'NONE',  ( 127.1012465635996165, -118.0865300671077591, -3.967222081638580811 ) ) ;
#5646 = CYLINDRICAL_SURFACE ( 'NONE', #1954, 3.250000000000002665 ) ;
#5647 = EDGE_LOOP ( 'NONE', ( #6646, #2450, #3422, #1991, #422 ) ) ;
#5648 = ORIENTED_EDGE ( 'NONE', *, *, #4490, .F. ) ;
#5649 = CARTESIAN_POINT ( 'NONE',  ( 75.24999986500000659, -149.5699994899999865, 30.00000000000000355 ) ) ;
#5650 = DIRECTION ( 'NONE',  ( -0.000000000000000000, 1.000000000000000000, -0.000000000000000000 ) ) ;
#5651 = EDGE_CURVE ( 'NONE', #1099, #284, #2957, .T. ) ;
#5652 = VERTEX_POINT ( 'NONE', #1650 ) ;
#5653 = EDGE_CURVE ( 'NONE', #1423, #7279, #3866, .T. ) ;
#5654 = DIRECTION ( 'NONE',  ( 1.597167440357923543E-16, -1.000000000000000000, 0.000000000000000000 ) ) ;
#5655 = DIRECTION ( 'NONE',  ( -1.597167440357923543E-16, 1.000000000000000000, -0.000000000000000000 ) ) ;
#5656 = CYLINDRICAL_SURFACE ( 'NONE', #1850, 2.000000000000000000 ) ;
#5657 = CARTESIAN_POINT ( 'NONE',  ( 75.44999986500000944, -151.6699994900000092, 30.00000000000000355 ) ) ;
#5658 = ORIENTED_EDGE ( 'NONE', *, *, #2884, .T. ) ;
#5659 = ORIENTED_EDGE ( 'NONE', *, *, #6008, .F. ) ;
#5660 = CARTESIAN_POINT ( 'NONE',  ( 127.4013961514491911, -93.84193063590748807, -4.461759093601617820 ) ) ;
#5661 = EDGE_CURVE ( 'NONE', #1161, #4059, #2771, .T. ) ;
#5662 = SURFACE_STYLE_USAGE ( .BOTH. , #2106 ) ;
#5663 = ORIENTED_EDGE ( 'NONE', *, *, #6151, .T. ) ;
#5664 = VERTEX_POINT ( 'NONE', #4471 ) ;
#5665 = FACE_OUTER_BOUND ( 'NONE', #6623, .T. ) ;
#5666 = CARTESIAN_POINT ( 'NONE',  ( 122.5999999999999801, -72.63140063954598702, -4.999999999999999112 ) ) ;
#5667 = LINE ( 'NONE', #2796, #6351 ) ;
#5668 = ORIENTED_EDGE ( 'NONE', *, *, #5312, .F. ) ;
#5669 = EDGE_LOOP ( 'NONE', ( #639, #1573, #7042, #3882 ) ) ;
#5670 = CIRCLE ( 'NONE', #1696, 12.50000000000001066 ) ;
#5671 = PLANE ( 'NONE',  #238 ) ;
#5672 = DIRECTION ( 'NONE',  ( 1.000000000000000000, 0.000000000000000000, -0.000000000000000000 ) ) ;
#5673 = ADVANCED_FACE ( 'NONE', ( #1604 ), #415, .F. ) ;
#5674 = EDGE_LOOP ( 'NONE', ( #6725, #6098, #1267 ) ) ;
#5675 = DIRECTION ( 'NONE',  ( 0.000000000000000000, -1.000000000000000000, 0.000000000000000000 ) ) ;
#5676 = AXIS2_PLACEMENT_3D ( 'NONE', #3056, #3667, #7144 ) ;
#5677 = CARTESIAN_POINT ( 'NONE',  ( 67.34999999999999432, -74.57500000000000284, -0.3500000000000152434 ) ) ;
#5678 = AXIS2_PLACEMENT_3D ( 'NONE', #4268, #1884, #6435 ) ;
#5679 = CARTESIAN_POINT ( 'NONE',  ( 59.40000000000001279, -126.1249997450000819, -6.500000000000000888 ) ) ;
#5680 = DIRECTION ( 'NONE',  ( -1.000000000000000000, 0.000000000000000000, 0.000000000000000000 ) ) ;
#5681 = DIRECTION ( 'NONE',  ( 0.000000000000000000, 0.000000000000000000, 1.000000000000000000 ) ) ;
#5682 = VERTEX_POINT ( 'NONE', #4953 ) ;
#5683 = AXIS2_PLACEMENT_3D ( 'NONE', #3519, #1914, #6474 ) ;
#5684 = CARTESIAN_POINT ( 'NONE',  ( 125.8723429835857672, -120.1580640845417918, -3.489596778995875059 ) ) ;
#5685 = CARTESIAN_POINT ( 'NONE',  ( 56.59987435319174409, -119.0484347117432975, -4.332186101137677881 ) ) ;
#5686 = ORIENTED_EDGE ( 'NONE', *, *, #1487, .T. ) ;
#5687 = EDGE_LOOP ( 'NONE', ( #2789, #7457, #1775, #3201 ) ) ;
#5688 = CARTESIAN_POINT ( 'NONE',  ( 66.90000000000000568, -64.68000000000000682, 4.500000000000000888 ) ) ;
#5689 = VECTOR ( 'NONE', #486, 1000.000000000000000 ) ;
#5690 = CARTESIAN_POINT ( 'NONE',  ( 67.41431869149515421, -149.3699994899999979, 2.525710362114307994 ) ) ;
#5691 = EDGE_LOOP ( 'NONE', ( #887, #1512, #7228, #2773 ) ) ;
#5692 = EDGE_CURVE ( 'NONE', #2919, #1075, #2163, .T. ) ;
#5693 = CARTESIAN_POINT ( 'NONE',  ( 67.53514020247402527, -147.4093125471294741, 4.600651632384758827 ) ) ;
#5694 = DIRECTION ( 'NONE',  ( 1.000000000000000000, 0.000000000000000000, 0.000000000000000000 ) ) ;
#5695 = CARTESIAN_POINT ( 'NONE',  ( 115.2863456317596444, -147.4269005836671340, 4.988819006455039506 ) ) ;
#5696 = EDGE_CURVE ( 'NONE', #1035, #2764, #7353, .T. ) ;
#5697 = CARTESIAN_POINT ( 'NONE',  ( 120.6000000000000085, -149.3699994899999979, -5.000000000000000000 ) ) ;
#5698 = AXIS2_PLACEMENT_3D ( 'NONE', #5769, #1193, #2932 ) ;
#5699 = VECTOR ( 'NONE', #1901, 1000.000000000000000 ) ;
#5700 = ORIENTED_EDGE ( 'NONE', *, *, #937, .T. ) ;
#5701 = ORIENTED_EDGE ( 'NONE', *, *, #1306, .T. ) ;
#5702 = CIRCLE ( 'NONE', #3275, 11.99999999999999645 ) ;
#5703 = DIRECTION ( 'NONE',  ( 0.000000000000000000, 0.000000000000000000, 1.000000000000000000 ) ) ;
#5704 = EDGE_LOOP ( 'NONE', ( #2812, #4572 ) ) ;
#5705 = VERTEX_POINT ( 'NONE', #6224 ) ;
#5706 = DIRECTION ( 'NONE',  ( -0.000000000000000000, -0.000000000000000000, 1.000000000000000000 ) ) ;
#5707 = VECTOR ( 'NONE', #2407, 1000.000000000000000 ) ;
#5708 = DIRECTION ( 'NONE',  ( 0.000000000000000000, 0.000000000000000000, -1.000000000000000000 ) ) ;
#5709 = AXIS2_PLACEMENT_3D ( 'NONE', #431, #3234, #7220 ) ;
#5710 = ADVANCED_FACE ( 'NONE', ( #3220 ), #3484, .T. ) ;
#5711 = VERTEX_POINT ( 'NONE', #2361 ) ;
#5712 = ORIENTED_EDGE ( 'NONE', *, *, #7092, .T. ) ;
#5713 = CARTESIAN_POINT ( 'NONE',  ( 75.44999986500000944, -152.5699994899999865, 30.00000000000000355 ) ) ;
#5714 = VECTOR ( 'NONE', #7083, 1000.000000000000000 ) ;
#5715 = CARTESIAN_POINT ( 'NONE',  ( 120.5999999999999801, -62.67999999999999972, 2.500000000000000444 ) ) ;
#5716 = VERTEX_POINT ( 'NONE', #5726 ) ;
#5717 = LINE ( 'NONE', #5638, #1342 ) ;
#5718 = DIRECTION ( 'NONE',  ( -1.000000000000000000, 0.000000000000000000, 0.000000000000000000 ) ) ;
#5719 = CONICAL_SURFACE ( 'NONE', #6211, 2.000000000000001776, 0.7853981633974581600 ) ;
#5720 = CARTESIAN_POINT ( 'NONE',  ( 0.000000000000000000, 0.000000000000000000, 4.500000000000002665 ) ) ;
#5721 = CARTESIAN_POINT ( 'NONE',  ( 62.90000000000001279, -153.5699994899999865, -6.500000000000002665 ) ) ;
#5722 = AXIS2_PLACEMENT_3D ( 'NONE', #6230, #5522, #2820 ) ;
#5723 = DIRECTION ( 'NONE',  ( -1.597167440357923543E-16, 1.000000000000000000, 0.000000000000000000 ) ) ;
#5724 = ADVANCED_FACE ( 'NONE', ( #2393 ), #571, .F. ) ;
#5725 = ORIENTED_EDGE ( 'NONE', *, *, #5276, .F. ) ;
#5726 = CARTESIAN_POINT ( 'NONE',  ( 127.5999999999999943, -117.4503239585515928, -4.000000000000000000 ) ) ;
#5727 = AXIS2_PLACEMENT_3D ( 'NONE', #1644, #4348, #6657 ) ;
#5728 = FACE_OUTER_BOUND ( 'NONE', #5687, .T. ) ;
#5729 = ORIENTED_EDGE ( 'NONE', *, *, #2640, .T. ) ;
#5730 = EDGE_CURVE ( 'NONE', #6397, #871, #34, .T. ) ;
#5731 = ORIENTED_EDGE ( 'NONE', *, *, #6575, .F. ) ;
#5732 = CIRCLE ( 'NONE', #266, 0.4000000000000001887 ) ;
#5733 = DIRECTION ( 'NONE',  ( -1.000000000000000000, -8.068950408636815886E-17, -0.000000000000000000 ) ) ;
#5734 = TOROIDAL_SURFACE ( 'NONE', #2833, 4.000000000000000000, 2.000000000000000000 ) ;
#5735 = DIRECTION ( 'NONE',  ( 0.000000000000000000, 0.000000000000000000, 1.000000000000000000 ) ) ;
#5736 = ORIENTED_EDGE ( 'NONE', *, *, #7397, .T. ) ;
#5737 = AXIS2_PLACEMENT_3D ( 'NONE', #2922, #6342, #4587 ) ;
#5738 = CYLINDRICAL_SURFACE ( 'NONE', #3781, 4.000000000000003553 ) ;
#5739 = CARTESIAN_POINT ( 'NONE',  ( 75.64999986499999807, -142.6699994900000092, -0.3500000000000152434 ) ) ;
#5740 = DIRECTION ( 'NONE',  ( 0.000000000000000000, 0.000000000000000000, -1.000000000000000000 ) ) ;
#5741 = CIRCLE ( 'NONE', #7187, 2.000000000000001776 ) ;
#5742 = CARTESIAN_POINT ( 'NONE',  ( 46.75000000000004263, -113.6249997450000109, -4.500000000000000888 ) ) ;
#5743 = VERTEX_POINT ( 'NONE', #7044 ) ;
#5744 = AXIS2_PLACEMENT_3D ( 'NONE', #2556, #4927, #7216 ) ;
#5745 = CARTESIAN_POINT ( 'NONE',  ( 62.89999999999999858, -66.68000000000000682, 4.500000000000000888 ) ) ;
#5746 = ORIENTED_EDGE ( 'NONE', *, *, #5290, .T. ) ;
#5747 = CARTESIAN_POINT ( 'NONE',  ( 62.89999999999999858, -58.67999999999999261, 13.50000000000000178 ) ) ;
#5748 = DIRECTION ( 'NONE',  ( -0.000000000000000000, -0.000000000000000000, -1.000000000000000000 ) ) ;
#5749 = ORIENTED_EDGE ( 'NONE', *, *, #1399, .T. ) ;
#5750 = EDGE_LOOP ( 'NONE', ( #6258, #2788, #644, #4407 ) ) ;
#5751 = CARTESIAN_POINT ( 'NONE',  ( 46.75000000000004263, -106.1249997449999967, -4.000000000000000000 ) ) ;
#5752 = CIRCLE ( 'NONE', #4894, 3.250000000000002665 ) ;
#5753 = EDGE_CURVE ( 'NONE', #6792, #6742, #4055, .T. ) ;
#5754 = CARTESIAN_POINT ( 'NONE',  ( 46.75000000000004263, -106.1249997449999967, -4.000000000000000000 ) ) ;
#5755 = ORIENTED_EDGE ( 'NONE', *, *, #1190, .T. ) ;
#5756 = ADVANCED_FACE ( 'NONE', ( #3525 ), #26, .F. ) ;
#5757 = CARTESIAN_POINT ( 'NONE',  ( 46.75000000000004263, -106.1249997449999967, -4.000000000000000000 ) ) ;
#5758 = DIRECTION ( 'NONE',  ( 1.000000000000000000, 0.000000000000000000, 0.000000000000000000 ) ) ;
#5759 = DIRECTION ( 'NONE',  ( -0.000000000000000000, -0.000000000000000000, 1.000000000000000000 ) ) ;
#5760 = LINE ( 'NONE', #2852, #4103 ) ;
#5761 = FACE_OUTER_BOUND ( 'NONE', #765, .T. ) ;
#5762 = ORIENTED_EDGE ( 'NONE', *, *, #6924, .T. ) ;
#5763 = CYLINDRICAL_SURFACE ( 'NONE', #1978, 0.5000000000000004441 ) ;
#5764 = CARTESIAN_POINT ( 'NONE',  ( 108.3499998649999867, -151.6699994900000092, 4.700000000000001954 ) ) ;
#5765 = ORIENTED_EDGE ( 'NONE', *, *, #5163, .F. ) ;
#5766 = EDGE_CURVE ( 'NONE', #3993, #6473, #1852, .T. ) ;
#5767 = EDGE_LOOP ( 'NONE', ( #1580, #6804 ) ) ;
#5768 = CARTESIAN_POINT ( 'NONE',  ( 73.64999986499999807, -142.6699994900000092, -0.3500000000000152434 ) ) ;
#5769 = CARTESIAN_POINT ( 'NONE',  ( 75.64999986500001228, -150.6699994899999808, 4.300000000000001599 ) ) ;
#5770 = ORIENTED_EDGE ( 'NONE', *, *, #5338, .F. ) ;
#5771 = CARTESIAN_POINT ( 'NONE',  ( 120.5999999999999943, -59.17999999999999972, -7.000000000000000000 ) ) ;
#5772 = DIRECTION ( 'NONE',  ( 1.000000000000000000, 0.000000000000000000, 0.000000000000000000 ) ) ;
#5773 = FACE_OUTER_BOUND ( 'NONE', #1722, .T. ) ;
#5774 = EDGE_CURVE ( 'NONE', #3464, #6608, #1382, .T. ) ;
#5775 = CARTESIAN_POINT ( 'NONE',  ( 125.8723429835763028, -92.09193540545878420, -3.489596778991160164 ) ) ;
#5776 = VERTEX_POINT ( 'NONE', #1187 ) ;
#5777 = CARTESIAN_POINT ( 'NONE',  ( 124.5999999999999801, -125.9439282575864638, -1.099806194047467711 ) ) ;
#5778 = CARTESIAN_POINT ( 'NONE',  ( 75.64999986500001228, -150.6699994899999808, 30.00000000000000355 ) ) ;
#5779 = ORIENTED_EDGE ( 'NONE', *, *, #5454, .F. ) ;
#5780 = ORIENTED_EDGE ( 'NONE', *, *, #6376, .T. ) ;
#5781 = DIRECTION ( 'NONE',  ( 1.000000000000000000, 0.000000000000000000, 0.000000000000000000 ) ) ;
#5782 = DIRECTION ( 'NONE',  ( 0.000000000000000000, 0.000000000000000000, 1.000000000000000000 ) ) ;
#5783 = EDGE_LOOP ( 'NONE', ( #2996, #5120, #5004, #4266, #3053, #2803, #446, #3811 ) ) ;
#5784 = EDGE_CURVE ( 'NONE', #2000, #5381, #5260, .T. ) ;
#5785 = FACE_OUTER_BOUND ( 'NONE', #2831, .T. ) ;
#5786 = ADVANCED_FACE ( 'NONE', ( #2282 ), #5763, .T. ) ;
#5787 = DIRECTION ( 'NONE',  ( 0.000000000000000000, 0.000000000000000000, 1.000000000000000000 ) ) ;
#5788 = SPHERICAL_SURFACE ( 'NONE', #2701, 2.000000000000000000 ) ;
#5789 = PLANE ( 'NONE',  #4294 ) ;
#5790 = EDGE_CURVE ( 'NONE', #3345, #7351, #2839, .T. ) ;
#5791 = ORIENTED_EDGE ( 'NONE', *, *, #7209, .F. ) ;
#5792 = CARTESIAN_POINT ( 'NONE',  ( 124.6000000000000085, -125.3929918693978465, -1.403481091631826994 ) ) ;
#5793 = AXIS2_PLACEMENT_3D ( 'NONE', #2760, #2802, #1637 ) ;
#5794 = CARTESIAN_POINT ( 'NONE',  ( 58.90000000000000568, -126.1249997450000251, -1.000000000000000000 ) ) ;
#5795 = ORIENTED_EDGE ( 'NONE', *, *, #2329, .F. ) ;
#5796 = AXIS2_PLACEMENT_3D ( 'NONE', #4623, #5718, #4688 ) ;
#5797 = EDGE_LOOP ( 'NONE', ( #5184, #1711, #3649, #6287 ) ) ;
#5798 = CARTESIAN_POINT ( 'NONE',  ( 67.34999999999999432, -74.57500000000000284, -2.000000000000000000 ) ) ;
#5799 = ORIENTED_EDGE ( 'NONE', *, *, #7325, .F. ) ;
#5800 = EDGE_CURVE ( 'NONE', #5318, #3403, #5126, .T. ) ;
#5801 = AXIS2_PLACEMENT_3D ( 'NONE', #5516, #2079, #6740 ) ;
#5802 = CIRCLE ( 'NONE', #4829, 2.000000000000001776 ) ;
#5803 = PLANE ( 'NONE',  #4133 ) ;
#5804 = LINE ( 'NONE', #614, #2093 ) ;
#5805 = DIRECTION ( 'NONE',  ( 1.000000000000000000, 0.000000000000000000, 0.000000000000000000 ) ) ;
#5806 = ADVANCED_FACE ( 'NONE', ( #1719 ), #3460, .F. ) ;
#5807 = CARTESIAN_POINT ( 'NONE',  ( 64.90000000000000568, -147.5699994899999865, 6.500000000000001776 ) ) ;
#5808 = EDGE_CURVE ( 'NONE', #6252, #2021, #130, .T. ) ;
#5809 = ADVANCED_BREP_SHAPE_REPRESENTATION ( 'esp32-canboard-case-bottom', ( #5255, #2533 ), #3134 ) ;
#5810 = CARTESIAN_POINT ( 'NONE',  ( 108.1499998649999839, -151.6699994900000092, 30.00000000000000355 ) ) ;
#5811 = CARTESIAN_POINT ( 'NONE',  ( 60.39999999999999858, -149.3699994899999979, 2.500000000000000444 ) ) ;
#5812 = EDGE_CURVE ( 'NONE', #3518, #779, #5937, .T. ) ;
#5813 = CARTESIAN_POINT ( 'NONE',  ( 122.5999999999999801, -74.57500000000000284, -4.973213749463698541 ) ) ;
#5814 = CIRCLE ( 'NONE', #3524, 4.000000000000003553 ) ;
#5815 = AXIS2_PLACEMENT_3D ( 'NONE', #4865, #5928, #5315 ) ;
#5816 = EDGE_LOOP ( 'NONE', ( #6173, #1702, #7305, #283, #6996, #304, #2748, #6755, #5508, #5367 ) ) ;
#5817 = ORIENTED_EDGE ( 'NONE', *, *, #4871, .T. ) ;
#5818 = AXIS2_PLACEMENT_3D ( 'NONE', #5337, #3606, #6559 ) ;
#5819 = FACE_BOUND ( 'NONE', #4843, .T. ) ;
#5820 = AXIS2_PLACEMENT_3D ( 'NONE', #4110, #8, #4080 ) ;
#5821 = PLANE ( 'NONE',  #6148 ) ;
#5822 = ORIENTED_EDGE ( 'NONE', *, *, #4239, .F. ) ;
#5823 = VECTOR ( 'NONE', #2366, 1000.000000000000000 ) ;
#5824 = LINE ( 'NONE', #3594, #4714 ) ;
#5825 = AXIS2_PLACEMENT_3D ( 'NONE', #1456, #6074, #4330 ) ;
#5826 = CARTESIAN_POINT ( 'NONE',  ( 82.89999986499999807, -148.5699994899999865, 4.710000010000001680 ) ) ;
#5827 =( NAMED_UNIT ( * ) PLANE_ANGLE_UNIT ( ) SI_UNIT ( $, .RADIAN. ) );
#5828 = CARTESIAN_POINT ( 'NONE',  ( 62.89999999999999858, -66.68000000000000682, 2.500000000000000444 ) ) ;
#5829 = EDGE_LOOP ( 'NONE', ( #127, #4796, #1103, #1098, #4237 ) ) ;
#5830 = EDGE_CURVE ( 'NONE', #3793, #5705, #4196, .T. ) ;
#5831 = VECTOR ( 'NONE', #453, 1000.000000000000000 ) ;
#5832 = DIRECTION ( 'NONE',  ( -1.000000000000000000, -6.938893903907342762E-15, -0.000000000000000000 ) ) ;
#5833 = CARTESIAN_POINT ( 'NONE',  ( 58.29951284160126335, -121.9802383503019882, -2.810389582278705056 ) ) ;
#5834 = ORIENTED_EDGE ( 'NONE', *, *, #3311, .F. ) ;
#5835 = ADVANCED_FACE ( 'NONE', ( #4840 ), #2613, .F. ) ;
#5836 = ORIENTED_EDGE ( 'NONE', *, *, #532, .F. ) ;
#5837 = AXIS2_PLACEMENT_3D ( 'NONE', #4295, #3114, #5416 ) ;
#5838 = FACE_OUTER_BOUND ( 'NONE', #5251, .T. ) ;
#5839 = CARTESIAN_POINT ( 'NONE',  ( 74.34999999999999432, -74.57500000000000284, -2.000000000000000000 ) ) ;
#5840 = AXIS2_PLACEMENT_3D ( 'NONE', #795, #7162, #6517 ) ;
#5841 = ORIENTED_EDGE ( 'NONE', *, *, #4758, .F. ) ;
#5842 = CARTESIAN_POINT ( 'NONE',  ( 118.6000000000000085, -64.68000000000000682, 6.500000000000001776 ) ) ;
#5843 = EDGE_CURVE ( 'NONE', #3237, #1329, #4163, .T. ) ;
#5844 = CARTESIAN_POINT ( 'NONE',  ( 58.90000000000000568, -126.1249997450000819, -1.000000000000000000 ) ) ;
#5845 = EDGE_CURVE ( 'NONE', #1691, #611, #7155, .T. ) ;
#5846 =( GEOMETRIC_REPRESENTATION_CONTEXT ( 3 ) GLOBAL_UNCERTAINTY_ASSIGNED_CONTEXT ( ( #340 ) ) GLOBAL_UNIT_ASSIGNED_CONTEXT ( ( #3455, #5827, #1715 ) ) REPRESENTATION_CONTEXT ( 'NONE', 'WORKASPACE' ) );
#5847 = FACE_OUTER_BOUND ( 'NONE', #4422, .T. ) ;
#5848 = DIRECTION ( 'NONE',  ( 1.000000000000000000, 0.000000000000000000, 0.000000000000000000 ) ) ;
#5849 = CIRCLE ( 'NONE', #1974, 0.2000000000000057288 ) ;
#5850 = AXIS2_PLACEMENT_3D ( 'NONE', #4705, #5880, #6228 ) ;
#5851 = CIRCLE ( 'NONE', #4877, 2.000000000000001776 ) ;
#5852 = AXIS2_PLACEMENT_3D ( 'NONE', #7007, #4665, #6978 ) ;
#5853 = VECTOR ( 'NONE', #7442, 1000.000000000000000 ) ;
#5854 = DIRECTION ( 'NONE',  ( 0.000000000000000000, 0.000000000000000000, -1.000000000000000000 ) ) ;
#5855 = CIRCLE ( 'NONE', #5482, 0.5000000000000004441 ) ;
#5856 = DIRECTION ( 'NONE',  ( -0.000000000000000000, -0.000000000000000000, -1.000000000000000000 ) ) ;
#5857 = DIRECTION ( 'NONE',  ( 0.000000000000000000, 0.000000000000000000, -1.000000000000000000 ) ) ;
#5858 = ADVANCED_FACE ( 'NONE', ( #5326 ), #7230, .F. ) ;
#5859 = CIRCLE ( 'NONE', #6452, 0.5000000000000004441 ) ;
#5860 = VERTEX_POINT ( 'NONE', #750 ) ;
#5861 = ORIENTED_EDGE ( 'NONE', *, *, #6841, .T. ) ;
#5862 = CIRCLE ( 'NONE', #5488, 2.000000000000001776 ) ;
#5863 = FACE_OUTER_BOUND ( 'NONE', #5262, .T. ) ;
#5864 = DIRECTION ( 'NONE',  ( 0.000000000000000000, 0.000000000000000000, 1.000000000000000000 ) ) ;
#5865 = ORIENTED_EDGE ( 'NONE', *, *, #689, .F. ) ;
#5866 = CYLINDRICAL_SURFACE ( 'NONE', #1097, 2.000000000000001776 ) ;
#5867 = LINE ( 'NONE', #6583, #1090 ) ;
#5868 = LINE ( 'NONE', #4661, #6078 ) ;
#5869 = CARTESIAN_POINT ( 'NONE',  ( 124.6000000000000227, -149.5699994899999865, 13.50000000000000178 ) ) ;
#5870 = ORIENTED_EDGE ( 'NONE', *, *, #5571, .T. ) ;
#5871 = CIRCLE ( 'NONE', #2371, 4.000000000000003553 ) ;
#5872 = DIRECTION ( 'NONE',  ( -1.000000000000000000, 0.000000000000000000, 0.000000000000000000 ) ) ;
#5873 = CARTESIAN_POINT ( 'NONE',  ( 58.89999999998504165, -125.3777407126215593, -1.374661511318017837 ) ) ;
#5874 = ORIENTED_EDGE ( 'NONE', *, *, #5008, .T. ) ;
#5875 = ORIENTED_EDGE ( 'NONE', *, *, #1577, .T. ) ;
#5876 = CARTESIAN_POINT ( 'NONE',  ( 115.9649947616103844, -147.4093088239177405, 4.600585610016127980 ) ) ;
#5877 = CARTESIAN_POINT ( 'NONE',  ( 75.64999986499999807, -142.6699994900000092, -0.3500000000000152434 ) ) ;
#5878 = DIRECTION ( 'NONE',  ( -1.000000000000000000, -0.000000000000000000, 0.000000000000000000 ) ) ;
#5879 = DIRECTION ( 'NONE',  ( 0.000000000000000000, -1.000000000000000000, 0.000000000000000000 ) ) ;
#5880 = DIRECTION ( 'NONE',  ( -0.000000000000000000, -0.000000000000000000, 1.000000000000000000 ) ) ;
#5881 = DIRECTION ( 'NONE',  ( 0.000000000000000000, 0.000000000000000000, -1.000000000000000000 ) ) ;
#5882 = CARTESIAN_POINT ( 'NONE',  ( 122.6000000000000085, -147.3699994899999979, 13.50000000000000178 ) ) ;
#5883 = EDGE_CURVE ( 'NONE', #2892, #6438, #2355, .T. ) ;
#5884 = FACE_BOUND ( 'NONE', #5783, .T. ) ;
#5885 = EDGE_CURVE ( 'NONE', #1161, #217, #4878, .T. ) ;
#5886 = CARTESIAN_POINT ( 'NONE',  ( 75.64999986499999807, -142.6699994900000092, -2.000000000000000000 ) ) ;
#5887 = CARTESIAN_POINT ( 'NONE',  ( 64.90000000000003411, -145.5699994899999865, 6.500000000000000888 ) ) ;
#5888 = CARTESIAN_POINT ( 'NONE',  ( 58.66680843477331564, -88.74629304374872163, -2.172597956444437095 ) ) ;
#5889 = ORIENTED_EDGE ( 'NONE', *, *, #4693, .T. ) ;
#5890 = ORIENTED_EDGE ( 'NONE', *, *, #5008, .F. ) ;
#5891 = ADVANCED_FACE ( 'NONE', ( #3173 ), #4397, .F. ) ;
#5892 = FACE_OUTER_BOUND ( 'NONE', #1501, .T. ) ;
#5893 = CARTESIAN_POINT ( 'NONE',  ( 62.90000000000001279, -145.5699994899999865, 2.500000000000000444 ) ) ;
#5894 = ORIENTED_EDGE ( 'NONE', *, *, #3705, .T. ) ;
#5895 = CYLINDRICAL_SURFACE ( 'NONE', #725, 2.000000000000000000 ) ;
#5896 = CARTESIAN_POINT ( 'NONE',  ( 124.6330538931281495, -87.03339339645887662, -1.499905435910753981 ) ) ;
#5897 = DIRECTION ( 'NONE',  ( 0.000000000000000000, 0.000000000000000000, 1.000000000000000000 ) ) ;
#5898 = FACE_OUTER_BOUND ( 'NONE', #3330, .T. ) ;
#5899 = EDGE_LOOP ( 'NONE', ( #3856, #5247, #3745, #5954 ) ) ;
#5900 = EDGE_CURVE ( 'NONE', #7198, #3436, #244, .T. ) ;
#5901 = EDGE_CURVE ( 'NONE', #5155, #1035, #4233, .T. ) ;
#5902 = LINE ( 'NONE', #3027, #3187 ) ;
#5903 = VERTEX_POINT ( 'NONE', #6551 ) ;
#5904 = ORIENTED_EDGE ( 'NONE', *, *, #7020, .T. ) ;
#5905 = CARTESIAN_POINT ( 'NONE',  ( 58.87932028810211449, -86.85226172128240307, -1.400465237458904610 ) ) ;
#5906 = DIRECTION ( 'NONE',  ( 1.000000000000000000, 0.000000000000000000, 0.000000000000000000 ) ) ;
#5907 = CARTESIAN_POINT ( 'NONE',  ( 58.89999999999999147, -86.12499974499999666, -1.000000000000000000 ) ) ;
#5908 = CARTESIAN_POINT ( 'NONE',  ( 113.9665544342425818, -149.3699994900000547, 3.481396634847099492 ) ) ;
#5909 = DIRECTION ( 'NONE',  ( -1.000000000000000000, 0.000000000000000000, 0.000000000000000000 ) ) ;
#5910 = ORIENTED_EDGE ( 'NONE', *, *, #1177, .F. ) ;
#5911 = CARTESIAN_POINT ( 'NONE',  ( 58.76813711129552331, -124.3135756688527209, -1.992076284158519783 ) ) ;
#5912 = ORIENTED_EDGE ( 'NONE', *, *, #3705, .F. ) ;
#5913 = DIRECTION ( 'NONE',  ( -0.000000000000000000, -0.000000000000000000, -1.000000000000000000 ) ) ;
#5914 = VECTOR ( 'NONE', #1747, 1000.000000000000000 ) ;
#5915 = AXIS2_PLACEMENT_3D ( 'NONE', #3204, #7302, #5469 ) ;
#5916 = CARTESIAN_POINT ( 'NONE',  ( 61.89999999999999858, -80.30499999999999261, 5.059999999999985398 ) ) ;
#5917 = EDGE_CURVE ( 'NONE', #399, #318, #3926, .T. ) ;
#5918 = AXIS2_PLACEMENT_3D ( 'NONE', #7191, #7301, #1997 ) ;
#5919 = CARTESIAN_POINT ( 'NONE',  ( 124.5999999999999943, -86.12499974499999666, -1.000000000000000000 ) ) ;
#5920 = FACE_OUTER_BOUND ( 'NONE', #5829, .T. ) ;
#5921 = EDGE_CURVE ( 'NONE', #2479, #1909, #270, .T. ) ;
#5922 = CIRCLE ( 'NONE', #3631, 4.000000000000003553 ) ;
#5923 = DIRECTION ( 'NONE',  ( 0.000000000000000000, -1.000000000000000000, 0.000000000000000000 ) ) ;
#5924 = CARTESIAN_POINT ( 'NONE',  ( 75.44999986500000944, -150.6699994899999808, 4.300000000000001599 ) ) ;
#5925 = AXIS2_PLACEMENT_3D ( 'NONE', #3058, #7077, #4687 ) ;
#5926 = ORIENTED_EDGE ( 'NONE', *, *, #6510, .T. ) ;
#5927 = ORIENTED_EDGE ( 'NONE', *, *, #4903, .T. ) ;
#5928 = DIRECTION ( 'NONE',  ( 0.000000000000000000, -1.000000000000000000, 0.000000000000000000 ) ) ;
#5929 = ORIENTED_EDGE ( 'NONE', *, *, #131, .T. ) ;
#5930 = CARTESIAN_POINT ( 'NONE',  ( 46.89999999999990621, -98.62499974499999666, -4.000000000000000000 ) ) ;
#5931 = CARTESIAN_POINT ( 'NONE',  ( 120.6000000000000085, -147.3699994899999979, 4.500000000000000888 ) ) ;
#5932 = EDGE_CURVE ( 'NONE', #428, #6562, #1863, .T. ) ;
#5933 = LINE ( 'NONE', #2461, #4521 ) ;
#5934 = AXIS2_PLACEMENT_3D ( 'NONE', #866, #2620, #5375 ) ;
#5935 = ORIENTED_EDGE ( 'NONE', *, *, #6533, .T. ) ;
#5936 = VECTOR ( 'NONE', #6387, 1000.000000000000000 ) ;
#5937 = LINE ( 'NONE', #1400, #7064 ) ;
#5938 = VECTOR ( 'NONE', #5408, 1000.000000000000000 ) ;
#5939 = DIRECTION ( 'NONE',  ( 1.000000000000000000, 0.000000000000000000, 0.000000000000000000 ) ) ;
#5940 = ORIENTED_EDGE ( 'NONE', *, *, #4212, .T. ) ;
#5941 = ORIENTED_EDGE ( 'NONE', *, *, #6063, .T. ) ;
#5942 = DIRECTION ( 'NONE',  ( 0.000000000000000000, 0.000000000000000000, -1.000000000000000000 ) ) ;
#5943 = CARTESIAN_POINT ( 'NONE',  ( 67.34999999999999432, -74.57500000000000284, 0.000000000000000000 ) ) ;
#5944 = DIRECTION ( 'NONE',  ( -0.000000000000000000, -0.000000000000000000, -1.000000000000000000 ) ) ;
#5945 = EDGE_CURVE ( 'NONE', #2118, #6982, #5902, .T. ) ;
#5946 = CIRCLE ( 'NONE', #5577, 2.000000000000000000 ) ;
#5947 = CARTESIAN_POINT ( 'NONE',  ( 115.3201677456899858, -149.3699994900000547, 2.703236706454501981 ) ) ;
#5948 = EDGE_CURVE ( 'NONE', #313, #7387, #7437, .T. ) ;
#5949 = EDGE_CURVE ( 'NONE', #548, #7465, #1429, .T. ) ;
#5950 = DIRECTION ( 'NONE',  ( 0.000000000000000000, 0.000000000000000000, 1.000000000000000000 ) ) ;
#5951 = ORIENTED_EDGE ( 'NONE', *, *, #2026, .F. ) ;
#5952 = AXIS2_PLACEMENT_3D ( 'NONE', #6044, #6589, #4879 ) ;
#5953 = CARTESIAN_POINT ( 'NONE',  ( 56.60470945614952853, -119.0549664616007846, -4.330598190320015917 ) ) ;
#5954 = ORIENTED_EDGE ( 'NONE', *, *, #7142, .F. ) ;
#5955 = DIRECTION ( 'NONE',  ( 0.000000000000000000, 0.000000000000000000, 1.000000000000000000 ) ) ;
#5956 = AXIS2_PLACEMENT_3D ( 'NONE', #6260, #936, #6170 ) ;
#5957 = DIRECTION ( 'NONE',  ( 0.000000000000000000, 0.000000000000000000, -1.000000000000000000 ) ) ;
#5958 = VECTOR ( 'NONE', #5588, 1000.000000000000000 ) ;
#5959 = PLANE ( 'NONE',  #4633 ) ;
#5960 = CARTESIAN_POINT ( 'NONE',  ( 66.90000000000000568, -60.67999999999999972, 6.500000000000000888 ) ) ;
#5961 = DIRECTION ( 'NONE',  ( 1.597167440357923543E-16, -1.000000000000000000, 0.000000000000000000 ) ) ;
#5962 = AXIS2_PLACEMENT_3D ( 'NONE', #7059, #7019, #1230 ) ;
#5963 = CARTESIAN_POINT ( 'NONE',  ( 116.6100251257867910, -147.3699994899999979, 4.500000000000000888 ) ) ;
#5964 = ORIENTED_EDGE ( 'NONE', *, *, #3543, .T. ) ;
#5965 = ORIENTED_EDGE ( 'NONE', *, *, #4175, .F. ) ;
#5966 = CARTESIAN_POINT ( 'NONE',  ( 56.41017299093780935, -118.1021003015415545, -3.965522297984295896 ) ) ;
#5967 = FACE_OUTER_BOUND ( 'NONE', #6300, .T. ) ;
#5968 = ORIENTED_EDGE ( 'NONE', *, *, #5774, .F. ) ;
#5969 = CARTESIAN_POINT ( 'NONE',  ( 118.6000000000000085, -147.5699994899999865, 6.500000000000001776 ) ) ;
#5970 = CARTESIAN_POINT ( 'NONE',  ( 127.9599999999999937, -94.45268849999078498, -4.500000000000000888 ) ) ;
#5971 = FACE_OUTER_BOUND ( 'NONE', #4542, .T. ) ;
#5972 = AXIS2_PLACEMENT_3D ( 'NONE', #4335, #6203, #1015 ) ;
#5973 = VERTEX_POINT ( 'NONE', #285 ) ;
#5974 = VERTEX_POINT ( 'NONE', #442 ) ;
#5975 = ADVANCED_FACE ( 'NONE', ( #5545 ), #1063, .F. ) ;
#5976 = CIRCLE ( 'NONE', #1337, 3.250000000000002665 ) ;
#5977 = DIRECTION ( 'NONE',  ( 1.000000000000000000, 0.000000000000000000, 0.000000000000000000 ) ) ;
#5978 = EDGE_CURVE ( 'NONE', #4715, #1935, #7263, .T. ) ;
#5979 = DIRECTION ( 'NONE',  ( 1.000000000000000000, 0.000000000000000000, 0.000000000000000000 ) ) ;
#5980 = VERTEX_POINT ( 'NONE', #3782 ) ;
#5981 = ORIENTED_EDGE ( 'NONE', *, *, #6466, .F. ) ;
#5982 = CARTESIAN_POINT ( 'NONE',  ( 56.83829769406521848, -92.86234422421968304, -4.237826593374830253 ) ) ;
#5983 = CARTESIAN_POINT ( 'NONE',  ( 64.90000000000000568, -147.5699994899999865, 6.500000000000001776 ) ) ;
#5984 = CARTESIAN_POINT ( 'NONE',  ( 67.34999999999999432, -74.57500000000000284, 0.000000000000000000 ) ) ;
#5985 = DIRECTION ( 'NONE',  ( 1.000000000000000000, 0.000000000000000000, 0.000000000000000000 ) ) ;
#5986 = ADVANCED_FACE ( 'NONE', ( #2759 ), #4418, .F. ) ;
#5987 = CARTESIAN_POINT ( 'NONE',  ( 75.64999986499999807, -142.6699994900000092, 0.000000000000000000 ) ) ;
#5988 = ORIENTED_EDGE ( 'NONE', *, *, #2900, .F. ) ;
#5989 = CARTESIAN_POINT ( 'NONE',  ( 118.6000000000000085, -147.5699994899999865, 6.500000000000001776 ) ) ;
#5990 = ORIENTED_EDGE ( 'NONE', *, *, #6022, .F. ) ;
#5991 = CARTESIAN_POINT ( 'NONE',  ( 62.90000000000001279, -141.5699994899999865, 12.50000000000000000 ) ) ;
#5992 = CYLINDRICAL_SURFACE ( 'NONE', #2454, 0.5000000000000004441 ) ;
#5993 = CARTESIAN_POINT ( 'NONE',  ( 66.88997487421323740, -149.3699994899999695, 4.499999999999999112 ) ) ;
#5994 = CARTESIAN_POINT ( 'NONE',  ( 59.39999999999999147, -62.67999999999999972, -6.500000000000002665 ) ) ;
#5995 = DIRECTION ( 'NONE',  ( -0.000000000000000000, -0.000000000000000000, -1.000000000000000000 ) ) ;
#5996 = ORIENTED_EDGE ( 'NONE', *, *, #1552, .T. ) ;
#5997 = EDGE_LOOP ( 'NONE', ( #4386, #2365, #7072, #2966 ) ) ;
#5998 = EDGE_CURVE ( 'NONE', #5550, #6320, #3331, .T. ) ;
#5999 = FACE_OUTER_BOUND ( 'NONE', #3120, .T. ) ;
#6000 = LINE ( 'NONE', #813, #1563 ) ;
#6001 = ORIENTED_EDGE ( 'NONE', *, *, #3246, .F. ) ;
#6002 = CARTESIAN_POINT ( 'NONE',  ( 118.6000000000000085, -64.68000000000000682, 12.14999999999999325 ) ) ;
#6003 = CARTESIAN_POINT ( 'NONE',  ( 126.6616992791854415, -92.86233981584913977, -4.237825316683752064 ) ) ;
#6004 = CARTESIAN_POINT ( 'NONE',  ( 136.5999999999999943, -126.1249997450000251, -6.500000000000000888 ) ) ;
#6005 = ORIENTED_EDGE ( 'NONE', *, *, #4356, .T. ) ;
#6006 = EDGE_LOOP ( 'NONE', ( #976, #6137, #6986, #3291 ) ) ;
#6007 = CARTESIAN_POINT ( 'NONE',  ( 116.0000000000000000, -74.57500000000000284, -0.3500000000000152434 ) ) ;
#6008 = EDGE_CURVE ( 'NONE', #5776, #5210, #6312, .T. ) ;
#6009 = DIRECTION ( 'NONE',  ( -0.000000000000000000, -0.000000000000000000, -1.000000000000000000 ) ) ;
#6010 = ORIENTED_EDGE ( 'NONE', *, *, #1050, .T. ) ;
#6011 = VERTEX_POINT ( 'NONE', #930 ) ;
#6012 = CARTESIAN_POINT ( 'NONE',  ( 46.75000000000004263, -113.6249997450000109, -6.500000000000000888 ) ) ;
#6013 = ADVANCED_FACE ( 'NONE', ( #6254 ), #5592, .F. ) ;
#6014 = DIRECTION ( 'NONE',  ( 0.000000000000000000, 0.000000000000000000, 1.000000000000000000 ) ) ;
#6015 = CARTESIAN_POINT ( 'NONE',  ( 62.89999999999999858, -68.68000000000000682, 6.500000000000000888 ) ) ;
#6016 = LINE ( 'NONE', #827, #7273 ) ;
#6017 = FACE_BOUND ( 'NONE', #2226, .T. ) ;
#6018 = DIRECTION ( 'NONE',  ( -0.000000000000000000, -0.000000000000000000, -1.000000000000000000 ) ) ;
#6019 = ORIENTED_EDGE ( 'NONE', *, *, #989, .F. ) ;
#6020 = DIRECTION ( 'NONE',  ( 0.000000000000000000, 0.000000000000000000, 1.000000000000000000 ) ) ;
#6021 = ADVANCED_FACE ( 'NONE', ( #4341 ), #3366, .F. ) ;
#6022 = EDGE_CURVE ( 'NONE', #6124, #1402, #3899, .T. ) ;
#6023 = CYLINDRICAL_SURFACE ( 'NONE', #7418, 0.2000000000000057288 ) ;
#6024 = CIRCLE ( 'NONE', #1204, 0.1999999999999996503 ) ;
#6025 = AXIS2_PLACEMENT_3D ( 'NONE', #2356, #7468, #7500 ) ;
#6026 = CARTESIAN_POINT ( 'NONE',  ( 69.53601836907991185, -149.3699994899999979, 3.483611168229028276 ) ) ;
#6027 =( BOUNDED_SURFACE ( )  B_SPLINE_SURFACE ( 3, 2, ( 
 ( #4534, #3322, #6883 ),
 ( #3886, #3938, #1701 ),
 ( #5660, #2266, #6197 ),
 ( #472, #5627, #432 ),
 ( #1666, #4571, #3613 ),
 ( #585, #1239, #5775 ),
 ( #3477, #662, #2942 ),
 ( #4789, #1799, #6462 ),
 ( #4678, #2901, #2340 ),
 ( #1278, #4710, #1170 ),
 ( #1309, #6422, #5199 ),
 ( #7065, #6960, #1769 ),
 ( #7098, #1872, #4647 ),
 ( #2979, #5919, #6498 ) ),
 .UNSPECIFIED., .F., .F., .F. ) 
 B_SPLINE_SURFACE_WITH_KNOTS ( ( 4, 2, 2, 2, 2, 2, 4 ),
 ( 3, 3 ),
 ( 0.000000000000000000, 0.001285341730795642491, 0.002570683461591284982, 0.005141366923182569965, 0.006426708653978212456, 0.007712050384773854947, 0.01028273384636513993 ),
 ( 0.000000000000000000, 1.000000000000000000 ),
 .UNSPECIFIED. ) 
 GEOMETRIC_REPRESENTATION_ITEM ( )  RATIONAL_B_SPLINE_SURFACE ( (
 ( 1.000000000000000000, 0.7071067811865475727, 1.000000000000000000),
 ( 1.000000000000000000, 0.7290577025037542347, 1.000000000000000000),
 ( 1.000000000000000000, 0.7505785825901806207, 1.000000000000000000),
 ( 1.000000000000000000, 0.7919194839925661755, 1.000000000000000000),
 ( 1.000000000000000000, 0.8118010237550331576, 1.000000000000000000),
 ( 1.000000000000000000, 0.8676773041790651897, 1.000000000000000000),
 ( 1.000000000000000000, 0.8988956252886500797, 1.000000000000000000),
 ( 1.000000000000000000, 0.9367135449036707584, 1.000000000000000000),
 ( 1.000000000000000000, 0.9478460397605026344, 1.000000000000000000),
 ( 1.000000000000000000, 0.9668930349799063073, 1.000000000000000000),
 ( 1.000000000000000000, 0.9747740477493053168, 1.000000000000000000),
 ( 1.000000000000000000, 0.9936768771585641202, 1.000000000000000000),
 ( 1.000000000000000000, 0.9999787447147339137, 1.000000000000000000),
 ( 1.000000000000000000, 1.000000000000000000, 1.000000000000000000) ) ) 
 REPRESENTATION_ITEM ( '' )  SURFACE ( )  );
#6028 = CARTESIAN_POINT ( 'NONE',  ( 136.6000000000000796, -98.62499974499999666, -6.500000000000000888 ) ) ;
#6029 = CARTESIAN_POINT ( 'NONE',  ( 114.9661383486557042, -149.3699994900036074, 5.242362138960812601 ) ) ;
#6030 = EDGE_CURVE ( 'NONE', #871, #3441, #4380, .T. ) ;
#6031 = ORIENTED_EDGE ( 'NONE', *, *, #6980, .F. ) ;
#6032 = ORIENTED_EDGE ( 'NONE', *, *, #5112, .F. ) ;
#6033 = DIRECTION ( 'NONE',  ( 0.000000000000000000, 0.000000000000000000, 1.000000000000000000 ) ) ;
#6034 = ADVANCED_FACE ( 'NONE', ( #7381, #6694 ), #5671, .T. ) ;
#6035 = CARTESIAN_POINT ( 'NONE',  ( 62.90000000000001279, -145.5699994899999865, 6.500000000000000888 ) ) ;
#6036 = VERTEX_POINT ( 'NONE', #4502 ) ;
#6037 = DIRECTION ( 'NONE',  ( 0.000000000000000000, 1.000000000000000000, -0.000000000000000000 ) ) ;
#6038 = CARTESIAN_POINT ( 'NONE',  ( 106.1499998649999981, -142.6699994900000092, -0.3500000000000152434 ) ) ;
#6039 = AXIS2_PLACEMENT_3D ( 'NONE', #4975, #3813, #6116 ) ;
#6040 = LINE ( 'NONE', #2527, #4755 ) ;
#6041 = ORIENTED_EDGE ( 'NONE', *, *, #215, .F. ) ;
#6042 = ORIENTED_EDGE ( 'NONE', *, *, #6289, .F. ) ;
#6043 = CARTESIAN_POINT ( 'NONE',  ( 64.90000000000000568, -147.5699994899999865, 6.500000000000001776 ) ) ;
#6044 = CARTESIAN_POINT ( 'NONE',  ( 46.89999999999999858, -86.12499974499999666, -4.000000000000000000 ) ) ;
#6045 = ORIENTED_EDGE ( 'NONE', *, *, #6898, .T. ) ;
#6046 = EDGE_LOOP ( 'NONE', ( #6554, #5648, #297, #3589 ) ) ;
#6047 = CARTESIAN_POINT ( 'NONE',  ( 46.75000000000004263, -98.62499974499999666, -4.500000000000000888 ) ) ;
#6048 = FACE_OUTER_BOUND ( 'NONE', #6771, .T. ) ;
#6049 = DIRECTION ( 'NONE',  ( -0.000000000000000000, -0.000000000000000000, -1.000000000000000000 ) ) ;
#6050 = TOROIDAL_SURFACE ( 'NONE', #1827, 7.000000000000007105, 3.000000000000000000 ) ;
#6051 = EDGE_CURVE ( 'NONE', #3996, #3029, #4016, .T. ) ;
#6052 = CIRCLE ( 'NONE', #6787, 3.999999999999989786 ) ;
#6053 = DIRECTION ( 'NONE',  ( 1.000000000000000000, 0.000000000000000000, 0.000000000000000000 ) ) ;
#6054 = ADVANCED_FACE ( 'NONE', ( #3854 ), #5063, .F. ) ;
#6055 = DIRECTION ( 'NONE',  ( -0.000000000000000000, -0.000000000000000000, -1.000000000000000000 ) ) ;
#6056 = DIRECTION ( 'NONE',  ( 1.000000000000000000, 0.000000000000000000, 0.000000000000000000 ) ) ;
#6057 = CONICAL_SURFACE ( 'NONE', #1122, 2.000000000000001776, 0.7853981633974581600 ) ;
#6058 = VERTEX_POINT ( 'NONE', #482 ) ;
#6059 = AXIS2_PLACEMENT_3D ( 'NONE', #2934, #1865, #4172 ) ;
#6060 = DIRECTION ( 'NONE',  ( 1.000000000000000000, -0.000000000000000000, -0.000000000000000000 ) ) ;
#6061 = CIRCLE ( 'NONE', #509, 2.000000000000001776 ) ;
#6062 = EDGE_CURVE ( 'NONE', #6278, #1591, #7342, .T. ) ;
#6063 = EDGE_CURVE ( 'NONE', #768, #6967, #5702, .T. ) ;
#6064 = LINE ( 'NONE', #2595, #2338 ) ;
#6065 = VECTOR ( 'NONE', #5832, 1000.000000000000000 ) ;
#6066 = CARTESIAN_POINT ( 'NONE',  ( 68.69457639787908931, -147.4342581491553972, 5.612242166662730014 ) ) ;
#6067 = DIRECTION ( 'NONE',  ( 1.000000000000000000, 6.938893903907342762E-15, -0.000000000000000000 ) ) ;
#6068 = CIRCLE ( 'NONE', #6201, 0.1999999999999996503 ) ;
#6069 = CARTESIAN_POINT ( 'NONE',  ( 114.8343329878052117, -149.3699994899999979, 2.903779547832630037 ) ) ;
#6070 = VECTOR ( 'NONE', #5944, 1000.000000000000000 ) ;
#6071 = ORIENTED_EDGE ( 'NONE', *, *, #1957, .F. ) ;
#6072 = ORIENTED_EDGE ( 'NONE', *, *, #532, .T. ) ;
#6073 = CIRCLE ( 'NONE', #1616, 2.000000000000001776 ) ;
#6074 = DIRECTION ( 'NONE',  ( 1.224646799147353207E-16, 1.000000000000000000, -0.000000000000000000 ) ) ;
#6075 = ORIENTED_EDGE ( 'NONE', *, *, #6965, .T. ) ;
#6076 = DIRECTION ( 'NONE',  ( 1.000000000000000000, 0.000000000000000000, 0.000000000000000000 ) ) ;
#6077 = DIRECTION ( 'NONE',  ( 0.000000000000000000, 0.000000000000000000, 1.000000000000000000 ) ) ;
#6078 = VECTOR ( 'NONE', #5759, 1000.000000000000000 ) ;
#6079 = CARTESIAN_POINT ( 'NONE',  ( 78.14999986499999807, -152.9699994900000206, 9.460000009999999904 ) ) ;
#6080 = ADVANCED_FACE ( 'NONE', ( #6083 ), #1023, .F. ) ;
#6081 = ORIENTED_EDGE ( 'NONE', *, *, #2658, .T. ) ;
#6082 = ORIENTED_EDGE ( 'NONE', *, *, #1807, .F. ) ;
#6083 = FACE_OUTER_BOUND ( 'NONE', #1186, .T. ) ;
#6084 = VECTOR ( 'NONE', #3362, 1000.000000000000000 ) ;
#6085 = DIRECTION ( 'NONE',  ( -1.000000000000000000, 0.000000000000000000, 0.000000000000000000 ) ) ;
#6086 = EDGE_LOOP ( 'NONE', ( #1087, #2182, #992, #5543 ) ) ;
#6087 = ORIENTED_EDGE ( 'NONE', *, *, #3346, .F. ) ;
#6088 = DIRECTION ( 'NONE',  ( -1.000000000000000000, -8.068950408636815886E-17, -0.000000000000000000 ) ) ;
#6089 = AXIS2_PLACEMENT_3D ( 'NONE', #3512, #1801, #5388 ) ;
#6090 = CARTESIAN_POINT ( 'NONE',  ( 71.64999986499999807, -142.6699994900000092, -2.000000000000000000 ) ) ;
#6091 = DIRECTION ( 'NONE',  ( 0.000000000000000000, 0.000000000000000000, -1.000000000000000000 ) ) ;
#6092 = B_SPLINE_CURVE_WITH_KNOTS ( 'NONE', 3,
 ( #2583, #1374, #7208, #6519, #2543, #3751, #140, #4918, #2041, #5908, #7165, #2473, #3642, #5947, #1970, #6596, #6782, #6132 ),
 .UNSPECIFIED., .F., .F.,
 ( 4, 2, 2, 2, 2, 2, 2, 2, 4 ),
 ( 0.000000000000000000, 0.0007908685553609848653, 0.001581737110721969731, 0.002372605666082954704, 0.003163474221443939461, 0.003954342776804924652, 0.004745211332165909408, 0.005536079887526894165, 0.006326948442887878922 ),
 .UNSPECIFIED. ) ;
#6093 = DIRECTION ( 'NONE',  ( 1.000000000000000000, 0.000000000000000000, 0.000000000000000000 ) ) ;
#6094 = CIRCLE ( 'NONE', #1030, 2.000000000000015543 ) ;
#6095 = EDGE_CURVE ( 'NONE', #3497, #1851, #5321, .T. ) ;
#6096 = DIRECTION ( 'NONE',  ( 0.000000000000000000, 0.000000000000000000, -1.000000000000000000 ) ) ;
#6097 = CARTESIAN_POINT ( 'NONE',  ( 58.89999999999999147, -91.80499999999997840, 5.060000000000001386 ) ) ;
#6098 = ORIENTED_EDGE ( 'NONE', *, *, #1957, .T. ) ;
#6099 = DIRECTION ( 'NONE',  ( 1.000000000000000000, 0.000000000000000000, 0.000000000000000000 ) ) ;
#6100 = CARTESIAN_POINT ( 'NONE',  ( 136.7500000000000284, -98.12499974499999666, -4.500000000000000888 ) ) ;
#6101 = ORIENTED_EDGE ( 'NONE', *, *, #3592, .F. ) ;
#6102 = VECTOR ( 'NONE', #1814, 1000.000000000000000 ) ;
#6103 = DIRECTION ( 'NONE',  ( -3.194334880715847085E-16, 1.000000000000000000, 0.000000000000000000 ) ) ;
#6104 = EDGE_CURVE ( 'NONE', #1926, #6397, #6366, .T. ) ;
#6105 = CARTESIAN_POINT ( 'NONE',  ( 68.94854539333647381, -149.3699994899999979, 6.227991141921270568 ) ) ;
#6106 = DIRECTION ( 'NONE',  ( -1.000000000000000000, 0.000000000000000000, 0.000000000000000000 ) ) ;
#6107 = ADVANCED_FACE ( 'NONE', ( #2911 ), #5203, .T. ) ;
#6108 = CARTESIAN_POINT ( 'NONE',  ( 115.2839302702794129, -147.4269450427744914, 4.990925569263929162 ) ) ;
#6109 = VERTEX_POINT ( 'NONE', #5142 ) ;
#6110 = ORIENTED_EDGE ( 'NONE', *, *, #4903, .F. ) ;
#6111 = CIRCLE ( 'NONE', #2261, 2.000000000000001776 ) ;
#6112 = CARTESIAN_POINT ( 'NONE',  ( 108.4328425774746165, -149.3699994899999695, 1.917157287525381282 ) ) ;
#6113 = DIRECTION ( 'NONE',  ( 0.000000000000000000, 0.000000000000000000, 1.000000000000000000 ) ) ;
#6114 = ORIENTED_EDGE ( 'NONE', *, *, #6274, .F. ) ;
#6115 = ORIENTED_EDGE ( 'NONE', *, *, #413, .F. ) ;
#6116 = DIRECTION ( 'NONE',  ( 1.000000000000000000, 0.000000000000000000, 0.000000000000000000 ) ) ;
#6117 = DIRECTION ( 'NONE',  ( -0.000000000000000000, -0.000000000000000000, -1.000000000000000000 ) ) ;
#6118 = CARTESIAN_POINT ( 'NONE',  ( 118.6000000000000085, -147.5699994899999865, 12.50000000000000000 ) ) ;
#6119 = EDGE_CURVE ( 'NONE', #3132, #6650, #17, .T. ) ;
#6120 = ORIENTED_EDGE ( 'NONE', *, *, #6268, .T. ) ;
#6121 = ORIENTED_EDGE ( 'NONE', *, *, #4717, .T. ) ;
#6122 = CARTESIAN_POINT ( 'NONE',  ( 75.64999986500001228, -151.6699994900000092, 30.00000000000000355 ) ) ;
#6123 = DIRECTION ( 'NONE',  ( 0.000000000000000000, 0.000000000000000000, -1.000000000000000000 ) ) ;
#6124 = VERTEX_POINT ( 'NONE', #4655 ) ;
#6125 = DIRECTION ( 'NONE',  ( -1.000000000000000000, 0.000000000000000000, 0.000000000000000000 ) ) ;
#6126 = EDGE_CURVE ( 'NONE', #4901, #7413, #2308, .T. ) ;
#6127 = ORIENTED_EDGE ( 'NONE', *, *, #42, .F. ) ;
#6128 = CARTESIAN_POINT ( 'NONE',  ( 108.5499998649999895, -149.3699994899999979, 1.800000000000001155 ) ) ;
#6129 = DIRECTION ( 'NONE',  ( 0.000000000000000000, 0.000000000000000000, -1.000000000000000000 ) ) ;
#6130 = CARTESIAN_POINT ( 'NONE',  ( 66.88997487421325161, -149.3699994899999979, 2.500000000000000444 ) ) ;
#6131 = ADVANCED_FACE ( 'NONE', ( #3486 ), #2805, .T. ) ;
#6132 = CARTESIAN_POINT ( 'NONE',  ( 116.6100251257867910, -149.3699994899999979, 2.500000000000000444 ) ) ;
#6133 = EDGE_CURVE ( 'NONE', #2530, #5089, #6661, .T. ) ;
#6134 = CARTESIAN_POINT ( 'NONE',  ( 75.64999986499999807, -142.6699994900000092, -6.000000000000000000 ) ) ;
#6135 = DIRECTION ( 'NONE',  ( -1.000000000000000000, -8.068950408636815886E-17, -0.000000000000000000 ) ) ;
#6136 = DIRECTION ( 'NONE',  ( 0.000000000000000000, 0.000000000000000000, -1.000000000000000000 ) ) ;
#6137 = ORIENTED_EDGE ( 'NONE', *, *, #2781, .F. ) ;
#6138 = DIRECTION ( 'NONE',  ( 0.000000000000000000, 0.000000000000000000, -1.000000000000000000 ) ) ;
#6139 = DIRECTION ( 'NONE',  ( 0.000000000000000000, 0.000000000000000000, 1.000000000000000000 ) ) ;
#6140 = ORIENTED_EDGE ( 'NONE', *, *, #3932, .T. ) ;
#6141 = CARTESIAN_POINT ( 'NONE',  ( 67.40777099066534106, -147.4044699516385322, 4.562617456747821265 ) ) ;
#6142 = DIRECTION ( 'NONE',  ( 0.000000000000000000, 0.000000000000000000, -1.000000000000000000 ) ) ;
#6143 = DIRECTION ( 'NONE',  ( 0.000000000000000000, -0.000000000000000000, -1.000000000000000000 ) ) ;
#6144 = DIRECTION ( 'NONE',  ( 1.000000000000000000, 0.000000000000000000, 0.000000000000000000 ) ) ;
#6145 = ADVANCED_FACE ( 'NONE', ( #5819, #6858 ), #629, .F. ) ;
#6146 = ORIENTED_EDGE ( 'NONE', *, *, #2014, .F. ) ;
#6147 = VERTEX_POINT ( 'NONE', #5248 ) ;
#6148 = AXIS2_PLACEMENT_3D ( 'NONE', #1845, #4116, #7464 ) ;
#6149 = CARTESIAN_POINT ( 'NONE',  ( 60.89999999999999858, -62.67999999999999972, -5.000000000000000888 ) ) ;
#6150 = VECTOR ( 'NONE', #1642, 1000.000000000000000 ) ;
#6151 = EDGE_CURVE ( 'NONE', #5381, #3733, #110, .T. ) ;
#6152 = EDGE_LOOP ( 'NONE', ( #3364, #1804, #7425, #5449 ) ) ;
#6153 = ORIENTED_EDGE ( 'NONE', *, *, #6505, .F. ) ;
#6154 = CARTESIAN_POINT ( 'NONE',  ( 75.64999986499999807, -142.6699994900000092, -2.000000000000000000 ) ) ;
#6155 = CARTESIAN_POINT ( 'NONE',  ( 62.89999999999999858, -62.67999999999999972, -7.000000000000000000 ) ) ;
#6156 = DIRECTION ( 'NONE',  ( 0.000000000000000000, 1.000000000000000000, 0.000000000000000000 ) ) ;
#6157 = CIRCLE ( 'NONE', #1700, 2.349999999999976996 ) ;
#6158 = CIRCLE ( 'NONE', #2902, 2.000000000000001776 ) ;
#6159 = ORIENTED_EDGE ( 'NONE', *, *, #1127, .F. ) ;
#6160 = EDGE_LOOP ( 'NONE', ( #4114, #6374, #1358, #4537 ) ) ;
#6161 = TOROIDAL_SURFACE ( 'NONE', #2904, 7.000000000000007105, 3.000000000000000000 ) ;
#6162 = DIRECTION ( 'NONE',  ( 1.000000000000000000, 0.000000000000000000, 0.000000000000000000 ) ) ;
#6163 = CARTESIAN_POINT ( 'NONE',  ( 66.90000000000000568, -64.68000000000000682, 12.14999999999998082 ) ) ;
#6164 = ORIENTED_EDGE ( 'NONE', *, *, #995, .T. ) ;
#6165 = AXIS2_PLACEMENT_3D ( 'NONE', #4679, #4216, #1873 ) ;
#6166 = EDGE_CURVE ( 'NONE', #2401, #2207, #3449, .T. ) ;
#6167 = CARTESIAN_POINT ( 'NONE',  ( 56.83830072081457274, -119.3876596741509246, -4.237825316683736077 ) ) ;
#6168 = ORIENTED_EDGE ( 'NONE', *, *, #4950, .F. ) ;
#6169 = CARTESIAN_POINT ( 'NONE',  ( 61.89999999999999858, -93.80499999999999261, 1.860000000000015419 ) ) ;
#6170 = DIRECTION ( 'NONE',  ( 1.000000000000000000, 0.000000000000000000, 0.000000000000000000 ) ) ;
#6171 = DIRECTION ( 'NONE',  ( 1.000000000000000000, 0.000000000000000000, 0.000000000000000000 ) ) ;
#6172 = DIRECTION ( 'NONE',  ( 1.000000000000000000, 0.000000000000000000, 0.000000000000000000 ) ) ;
#6173 = ORIENTED_EDGE ( 'NONE', *, *, #6490, .T. ) ;
#6174 = AXIS2_PLACEMENT_3D ( 'NONE', #6971, #4089, #7385 ) ;
#6175 = DIRECTION ( 'NONE',  ( 1.000000000000000000, 0.000000000000000000, 0.000000000000000000 ) ) ;
#6176 = CARTESIAN_POINT ( 'NONE',  ( 56.39875343640024852, -118.0865300671104166, -3.967222081638595466 ) ) ;
#6177 = DIRECTION ( 'NONE',  ( 0.000000000000000000, 0.000000000000000000, 1.000000000000000000 ) ) ;
#6178 = ORIENTED_EDGE ( 'NONE', *, *, #3728, .T. ) ;
#6179 = EDGE_CURVE ( 'NONE', #4981, #1691, #1720, .T. ) ;
#6180 = VECTOR ( 'NONE', #3433, 1000.000000000000000 ) ;
#6181 = DIRECTION ( 'NONE',  ( 0.000000000000000000, 0.000000000000000000, 1.000000000000000000 ) ) ;
#6182 = AXIS2_PLACEMENT_3D ( 'NONE', #4684, #7426, #2237 ) ;
#6183 = DIRECTION ( 'NONE',  ( 0.000000000000000000, 0.000000000000000000, 1.000000000000000000 ) ) ;
#6184 = EDGE_CURVE ( 'NONE', #3741, #3947, #4357, .T. ) ;
#6185 = EDGE_LOOP ( 'NONE', ( #1866, #347, #5996, #193, #2247, #6368 ) ) ;
#6186 = CIRCLE ( 'NONE', #5087, 4.000000000000003553 ) ;
#6187 = CIRCLE ( 'NONE', #4360, 2.000000000000001776 ) ;
#6188 = CIRCLE ( 'NONE', #1353, 12.00000000000001066 ) ;
#6189 = DIRECTION ( 'NONE',  ( 0.000000000000000000, 0.000000000000000000, 1.000000000000000000 ) ) ;
#6190 = DIRECTION ( 'NONE',  ( -1.000000000000000000, 0.000000000000000000, 0.000000000000000000 ) ) ;
#6191 = CARTESIAN_POINT ( 'NONE',  ( 115.0986440578882082, -147.4301260370006332, 5.175229374207986233 ) ) ;
#6192 = CARTESIAN_POINT ( 'NONE',  ( 66.88997487421325161, -147.3699994899999979, 4.500000000000000888 ) ) ;
#6193 = VECTOR ( 'NONE', #3744, 1000.000000000000000 ) ;
#6194 = ORIENTED_EDGE ( 'NONE', *, *, #2976, .F. ) ;
#6195 = ORIENTED_EDGE ( 'NONE', *, *, #5092, .F. ) ;
#6196 = LINE ( 'NONE', #1008, #4498 ) ;
#6197 = CARTESIAN_POINT ( 'NONE',  ( 127.1012465635940885, -94.16346942288662092, -3.967222081637195696 ) ) ;
#6198 = ORIENTED_EDGE ( 'NONE', *, *, #5384, .F. ) ;
#6199 = VECTOR ( 'NONE', #869, 1000.000000000000000 ) ;
#6200 = ORIENTED_EDGE ( 'NONE', *, *, #1761, .T. ) ;
#6201 = AXIS2_PLACEMENT_3D ( 'NONE', #382, #2095, #2782 ) ;
#6202 = DIRECTION ( 'NONE',  ( 0.000000000000000000, 0.000000000000000000, 1.000000000000000000 ) ) ;
#6203 = DIRECTION ( 'NONE',  ( -0.000000000000000000, 1.000000000000000000, -0.000000000000000000 ) ) ;
#6204 = DIRECTION ( 'NONE',  ( -1.000000000000000000, 0.000000000000000000, 0.000000000000000000 ) ) ;
#6205 = AXIS2_PLACEMENT_3D ( 'NONE', #2690, #5552, #3295 ) ;
#6206 = ORIENTED_EDGE ( 'NONE', *, *, #3118, .T. ) ;
#6207 = EDGE_LOOP ( 'NONE', ( #6599, #480, #205, #4576 ) ) ;
#6208 = DIRECTION ( 'NONE',  ( 1.000000000000000000, 0.000000000000000000, 0.000000000000000000 ) ) ;
#6209 = CARTESIAN_POINT ( 'NONE',  ( 77.00150501293772720, -149.3699994900000263, -5.000000000000000000 ) ) ;
#6210 = ORIENTED_EDGE ( 'NONE', *, *, #1705, .T. ) ;
#6211 = AXIS2_PLACEMENT_3D ( 'NONE', #6215, #408, #2731 ) ;
#6212 = FACE_OUTER_BOUND ( 'NONE', #2835, .T. ) ;
#6213 = ORIENTED_EDGE ( 'NONE', *, *, #303, .F. ) ;
#6214 = DIRECTION ( 'NONE',  ( 0.7071067811865545671, 0.000000000000000000, 0.7071067811865405783 ) ) ;
#6215 = CARTESIAN_POINT ( 'NONE',  ( 108.1499998649999981, -142.6699994900000092, -0.3500000000000152434 ) ) ;
#6216 = DIRECTION ( 'NONE',  ( -0.000000000000000000, -0.000000000000000000, -1.000000000000000000 ) ) ;
#6217 = CIRCLE ( 'NONE', #4390, 0.5000000000000004441 ) ;
#6218 = AXIS2_PLACEMENT_3D ( 'NONE', #2737, #3915, #6136 ) ;
#6219 = CARTESIAN_POINT ( 'NONE',  ( 124.1000000000000227, -149.5699994899999865, -6.500000000000000888 ) ) ;
#6220 = EDGE_CURVE ( 'NONE', #2854, #1191, #2059, .T. ) ;
#6221 = VERTEX_POINT ( 'NONE', #2350 ) ;
#6222 = VECTOR ( 'NONE', #938, 1000.000000000000000 ) ;
#6223 = VECTOR ( 'NONE', #1293, 1000.000000000000000 ) ;
#6224 = CARTESIAN_POINT ( 'NONE',  ( 136.7500000000000284, -114.1249997450000109, -6.500000000000000888 ) ) ;
#6225 = AXIS2_PLACEMENT_3D ( 'NONE', #5561, #3306, #1558 ) ;
#6226 = CARTESIAN_POINT ( 'NONE',  ( 75.44999986500000944, -150.6699994899999808, 2.000000000000001776 ) ) ;
#6227 = VECTOR ( 'NONE', #6284, 1000.000000000000000 ) ;
#6228 = DIRECTION ( 'NONE',  ( 1.000000000000000000, 0.000000000000000000, 0.000000000000000000 ) ) ;
#6229 = ORIENTED_EDGE ( 'NONE', *, *, #5883, .T. ) ;
#6230 = CARTESIAN_POINT ( 'NONE',  ( 136.5999999999999943, -86.12499974499999666, -4.000000000000000000 ) ) ;
#6231 = DIRECTION ( 'NONE',  ( 1.000000000000000000, 0.000000000000000000, 0.000000000000000000 ) ) ;
#6232 = VECTOR ( 'NONE', #1822, 1000.000000000000000 ) ;
#6233 = ORIENTED_EDGE ( 'NONE', *, *, #7360, .T. ) ;
#6234 = ADVANCED_FACE ( 'NONE', ( #5863, #4085 ), #3406, .T. ) ;
#6235 = AXIS2_PLACEMENT_3D ( 'NONE', #3188, #6527, #2625 ) ;
#6236 = CARTESIAN_POINT ( 'NONE',  ( 68.89777716015065323, -147.4366661566666323, 6.500000000000000888 ) ) ;
#6237 = CARTESIAN_POINT ( 'NONE',  ( 124.6727243266611111, -87.62679338349595071, -1.678461739479331305 ) ) ;
#6238 = CARTESIAN_POINT ( 'NONE',  ( 120.5999999999999801, -59.17999999999999972, -6.500000000000000888 ) ) ;
#6239 = DIRECTION ( 'NONE',  ( 1.000000000000000000, 0.000000000000000000, 0.000000000000000000 ) ) ;
#6240 = CIRCLE ( 'NONE', #665, 2.000000000000000000 ) ;
#6241 = EDGE_CURVE ( 'NONE', #1470, #342, #5564, .T. ) ;
#6242 = ORIENTED_EDGE ( 'NONE', *, *, #6859, .F. ) ;
#6243 = ORIENTED_EDGE ( 'NONE', *, *, #5025, .T. ) ;
#6244 = DIRECTION ( 'NONE',  ( 0.000000000000000000, 0.000000000000000000, 1.000000000000000000 ) ) ;
#6245 = DIRECTION ( 'NONE',  ( 0.000000000000000000, 0.000000000000000000, -1.000000000000000000 ) ) ;
#6246 = ORIENTED_EDGE ( 'NONE', *, *, #4309, .F. ) ;
#6247 = ORIENTED_EDGE ( 'NONE', *, *, #6789, .F. ) ;
#6248 = CARTESIAN_POINT ( 'NONE',  ( 136.7500000000000284, -106.1249997449999967, -6.500000000000000888 ) ) ;
#6249 = CARTESIAN_POINT ( 'NONE',  ( 122.5999999999999801, -62.67999999999999972, 13.50000000000000178 ) ) ;
#6250 = CARTESIAN_POINT ( 'NONE',  ( 75.64999986500001228, -151.4699994900000206, 30.00000000000000355 ) ) ;
#6251 = EDGE_CURVE ( 'NONE', #3464, #161, #1939, .T. ) ;
#6252 = VERTEX_POINT ( 'NONE', #4578 ) ;
#6253 = VERTEX_POINT ( 'NONE', #6504 ) ;
#6254 = FACE_OUTER_BOUND ( 'NONE', #6152, .T. ) ;
#6255 = DIRECTION ( 'NONE',  ( 0.000000000000000000, 0.000000000000000000, 1.000000000000000000 ) ) ;
#6256 = VERTEX_POINT ( 'NONE', #6579 ) ;
#6257 = CARTESIAN_POINT ( 'NONE',  ( 66.90000000000000568, -64.68000000000000682, 6.500000000000000888 ) ) ;
#6258 = ORIENTED_EDGE ( 'NONE', *, *, #4746, .T. ) ;
#6259 = DIRECTION ( 'NONE',  ( -0.000000000000000000, -0.000000000000000000, -1.000000000000000000 ) ) ;
#6260 = CARTESIAN_POINT ( 'NONE',  ( 116.0000000000000000, -74.57500000000000284, -2.000000000000000000 ) ) ;
#6261 = DIRECTION ( 'NONE',  ( 0.000000000000000000, -0.000000000000000000, 1.000000000000000000 ) ) ;
#6262 = DIRECTION ( 'NONE',  ( -1.000000000000000000, -3.194334880715847085E-16, 0.000000000000000000 ) ) ;
#6263 = ORIENTED_EDGE ( 'NONE', *, *, #3721, .T. ) ;
#6264 = ADVANCED_FACE ( 'NONE', ( #5999 ), #5392, .T. ) ;
#6265 = CARTESIAN_POINT ( 'NONE',  ( 136.7500000000000284, -113.6249997450000109, -4.000000000000000000 ) ) ;
#6266 = DIRECTION ( 'NONE',  ( -0.000000000000000000, -0.000000000000000000, -1.000000000000000000 ) ) ;
#6267 = ORIENTED_EDGE ( 'NONE', *, *, #1487, .F. ) ;
#6268 = EDGE_CURVE ( 'NONE', #1255, #7103, #4797, .T. ) ;
#6269 = ORIENTED_EDGE ( 'NONE', *, *, #3924, .F. ) ;
#6270 = CARTESIAN_POINT ( 'NONE',  ( 75.44999986500000944, -152.5699994899999865, 13.50000000000000178 ) ) ;
#6271 = CARTESIAN_POINT ( 'NONE',  ( 66.88997487421325161, -149.3699994899999979, 2.500000000000000444 ) ) ;
#6272 = ORIENTED_EDGE ( 'NONE', *, *, #233, .F. ) ;
#6273 = CARTESIAN_POINT ( 'NONE',  ( 55.90000000000000568, -94.79967553144872738, -4.000000000000000000 ) ) ;
#6274 = EDGE_CURVE ( 'NONE', #7351, #3345, #5445, .T. ) ;
#6275 = CARTESIAN_POINT ( 'NONE',  ( 125.5519460526466275, -91.33548581791656318, -3.223689700410604875 ) ) ;
#6276 = CARTESIAN_POINT ( 'NONE',  ( 66.90000000000000568, -64.68000000000000682, 6.500000000000000888 ) ) ;
#6277 = LINE ( 'NONE', #3841, #1244 ) ;
#6278 = VERTEX_POINT ( 'NONE', #1316 ) ;
#6279 = VERTEX_POINT ( 'NONE', #4223 ) ;
#6280 = DIRECTION ( 'NONE',  ( 1.000000000000000000, 0.000000000000000000, 0.000000000000000000 ) ) ;
#6281 = EDGE_LOOP ( 'NONE', ( #1194, #5371, #818, #1206 ) ) ;
#6282 = ORIENTED_EDGE ( 'NONE', *, *, #1552, .F. ) ;
#6283 = CARTESIAN_POINT ( 'NONE',  ( 64.90000000000003411, -68.68000000000000682, 4.500000000000000888 ) ) ;
#6284 = DIRECTION ( 'NONE',  ( -0.000000000000000000, -0.000000000000000000, 1.000000000000000000 ) ) ;
#6285 = EDGE_CURVE ( 'NONE', #3724, #4191, #3734, .T. ) ;
#6286 = ORIENTED_EDGE ( 'NONE', *, *, #3169, .F. ) ;
#6287 = ORIENTED_EDGE ( 'NONE', *, *, #3967, .F. ) ;
#6288 = TOROIDAL_SURFACE ( 'NONE', #4331, 12.50000000000000355, 0.5000000000000000000 ) ;
#6289 = EDGE_CURVE ( 'NONE', #3497, #1062, #3884, .T. ) ;
#6290 = DIRECTION ( 'NONE',  ( 1.597167440357923543E-16, -1.000000000000000000, 0.000000000000000000 ) ) ;
#6291 = CARTESIAN_POINT ( 'NONE',  ( 120.5999999999999943, -66.67999999999999261, 6.500000000000000888 ) ) ;
#6292 = ORIENTED_EDGE ( 'NONE', *, *, #2682, .T. ) ;
#6293 = LINE ( 'NONE', #529, #4232 ) ;
#6294 = CIRCLE ( 'NONE', #712, 2.000000000000000000 ) ;
#6295 = DIRECTION ( 'NONE',  ( -1.000000000000000000, 0.000000000000000000, 0.000000000000000000 ) ) ;
#6296 = CIRCLE ( 'NONE', #5915, 0.5000000000000004441 ) ;
#6297 = DIRECTION ( 'NONE',  ( 0.000000000000000000, 0.000000000000000000, 1.000000000000000000 ) ) ;
#6298 = LINE ( 'NONE', #533, #5415 ) ;
#6299 = DIRECTION ( 'NONE',  ( -1.000000000000000000, -8.068950408636815886E-17, -0.000000000000000000 ) ) ;
#6300 = EDGE_LOOP ( 'NONE', ( #909, #94, #1171, #4420, #1051 ) ) ;
#6301 = AXIS2_PLACEMENT_3D ( 'NONE', #2905, #5630, #5057 ) ;
#6302 = CARTESIAN_POINT ( 'NONE',  ( 120.6000000000000085, -147.3699994899999979, 2.500000000000000444 ) ) ;
#6303 = CARTESIAN_POINT ( 'NONE',  ( 57.47497585877680137, -120.3967415115444339, -3.904529578273109092 ) ) ;
#6304 = ORIENTED_EDGE ( 'NONE', *, *, #7173, .F. ) ;
#6305 = VERTEX_POINT ( 'NONE', #4264 ) ;
#6306 = PLANE ( 'NONE',  #2216 ) ;
#6307 = AXIS2_PLACEMENT_3D ( 'NONE', #633, #5319, #5253 ) ;
#6308 = DIRECTION ( 'NONE',  ( 1.000000000000000000, 0.000000000000000000, 0.000000000000000000 ) ) ;
#6309 = ORIENTED_EDGE ( 'NONE', *, *, #1612, .T. ) ;
#6310 = DIRECTION ( 'NONE',  ( -0.000000000000000000, -0.000000000000000000, -1.000000000000000000 ) ) ;
#6311 = DIRECTION ( 'NONE',  ( -0.000000000000000000, -0.000000000000000000, 1.000000000000000000 ) ) ;
#6312 = CIRCLE ( 'NONE', #116, 2.000000000000001776 ) ;
#6313 = CARTESIAN_POINT ( 'NONE',  ( 75.64999986500001228, -151.0699994899999865, 4.300000000000001599 ) ) ;
#6314 = CARTESIAN_POINT ( 'NONE',  ( 62.89999999999999858, -62.67999999999999972, 4.500000000000000888 ) ) ;
#6315 = CIRCLE ( 'NONE', #2061, 2.000000000000001776 ) ;
#6316 = VECTOR ( 'NONE', #4209, 1000.000000000000000 ) ;
#6317 = EDGE_CURVE ( 'NONE', #7393, #4604, #1390, .T. ) ;
#6318 = B_SPLINE_CURVE_WITH_KNOTS ( 'NONE', 3,
 ( #2647, #1032, #3215, #4465, #6779, #5515 ),
 .UNSPECIFIED., .F., .F.,
 ( 4, 2, 4 ),
 ( 0.002332534566350104224, 0.003498801849525156119, 0.004665069132700208447 ),
 .UNSPECIFIED. ) ;
#6319 = ORIENTED_EDGE ( 'NONE', *, *, #4592, .T. ) ;
#6320 = VERTEX_POINT ( 'NONE', #5425 ) ;
#6321 = ADVANCED_FACE ( 'NONE', ( #4301 ), #812, .T. ) ;
#6322 = CIRCLE ( 'NONE', #4964, 0.5000000000000004441 ) ;
#6323 = CARTESIAN_POINT ( 'NONE',  ( 106.1226863717285909, -149.3699994899999979, -5.000000000000000000 ) ) ;
#6324 = ORIENTED_EDGE ( 'NONE', *, *, #1261, .T. ) ;
#6325 = CYLINDRICAL_SURFACE ( 'NONE', #1218, 2.000000000000001776 ) ;
#6326 = ORIENTED_EDGE ( 'NONE', *, *, #6603, .T. ) ;
#6327 = ORIENTED_EDGE ( 'NONE', *, *, #783, .F. ) ;
#6328 = EDGE_CURVE ( 'NONE', #699, #1403, #5358, .T. ) ;
#6329 = DIRECTION ( 'NONE',  ( 1.000000000000000000, 0.000000000000000000, 0.000000000000000000 ) ) ;
#6330 = AXIS2_PLACEMENT_3D ( 'NONE', #1409, #7277, #1442 ) ;
#6331 = CARTESIAN_POINT ( 'NONE',  ( 38.75000000000003553, -106.1249997449999967, -6.500000000000000888 ) ) ;
#6332 = ORIENTED_EDGE ( 'NONE', *, *, #798, .T. ) ;
#6333 = DIRECTION ( 'NONE',  ( -0.000000000000000000, -0.000000000000000000, -1.000000000000000000 ) ) ;
#6334 = PLANE ( 'NONE',  #6025 ) ;
#6335 = VECTOR ( 'NONE', #1928, 1000.000000000000000 ) ;
#6336 = DIRECTION ( 'NONE',  ( -0.000000000000000000, -0.000000000000000000, -1.000000000000000000 ) ) ;
#6337 = CARTESIAN_POINT ( 'NONE',  ( 120.6000000000000227, -143.5699994899999865, 6.500000000000000888 ) ) ;
#6338 = FACE_OUTER_BOUND ( 'NONE', #4518, .T. ) ;
#6339 = VERTEX_POINT ( 'NONE', #3121 ) ;
#6340 = VECTOR ( 'NONE', #7408, 1000.000000000000000 ) ;
#6341 = PRODUCT_DEFINITION ( 'UNKNOWN', '', #1445, #2629 ) ;
#6342 = DIRECTION ( 'NONE',  ( 0.000000000000000000, -1.000000000000000000, 0.000000000000000000 ) ) ;
#6343 = AXIS2_PLACEMENT_3D ( 'NONE', #2498, #1956, #7111 ) ;
#6344 = DIRECTION ( 'NONE',  ( 1.000000000000000000, 0.000000000000000000, 0.000000000000000000 ) ) ;
#6345 = ORIENTED_EDGE ( 'NONE', *, *, #4000, .F. ) ;
#6346 = ORIENTED_EDGE ( 'NONE', *, *, #6392, .T. ) ;
#6347 = CARTESIAN_POINT ( 'NONE',  ( 77.64999986499999807, -142.6699994900000092, -6.000000000000000000 ) ) ;
#6348 = DIRECTION ( 'NONE',  ( -0.7199999999999944222, 0.6939740629159046881, 0.000000000000000000 ) ) ;
#6349 = ADVANCED_FACE ( 'NONE', ( #160 ), #2493, .F. ) ;
#6350 = ORIENTED_EDGE ( 'NONE', *, *, #2485, .T. ) ;
#6351 = VECTOR ( 'NONE', #5101, 1000.000000000000000 ) ;
#6352 = DIRECTION ( 'NONE',  ( -0.000000000000000000, -0.000000000000000000, -1.000000000000000000 ) ) ;
#6353 = CARTESIAN_POINT ( 'NONE',  ( 68.89777716015066744, -147.4366661566666323, 6.500000000000001776 ) ) ;
#6354 = CIRCLE ( 'NONE', #4288, 2.000000000000001776 ) ;
#6355 = DIRECTION ( 'NONE',  ( 1.000000000000000000, 1.597167440357923543E-16, -0.000000000000000000 ) ) ;
#6356 = ORIENTED_EDGE ( 'NONE', *, *, #7296, .T. ) ;
#6357 = ADVANCED_FACE ( 'NONE', ( #5892 ), #1421, .F. ) ;
#6358 = EDGE_CURVE ( 'NONE', #4128, #2265, #705, .T. ) ;
#6359 = CYLINDRICAL_SURFACE ( 'NONE', #2646, 4.000000000000003553 ) ;
#6360 = ORIENTED_EDGE ( 'NONE', *, *, #2053, .F. ) ;
#6361 = CARTESIAN_POINT ( 'NONE',  ( 124.9473808111365400, -123.2343271986003117, -2.564166982526270733 ) ) ;
#6362 = EDGE_CURVE ( 'NONE', #5090, #2877, #3894, .T. ) ;
#6363 = DIRECTION ( 'NONE',  ( 1.000000000000000000, 0.000000000000000000, 0.000000000000000000 ) ) ;
#6364 = VERTEX_POINT ( 'NONE', #3276 ) ;
#6365 = ORIENTED_EDGE ( 'NONE', *, *, #5226, .T. ) ;
#6366 = LINE ( 'NONE', #5713, #729 ) ;
#6367 = DIRECTION ( 'NONE',  ( 1.000000000000000000, 0.000000000000000000, 0.000000000000000000 ) ) ;
#6368 = ORIENTED_EDGE ( 'NONE', *, *, #2097, .T. ) ;
#6369 = CARTESIAN_POINT ( 'NONE',  ( 144.2500000000000568, -106.1249997449999967, -4.500000000000000888 ) ) ;
#6370 = LINE ( 'NONE', #5175, #214 ) ;
#6371 = EDGE_CURVE ( 'NONE', #7103, #4696, #6188, .T. ) ;
#6372 = CARTESIAN_POINT ( 'NONE',  ( 112.6033342592754138, -149.3699994899999979, 6.240580146200015221 ) ) ;
#6373 = CARTESIAN_POINT ( 'NONE',  ( 60.89999999999999147, -74.12153580760315208, -4.949152420611724779 ) ) ;
#6374 = ORIENTED_EDGE ( 'NONE', *, *, #2158, .T. ) ;
#6375 = CARTESIAN_POINT ( 'NONE',  ( 125.1751275110846819, -122.4338063412562150, -2.783478253745165443 ) ) ;
#6376 = EDGE_CURVE ( 'NONE', #1825, #2396, #2931, .T. ) ;
#6377 = CARTESIAN_POINT ( 'NONE',  ( 58.66244681049541754, -123.4796242478814747, -2.183056401210653696 ) ) ;
#6378 = EDGE_LOOP ( 'NONE', ( #3171, #3625, #1638, #7476 ) ) ;
#6379 = ORIENTED_EDGE ( 'NONE', *, *, #7092, .F. ) ;
#6380 = DIRECTION ( 'NONE',  ( -0.000000000000000000, 0.000000000000000000, -1.000000000000000000 ) ) ;
#6381 = EDGE_CURVE ( 'NONE', #3993, #605, #6757, .T. ) ;
#6382 = DIRECTION ( 'NONE',  ( 1.000000000000000000, 0.000000000000000000, 0.000000000000000000 ) ) ;
#6383 = ORIENTED_EDGE ( 'NONE', *, *, #4025, .T. ) ;
#6384 = EDGE_CURVE ( 'NONE', #4873, #7279, #3771, .T. ) ;
#6385 = CARTESIAN_POINT ( 'NONE',  ( 114.6000000000000227, -64.68000000000003524, 12.50000000000000000 ) ) ;
#6386 = CARTESIAN_POINT ( 'NONE',  ( 66.90000000000000568, -147.5699994899999865, 12.15000000000002700 ) ) ;
#6387 = DIRECTION ( 'NONE',  ( 3.194334880715847085E-16, -1.000000000000000000, -0.000000000000000000 ) ) ;
#6388 = CARTESIAN_POINT ( 'NONE',  ( 75.64999986499999807, -142.6699994900000092, -2.000000000000000000 ) ) ;
#6389 = CARTESIAN_POINT ( 'NONE',  ( 62.90000000000001279, -147.3699994899999979, 2.500000000000000444 ) ) ;
#6390 = DIRECTION ( 'NONE',  ( -0.000000000000000000, -0.000000000000000000, 1.000000000000000000 ) ) ;
#6391 = DIRECTION ( 'NONE',  ( 0.000000000000000000, 0.000000000000000000, 1.000000000000000000 ) ) ;
#6392 = EDGE_CURVE ( 'NONE', #3947, #3741, #1603, .T. ) ;
#6393 = ORIENTED_EDGE ( 'NONE', *, *, #5753, .F. ) ;
#6394 = ORIENTED_EDGE ( 'NONE', *, *, #4239, .T. ) ;
#6395 = DIRECTION ( 'NONE',  ( 1.000000000000000000, 0.000000000000000000, -0.000000000000000000 ) ) ;
#6396 = FACE_OUTER_BOUND ( 'NONE', #6378, .T. ) ;
#6397 = VERTEX_POINT ( 'NONE', #7332 ) ;
#6398 = DIRECTION ( 'NONE',  ( 0.000000000000000000, 0.000000000000000000, -1.000000000000000000 ) ) ;
#6399 = DIRECTION ( 'NONE',  ( 1.000000000000000000, 0.000000000000000000, 0.000000000000000000 ) ) ;
#6400 = LINE ( 'NONE', #4121, #7060 ) ;
#6401 = DIRECTION ( 'NONE',  ( 0.000000000000000000, 0.000000000000000000, 1.000000000000000000 ) ) ;
#6402 = CIRCLE ( 'NONE', #2167, 0.5000000000000004441 ) ;
#6403 = EDGE_LOOP ( 'NONE', ( #7320, #3323, #3396, #5579 ) ) ;
#6404 = EDGE_CURVE ( 'NONE', #1153, #230, #5014, .T. ) ;
#6405 = CARTESIAN_POINT ( 'NONE',  ( 108.1499998649999981, -142.6699994900000092, -6.000000000000000000 ) ) ;
#6406 = EDGE_CURVE ( 'NONE', #3459, #7356, #5100, .T. ) ;
#6407 = AXIS2_PLACEMENT_3D ( 'NONE', #7343, #315, #975 ) ;
#6408 = CARTESIAN_POINT ( 'NONE',  ( 58.32487248891214193, -122.4338063412616009, -2.783478253753262965 ) ) ;
#6409 = VERTEX_POINT ( 'NONE', #886 ) ;
#6410 = AXIS2_PLACEMENT_3D ( 'NONE', #5677, #4549, #487 ) ;
#6411 = ORIENTED_EDGE ( 'NONE', *, *, #6466, .T. ) ;
#6412 = CARTESIAN_POINT ( 'NONE',  ( 120.6000000000000085, -145.5699994900000149, 4.500000000000000888 ) ) ;
#6413 = CARTESIAN_POINT ( 'NONE',  ( 69.53641903970692795, -149.3699994900000263, 3.483977707529102297 ) ) ;
#6414 = ORIENTED_EDGE ( 'NONE', *, *, #6119, .F. ) ;
#6415 = DIRECTION ( 'NONE',  ( -1.000000000000000000, 0.000000000000000000, 0.000000000000000000 ) ) ;
#6416 = ADVANCED_FACE ( 'NONE', ( #2180 ), #6683, .T. ) ;
#6417 = CARTESIAN_POINT ( 'NONE',  ( 75.44999986500000944, -151.6699994900000092, 2.000000000000001776 ) ) ;
#6418 = AXIS2_PLACEMENT_3D ( 'NONE', #1359, #84, #5362 ) ;
#6419 = CARTESIAN_POINT ( 'NONE',  ( 75.24999986500000659, -149.3699994899999979, 1.800000000000001155 ) ) ;
#6420 = EDGE_CURVE ( 'NONE', #971, #4230, #6196, .T. ) ;
#6421 = DIRECTION ( 'NONE',  ( -0.000000000000000000, -0.000000000000000000, -1.000000000000000000 ) ) ;
#6422 = CARTESIAN_POINT ( 'NONE',  ( 124.8771622644178478, -88.71717713152058593, -2.277815935582181428 ) ) ;
#6423 = DIRECTION ( 'NONE',  ( -1.000000000000000000, 0.000000000000000000, 0.000000000000000000 ) ) ;
#6424 = DIRECTION ( 'NONE',  ( 1.000000000000000000, -0.000000000000000000, 0.000000000000000000 ) ) ;
#6425 = AXIS2_PLACEMENT_3D ( 'NONE', #2486, #4790, #7099 ) ;
#6426 = VECTOR ( 'NONE', #6033, 1000.000000000000000 ) ;
#6427 = ORIENTED_EDGE ( 'NONE', *, *, #1782, .T. ) ;
#6428 = VERTEX_POINT ( 'NONE', #4370 ) ;
#6429 = CARTESIAN_POINT ( 'NONE',  ( 82.89999986499999807, -152.9699994900000206, 9.460000009999999904 ) ) ;
#6430 = AXIS2_PLACEMENT_3D ( 'NONE', #1937, #4250, #5703 ) ;
#6431 = CARTESIAN_POINT ( 'NONE',  ( 118.6000000000000085, -147.5699994899999865, 4.500000000000000888 ) ) ;
#6432 = EDGE_LOOP ( 'NONE', ( #4458, #2342, #7498, #7510 ) ) ;
#6433 = CARTESIAN_POINT ( 'NONE',  ( 68.90000000000000568, -64.68000000000000682, 4.500000000000000888 ) ) ;
#6434 = AXIS2_PLACEMENT_3D ( 'NONE', #1228, #3577, #612 ) ;
#6435 = DIRECTION ( 'NONE',  ( 1.000000000000000000, 0.000000000000000000, -0.000000000000000000 ) ) ;
#6436 = CARTESIAN_POINT ( 'NONE',  ( 62.89999999999999858, -62.67999999999999972, 13.50000000000000178 ) ) ;
#6437 = CARTESIAN_POINT ( 'NONE',  ( 46.75000000000004263, -98.62499974499999666, -4.000000000000000000 ) ) ;
#6438 = VERTEX_POINT ( 'NONE', #6149 ) ;
#6439 = CIRCLE ( 'NONE', #3165, 0.2000000000000057288 ) ;
#6440 = CIRCLE ( 'NONE', #254, 12.50000000000001066 ) ;
#6441 = CARTESIAN_POINT ( 'NONE',  ( 124.5999999999820744, -125.3777407126494126, -1.374661511350806498 ) ) ;
#6442 = CARTESIAN_POINT ( 'NONE',  ( 122.6000000000000085, -141.5699994899999865, 12.50000000000000000 ) ) ;
#6443 = ADVANCED_FACE ( 'NONE', ( #2749 ), #3200, .T. ) ;
#6444 = ORIENTED_EDGE ( 'NONE', *, *, #5386, .F. ) ;
#6445 = EDGE_LOOP ( 'NONE', ( #6282, #556, #6213, #4093 ) ) ;
#6446 = AXIS2_PLACEMENT_3D ( 'NONE', #4520, #6835, #1655 ) ;
#6447 = ADVANCED_FACE ( 'NONE', ( #2023 ), #5533, .F. ) ;
#6448 = DIRECTION ( 'NONE',  ( 1.000000000000000000, -0.000000000000000000, 1.387778780781444256E-14 ) ) ;
#6449 = CARTESIAN_POINT ( 'NONE',  ( 55.53999999999999915, -94.45268849999078498, -4.500000000000000888 ) ) ;
#6450 = VECTOR ( 'NONE', #2890, 1000.000000000000000 ) ;
#6451 = DIRECTION ( 'NONE',  ( 0.6939740629159047991, 0.7199999999999944222, -0.000000000000000000 ) ) ;
#6452 = AXIS2_PLACEMENT_3D ( 'NONE', #6238, #5294, #426 ) ;
#6453 = VERTEX_POINT ( 'NONE', #5053 ) ;
#6454 = DIRECTION ( 'NONE',  ( -1.000000000000000000, 1.387778780781444571E-14, -1.387778780781446938E-14 ) ) ;
#6455 = CARTESIAN_POINT ( 'NONE',  ( 124.7162775778048740, -124.2496866228783290, -1.845198127020780898 ) ) ;
#6456 = CARTESIAN_POINT ( 'NONE',  ( 46.75000000000004263, -114.1249997450000109, -4.500000000000000888 ) ) ;
#6457 = AXIS2_PLACEMENT_3D ( 'NONE', #5720, #1679, #4689 ) ;
#6458 = CARTESIAN_POINT ( 'NONE',  ( 75.64999986500001228, -151.6699994900000092, 4.500000000000002665 ) ) ;
#6459 = LINE ( 'NONE', #5916, #3431 ) ;
#6460 = EDGE_CURVE ( 'NONE', #2321, #6966, #5501, .T. ) ;
#6461 = AXIS2_PLACEMENT_3D ( 'NONE', #6620, #790, #3600 ) ;
#6462 = CARTESIAN_POINT ( 'NONE',  ( 125.2004871583968537, -90.26976113969804771, -2.810389582276529019 ) ) ;
#6463 = VECTOR ( 'NONE', #4149, 1000.000000000000000 ) ;
#6464 = DIRECTION ( 'NONE',  ( 1.597167440357923543E-16, -1.000000000000000000, 0.000000000000000000 ) ) ;
#6465 = FACE_OUTER_BOUND ( 'NONE', #5000, .T. ) ;
#6466 = EDGE_CURVE ( 'NONE', #3779, #2133, #852, .T. ) ;
#6467 = AXIS2_PLACEMENT_3D ( 'NONE', #5243, #2518, #4258 ) ;
#6468 = VERTEX_POINT ( 'NONE', #3844 ) ;
#6469 = ORIENTED_EDGE ( 'NONE', *, *, #6637, .T. ) ;
#6470 = AXIS2_PLACEMENT_3D ( 'NONE', #3157, #5995, #1987 ) ;
#6471 = DIRECTION ( 'NONE',  ( -1.000000000000000000, 0.000000000000000000, 0.000000000000000000 ) ) ;
#6472 = CARTESIAN_POINT ( 'NONE',  ( 60.90000000000001279, -147.3699994899999979, -5.000000000000000888 ) ) ;
#6473 = VERTEX_POINT ( 'NONE', #3161 ) ;
#6474 = DIRECTION ( 'NONE',  ( -1.000000000000000000, 0.000000000000000000, 0.000000000000000000 ) ) ;
#6475 = FACE_BOUND ( 'NONE', #1668, .T. ) ;
#6476 = CARTESIAN_POINT ( 'NONE',  ( 79.64999986499999807, -142.6699994900000092, -2.000000000000000000 ) ) ;
#6477 = CARTESIAN_POINT ( 'NONE',  ( 118.6000000000000085, -147.5699994899999865, 6.500000000000000888 ) ) ;
#6478 = VERTEX_POINT ( 'NONE', #1622 ) ;
#6479 = VECTOR ( 'NONE', #939, 1000.000000000000000 ) ;
#6480 = CARTESIAN_POINT ( 'NONE',  ( 108.1499998649999839, -150.6699994899999808, 4.500000000000002665 ) ) ;
#6481 = DIRECTION ( 'NONE',  ( -0.000000000000000000, 0.000000000000000000, -1.000000000000000000 ) ) ;
#6482 = ORIENTED_EDGE ( 'NONE', *, *, #5092, .T. ) ;
#6483 = ORIENTED_EDGE ( 'NONE', *, *, #2993, .T. ) ;
#6484 = DIRECTION ( 'NONE',  ( 0.000000000000000000, 0.000000000000000000, -1.000000000000000000 ) ) ;
#6485 = DIRECTION ( 'NONE',  ( 0.000000000000000000, 0.000000000000000000, 1.000000000000000000 ) ) ;
#6486 = CARTESIAN_POINT ( 'NONE',  ( 56.59987435318971905, -93.20156477825928221, -4.332186101138051804 ) ) ;
#6487 = EDGE_CURVE ( 'NONE', #3688, #378, #621, .T. ) ;
#6488 = CARTESIAN_POINT ( 'NONE',  ( 62.89999999999999858, -62.67999999999999972, 2.500000000000000444 ) ) ;
#6489 = VECTOR ( 'NONE', #3508, 1000.000000000000000 ) ;
#6490 = EDGE_CURVE ( 'NONE', #1960, #2854, #959, .T. ) ;
#6491 = DIRECTION ( 'NONE',  ( -1.387778780781444413E-14, 0.000000000000000000, 1.000000000000000000 ) ) ;
#6492 = CARTESIAN_POINT ( 'NONE',  ( 124.6036514600503580, -125.7483706201867619, -1.170822799874905007 ) ) ;
#6493 = DIRECTION ( 'NONE',  ( -1.000000000000000000, 0.000000000000000000, -0.000000000000000000 ) ) ;
#6494 = ORIENTED_EDGE ( 'NONE', *, *, #1152, .T. ) ;
#6495 = CARTESIAN_POINT ( 'NONE',  ( 62.90000000000001279, -145.5699994899999865, 4.500000000000000888 ) ) ;
#6496 = FACE_OUTER_BOUND ( 'NONE', #511, .T. ) ;
#6497 = EDGE_CURVE ( 'NONE', #5974, #6524, #1124, .T. ) ;
#6498 = CARTESIAN_POINT ( 'NONE',  ( 124.5999999999999943, -86.12499974499999666, -1.000000000000000000 ) ) ;
#6499 = CARTESIAN_POINT ( 'NONE',  ( 62.89999999999999858, -62.67999999999999972, 2.500000000000000444 ) ) ;
#6500 = DIRECTION ( 'NONE',  ( 1.000000000000000000, 0.000000000000000000, 0.000000000000000000 ) ) ;
#6501 = CARTESIAN_POINT ( 'NONE',  ( 114.6022228398489773, -147.4366661566785695, 6.370290073166871458 ) ) ;
#6502 = ORIENTED_EDGE ( 'NONE', *, *, #7386, .T. ) ;
#6503 = ORIENTED_EDGE ( 'NONE', *, *, #4812, .F. ) ;
#6504 = CARTESIAN_POINT ( 'NONE',  ( 124.0999999999999943, -62.67999999999999972, -7.000000000000000000 ) ) ;
#6505 = EDGE_CURVE ( 'NONE', #318, #605, #2444, .T. ) ;
#6506 = ORIENTED_EDGE ( 'NONE', *, *, #1979, .F. ) ;
#6507 = CARTESIAN_POINT ( 'NONE',  ( 82.89999986499999807, -153.5699994899999865, 9.460000009999999904 ) ) ;
#6508 = CARTESIAN_POINT ( 'NONE',  ( 124.6206784418538689, -86.85224092336444812, -1.400453812247368868 ) ) ;
#6509 = CARTESIAN_POINT ( 'NONE',  ( 118.6000000000000085, -147.5699994899999865, 12.50000000000000000 ) ) ;
#6510 = EDGE_CURVE ( 'NONE', #1093, #2272, #6795, .T. ) ;
#6511 = ORIENTED_EDGE ( 'NONE', *, *, #4924, .F. ) ;
#6512 = DIRECTION ( 'NONE',  ( 1.000000000000000000, 0.000000000000000000, 0.000000000000000000 ) ) ;
#6513 = CARTESIAN_POINT ( 'NONE',  ( 60.90000000000001279, -147.3699994899999979, 13.50000000000000178 ) ) ;
#6514 = ORIENTED_EDGE ( 'NONE', *, *, #398, .F. ) ;
#6515 = EDGE_LOOP ( 'NONE', ( #7477, #4569, #2347, #823 ) ) ;
#6516 = CARTESIAN_POINT ( 'NONE',  ( 110.1499998649999981, -142.6699994900000092, -6.000000000000000000 ) ) ;
#6517 = DIRECTION ( 'NONE',  ( 1.000000000000000000, 0.000000000000000000, 0.000000000000000000 ) ) ;
#6518 = CARTESIAN_POINT ( 'NONE',  ( 58.29951284160182468, -90.26976113969804771, -2.810389582278047360 ) ) ;
#6519 = CARTESIAN_POINT ( 'NONE',  ( 112.7327980061888582, -149.3699994899999695, 5.457380244235141120 ) ) ;
#6520 = VECTOR ( 'NONE', #1025, 1000.000000000000000 ) ;
#6521 = FACE_OUTER_BOUND ( 'NONE', #6679, .T. ) ;
#6522 = ORIENTED_EDGE ( 'NONE', *, *, #1772, .F. ) ;
#6523 = LINE ( 'NONE', #5411, #6573 ) ;
#6524 = VERTEX_POINT ( 'NONE', #37 ) ;
#6525 = DIRECTION ( 'NONE',  ( 0.000000000000000000, 0.000000000000000000, 1.000000000000000000 ) ) ;
#6526 = AXIS2_PLACEMENT_3D ( 'NONE', #5146, #5363, #4120 ) ;
#6527 = DIRECTION ( 'NONE',  ( 0.000000000000000000, 0.000000000000000000, 1.000000000000000000 ) ) ;
#6528 = AXIS2_PLACEMENT_3D ( 'NONE', #6248, #6853, #2837 ) ;
#6529 = CYLINDRICAL_SURFACE ( 'NONE', #630, 2.000000000000001776 ) ;
#6530 = LINE ( 'NONE', #4183, #2552 ) ;
#6531 = AXIS2_PLACEMENT_3D ( 'NONE', #2740, #1611, #4399 ) ;
#6532 = LINE ( 'NONE', #2944, #7445 ) ;
#6533 = EDGE_CURVE ( 'NONE', #2058, #1591, #6987, .T. ) ;
#6534 = CARTESIAN_POINT ( 'NONE',  ( 115.9622527443161886, -147.4094092170971919, 4.601495551583226096 ) ) ;
#6535 = CIRCLE ( 'NONE', #5198, 2.000000000000001776 ) ;
#6536 = EDGE_CURVE ( 'NONE', #7452, #1392, #3045, .T. ) ;
#6537 = AXIS2_PLACEMENT_3D ( 'NONE', #994, #6139, #6308 ) ;
#6538 = ORIENTED_EDGE ( 'NONE', *, *, #4792, .T. ) ;
#6539 = ORIENTED_EDGE ( 'NONE', *, *, #6381, .F. ) ;
#6540 = CARTESIAN_POINT ( 'NONE',  ( 127.5999999999999943, -86.12499974499999666, -1.000000000000000000 ) ) ;
#6541 = CARTESIAN_POINT ( 'NONE',  ( 64.90000000000003411, -66.68000000000000682, 4.500000000000000888 ) ) ;
#6542 = EDGE_LOOP ( 'NONE', ( #6976, #5182, #2177, #4432 ) ) ;
#6543 = CARTESIAN_POINT ( 'NONE',  ( 124.5999999999999943, -62.67999999999999972, 13.50000000000000178 ) ) ;
#6544 = CARTESIAN_POINT ( 'NONE',  ( 127.3983687545485139, -93.83841265235696483, -4.461309391226037313 ) ) ;
#6545 = AXIS2_PLACEMENT_3D ( 'NONE', #4543, #2952, #3985 ) ;
#6546 = CARTESIAN_POINT ( 'NONE',  ( 116.2500000000000284, -147.5699994899999865, 12.50000000000000000 ) ) ;
#6547 = EDGE_CURVE ( 'NONE', #3076, #7103, #1897, .T. ) ;
#6548 = VECTOR ( 'NONE', #293, 1000.000000000000000 ) ;
#6549 = EDGE_LOOP ( 'NONE', ( #7367, #6427, #574, #6816 ) ) ;
#6550 = VECTOR ( 'NONE', #5655, 1000.000000000000000 ) ;
#6551 = CARTESIAN_POINT ( 'NONE',  ( 75.44999986500000944, -151.0699994899999865, 4.700000000000001954 ) ) ;
#6552 = DIRECTION ( 'NONE',  ( 0.000000000000000000, 0.000000000000000000, 1.000000000000000000 ) ) ;
#6553 = ORIENTED_EDGE ( 'NONE', *, *, #4600, .F. ) ;
#6554 = ORIENTED_EDGE ( 'NONE', *, *, #7264, .T. ) ;
#6555 = PLANE ( 'NONE',  #2038 ) ;
#6556 = CARTESIAN_POINT ( 'NONE',  ( 58.89999999999999147, -91.80499999999997840, 1.860000000000000764 ) ) ;
#6557 = CARTESIAN_POINT ( 'NONE',  ( 56.39875343640169092, -94.16346942288662092, -3.967222081638237974 ) ) ;
#6558 = AXIS2_PLACEMENT_3D ( 'NONE', #3754, #6055, #1932 ) ;
#6559 = DIRECTION ( 'NONE',  ( 1.000000000000000000, 0.000000000000000000, 0.000000000000000000 ) ) ;
#6560 = LINE ( 'NONE', #4954, #5938 ) ;
#6561 = CIRCLE ( 'NONE', #16, 2.000000000000001776 ) ;
#6562 = VERTEX_POINT ( 'NONE', #3500 ) ;
#6563 = DIRECTION ( 'NONE',  ( 1.000000000000000000, 0.000000000000000000, 0.000000000000000000 ) ) ;
#6564 = ORIENTED_EDGE ( 'NONE', *, *, #306, .F. ) ;
#6565 = EDGE_CURVE ( 'NONE', #1966, #4262, #3002, .T. ) ;
#6566 = VECTOR ( 'NONE', #1298, 1000.000000000000000 ) ;
#6567 = DIRECTION ( 'NONE',  ( 1.000000000000000000, 0.000000000000000000, 0.000000000000000000 ) ) ;
#6568 = MECHANICAL_DESIGN_GEOMETRIC_PRESENTATION_REPRESENTATION (  '', ( #3671 ), #5846 ) ;
#6569 = DIRECTION ( 'NONE',  ( 1.000000000000000000, 0.000000000000000000, -0.000000000000000000 ) ) ;
#6570 = CARTESIAN_POINT ( 'NONE',  ( 67.54957524684081704, -149.3699994899999695, 4.564624134597851324 ) ) ;
#6571 =( BOUNDED_SURFACE ( )  B_SPLINE_SURFACE ( 3, 2, ( 
 ( #4132, #607, #6449 ),
 ( #2472, #3072, #2582 ),
 ( #6557, #5374, #4203 ),
 ( #1929, #4170, #6486 ),
 ( #177, #3641, #7051 ),
 ( #1299, #4884, #1893 ),
 ( #99, #4809, #3683 ),
 ( #6518, #4777, #3033 ),
 ( #1861, #796, #251 ),
 ( #719, #4316, #7088 ),
 ( #7163, #5335, #1372 ),
 ( #2008, #2433, #3605 ),
 ( #6595, #4738, #4241 ),
 ( #5907, #758, #1334 ) ),
 .UNSPECIFIED., .F., .F., .F. ) 
 B_SPLINE_SURFACE_WITH_KNOTS ( ( 4, 2, 2, 2, 2, 2, 4 ),
 ( 3, 3 ),
 ( 0.000000000000000000, 0.001285341730795643142, 0.002570683461591286283, 0.005141366923182572567, 0.006426708653978215058, 0.007712050384773858416, 0.01028273384636514513 ),
 ( 0.000000000000000000, 1.000000000000000000 ),
 .UNSPECIFIED. ) 
 GEOMETRIC_REPRESENTATION_ITEM ( )  RATIONAL_B_SPLINE_SURFACE ( (
 ( 1.000000000000000000, 0.7071067811865475727, 1.000000000000000000),
 ( 1.000000000000000000, 0.7290577025033172509, 1.000000000000000000),
 ( 1.000000000000000000, 0.7505785825907546061, 1.000000000000000000),
 ( 1.000000000000000000, 0.7919194839919984075, 1.000000000000000000),
 ( 1.000000000000000000, 0.8118010237546253727, 1.000000000000000000),
 ( 1.000000000000000000, 0.8676773041798815367, 1.000000000000000000),
 ( 1.000000000000000000, 0.8988956252884570119, 1.000000000000000000),
 ( 1.000000000000000000, 0.9367135449037627959, 1.000000000000000000),
 ( 1.000000000000000000, 0.9478460397606677246, 1.000000000000000000),
 ( 1.000000000000000000, 0.9668930349797365542, 1.000000000000000000),
 ( 1.000000000000000000, 0.9747740477494971634, 1.000000000000000000),
 ( 1.000000000000000000, 0.9936768771581857562, 1.000000000000000000),
 ( 1.000000000000000000, 0.9999787447150174646, 1.000000000000000000),
 ( 1.000000000000000000, 1.000000000000000000, 1.000000000000000000) ) ) 
 REPRESENTATION_ITEM ( '' )  SURFACE ( )  );
#6572 = LINE ( 'NONE', #1386, #3802 ) ;
#6573 = VECTOR ( 'NONE', #218, 1000.000000000000000 ) ;
#6574 = CARTESIAN_POINT ( 'NONE',  ( 112.7320401565514345, -149.3699994899999979, 5.460130110485559740 ) ) ;
#6575 = EDGE_CURVE ( 'NONE', #1423, #2265, #5298, .T. ) ;
#6576 = EDGE_CURVE ( 'NONE', #4632, #7473, #7, .T. ) ;
#6577 = ORIENTED_EDGE ( 'NONE', *, *, #1041, .T. ) ;
#6578 = ORIENTED_EDGE ( 'NONE', *, *, #1457, .F. ) ;
#6579 = CARTESIAN_POINT ( 'NONE',  ( 58.89999999999999147, -93.80499999999999261, 5.059999999999987175 ) ) ;
#6580 = EDGE_CURVE ( 'NONE', #3523, #1555, #4741, .T. ) ;
#6581 = ORIENTED_EDGE ( 'NONE', *, *, #2689, .F. ) ;
#6582 = FACE_OUTER_BOUND ( 'NONE', #5103, .T. ) ;
#6583 = CARTESIAN_POINT ( 'NONE',  ( 108.3499998649999867, -149.5699994899999865, 13.50000000000000178 ) ) ;
#6584 = DIRECTION ( 'NONE',  ( -0.7071067811865545671, 8.659560562355019140E-17, 0.7071067811865405783 ) ) ;
#6585 = TOROIDAL_SURFACE ( 'NONE', #4400, 7.500000000000007105, 0.5000000000000000000 ) ;
#6586 = ORIENTED_EDGE ( 'NONE', *, *, #1180, .T. ) ;
#6587 = ORIENTED_EDGE ( 'NONE', *, *, #6797, .T. ) ;
#6588 = DIRECTION ( 'NONE',  ( 0.000000000000000000, 0.000000000000000000, 1.000000000000000000 ) ) ;
#6589 = DIRECTION ( 'NONE',  ( -0.000000000000000000, -0.000000000000000000, -1.000000000000000000 ) ) ;
#6590 = ORIENTED_EDGE ( 'NONE', *, *, #2551, .T. ) ;
#6591 = EDGE_CURVE ( 'NONE', #7310, #6221, #1119, .T. ) ;
#6592 = ORIENTED_EDGE ( 'NONE', *, *, #2652, .F. ) ;
#6593 = CARTESIAN_POINT ( 'NONE',  ( 108.1499998649999839, -151.2699994900000036, 4.300000000000001599 ) ) ;
#6594 = LINE ( 'NONE', #4169, #5589 ) ;
#6595 = CARTESIAN_POINT ( 'NONE',  ( 58.89999999999999147, -86.88751558186403656, -1.345844397846428953 ) ) ;
#6596 = CARTESIAN_POINT ( 'NONE',  ( 116.0817013461072236, -149.3699994900000547, 2.526220107234760537 ) ) ;
#6597 = ADVANCED_FACE ( 'NONE', ( #3537 ), #5803, .T. ) ;
#6598 = DIRECTION ( 'NONE',  ( -0.000000000000000000, 0.000000000000000000, 1.000000000000000000 ) ) ;
#6599 = ORIENTED_EDGE ( 'NONE', *, *, #6780, .F. ) ;
#6600 = ORIENTED_EDGE ( 'NONE', *, *, #4402, .T. ) ;
#6601 = EDGE_CURVE ( 'NONE', #3110, #2317, #5327, .T. ) ;
#6602 = DIRECTION ( 'NONE',  ( -0.000000000000000000, -0.000000000000000000, -1.000000000000000000 ) ) ;
#6603 = EDGE_CURVE ( 'NONE', #3688, #313, #579, .T. ) ;
#6604 = DIRECTION ( 'NONE',  ( -1.000000000000000000, 0.000000000000000000, 0.000000000000000000 ) ) ;
#6605 = CARTESIAN_POINT ( 'NONE',  ( 68.89518021438500739, -149.3699994899999695, 5.963735623695367138 ) ) ;
#6606 = LINE ( 'NONE', #2666, #6838 ) ;
#6607 = CARTESIAN_POINT ( 'NONE',  ( 67.34999999999999432, -74.57500000000000284, 0.000000000000000000 ) ) ;
#6608 = VERTEX_POINT ( 'NONE', #4076 ) ;
#6609 = ORIENTED_EDGE ( 'NONE', *, *, #2817, .T. ) ;
#6610 = CARTESIAN_POINT ( 'NONE',  ( 124.6000000000000085, -126.1249997450001104, -4.000000000000000000 ) ) ;
#6611 = CARTESIAN_POINT ( 'NONE',  ( 46.89999999999991331, -98.62499974499999666, -7.000000000000000000 ) ) ;
#6612 = ORIENTED_EDGE ( 'NONE', *, *, #2185, .F. ) ;
#6613 = EDGE_CURVE ( 'NONE', #7383, #4411, #7404, .T. ) ;
#6614 = CARTESIAN_POINT ( 'NONE',  ( 112.0000000000000000, -74.57500000000000284, 0.000000000000000000 ) ) ;
#6615 = CARTESIAN_POINT ( 'NONE',  ( 118.6000000000000654, -145.5699994900000149, 4.500000000000000888 ) ) ;
#6616 = CARTESIAN_POINT ( 'NONE',  ( 62.90000000000001279, -147.3699994899999979, 4.500000000000000888 ) ) ;
#6617 = ADVANCED_FACE ( 'NONE', ( #1165 ), #2402, .F. ) ;
#6618 = VERTEX_POINT ( 'NONE', #1826 ) ;
#6619 = ORIENTED_EDGE ( 'NONE', *, *, #5413, .T. ) ;
#6620 = CARTESIAN_POINT ( 'NONE',  ( 67.34999999999999432, -74.57500000000000284, -6.000000000000000000 ) ) ;
#6621 = CARTESIAN_POINT ( 'NONE',  ( 46.89999999999991331, -113.6249997450000109, -4.500000000000000888 ) ) ;
#6622 = ORIENTED_EDGE ( 'NONE', *, *, #6289, .T. ) ;
#6623 = EDGE_LOOP ( 'NONE', ( #2001, #1688, #3043, #1815 ) ) ;
#6624 = FACE_OUTER_BOUND ( 'NONE', #2300, .T. ) ;
#6625 = DIRECTION ( 'NONE',  ( -6.938893903907222067E-15, 1.000000000000000000, 0.000000000000000000 ) ) ;
#6626 = DIRECTION ( 'NONE',  ( 1.000000000000000000, -0.000000000000000000, -0.000000000000000000 ) ) ;
#6627 = PLANE ( 'NONE',  #1724 ) ;
#6628 = EDGE_CURVE ( 'NONE', #6618, #3588, #7275, .T. ) ;
#6629 = EDGE_CURVE ( 'NONE', #3793, #1075, #6322, .T. ) ;
#6630 = LINE ( 'NONE', #2585, #2209 ) ;
#6631 = CARTESIAN_POINT ( 'NONE',  ( 67.34999999999999432, -74.57500000000000284, -6.000000000000000000 ) ) ;
#6632 = VERTEX_POINT ( 'NONE', #2476 ) ;
#6633 = CARTESIAN_POINT ( 'NONE',  ( 127.9599999999999937, -94.45268849999078498, -4.500000000000000888 ) ) ;
#6634 = AXIS2_PLACEMENT_3D ( 'NONE', #5481, #7234, #3826 ) ;
#6635 = CARTESIAN_POINT ( 'NONE',  ( 64.90000000000000568, -60.67999999999999972, 12.50000000000000000 ) ) ;
#6636 = AXIS2_PLACEMENT_3D ( 'NONE', #5715, #5143, #2274 ) ;
#6637 = EDGE_CURVE ( 'NONE', #4198, #7413, #4779, .T. ) ;
#6638 = AXIS2_PLACEMENT_3D ( 'NONE', #7002, #6259, #6295 ) ;
#6639 = CARTESIAN_POINT ( 'NONE',  ( 67.89580096578768575, -147.4201211699920293, 4.762756716991499495 ) ) ;
#6640 = CARTESIAN_POINT ( 'NONE',  ( 118.6000000000000085, -64.68000000000000682, 6.500000000000001776 ) ) ;
#6641 = CARTESIAN_POINT ( 'NONE',  ( 116.3481131314163406, -149.3699994899999979, 2.499999998404681900 ) ) ;
#6642 = VERTEX_POINT ( 'NONE', #3107 ) ;
#6643 = EDGE_LOOP ( 'NONE', ( #913, #627, #2644, #5502 ) ) ;
#6644 = AXIS2_PLACEMENT_3D ( 'NONE', #5168, #1703, #518 ) ;
#6645 = CARTESIAN_POINT ( 'NONE',  ( 118.6000000000000085, -64.68000000000000682, 4.500000000000000888 ) ) ;
#6646 = ORIENTED_EDGE ( 'NONE', *, *, #7161, .T. ) ;
#6647 = CARTESIAN_POINT ( 'NONE',  ( 62.90000000000001279, -143.5699994899999865, 4.500000000000000888 ) ) ;
#6648 = AXIS2_PLACEMENT_3D ( 'NONE', #1713, #6333, #1147 ) ;
#6649 = DIRECTION ( 'NONE',  ( 1.000000000000000000, 0.000000000000000000, 0.000000000000000000 ) ) ;
#6650 = VERTEX_POINT ( 'NONE', #2011 ) ;
#6651 = ORIENTED_EDGE ( 'NONE', *, *, #3466, .T. ) ;
#6652 = CARTESIAN_POINT ( 'NONE',  ( 114.6000000000000227, -64.68000000000003524, 4.500000000000000888 ) ) ;
#6653 = DIRECTION ( 'NONE',  ( -0.000000000000000000, -1.000000000000000000, -0.000000000000000000 ) ) ;
#6654 = VERTEX_POINT ( 'NONE', #7166 ) ;
#6655 = ORIENTED_EDGE ( 'NONE', *, *, #5978, .T. ) ;
#6656 = LINE ( 'NONE', #4915, #3009 ) ;
#6657 = DIRECTION ( 'NONE',  ( 1.000000000000000000, 0.000000000000000000, 0.000000000000000000 ) ) ;
#6658 = CARTESIAN_POINT ( 'NONE',  ( 62.89999999999999858, -60.67999999999999972, 2.500000000000000444 ) ) ;
#6659 = CIRCLE ( 'NONE', #3407, 2.350000000000018741 ) ;
#6660 = DIRECTION ( 'NONE',  ( -0.000000000000000000, -0.000000000000000000, -1.000000000000000000 ) ) ;
#6661 = CIRCLE ( 'NONE', #3152, 0.2000000000000057288 ) ;
#6662 = ADVANCED_FACE ( 'NONE', ( #2545 ), #5377, .T. ) ;
#6663 = CARTESIAN_POINT ( 'NONE',  ( 122.5982837505447520, -147.4528369954478535, 12.50000000000000000 ) ) ;
#6664 = PLANE ( 'NONE',  #1019 ) ;
#6665 = EDGE_CURVE ( 'NONE', #455, #2823, #6560, .T. ) ;
#6666 = ORIENTED_EDGE ( 'NONE', *, *, #3264, .T. ) ;
#6667 = AXIS2_PLACEMENT_3D ( 'NONE', #2972, #6454, #6491 ) ;
#6668 = DIRECTION ( 'NONE',  ( 0.000000000000000000, 0.000000000000000000, 1.000000000000000000 ) ) ;
#6669 = DIRECTION ( 'NONE',  ( -0.000000000000000000, -0.000000000000000000, -1.000000000000000000 ) ) ;
#6670 = EDGE_LOOP ( 'NONE', ( #3363, #4273, #439, #4795 ) ) ;
#6671 = VECTOR ( 'NONE', #1037, 1000.000000000000000 ) ;
#6672 = CARTESIAN_POINT ( 'NONE',  ( 114.6000000000000227, -62.67999999999999972, 12.50000000000000000 ) ) ;
#6673 = CARTESIAN_POINT ( 'NONE',  ( 70.89666574159561208, -149.3699994899999979, 6.237870908605782638 ) ) ;
#6674 = EDGE_CURVE ( 'NONE', #1926, #7428, #2653, .T. ) ;
#6675 = LINE ( 'NONE', #3155, #7071 ) ;
#6676 = VECTOR ( 'NONE', #2017, 1000.000000000000000 ) ;
#6677 = CARTESIAN_POINT ( 'NONE',  ( 115.5706683277839488, -149.3699994899999979, 2.627678995130735107 ) ) ;
#6678 = AXIS2_PLACEMENT_3D ( 'NONE', #5807, #4079, #5848 ) ;
#6679 = EDGE_LOOP ( 'NONE', ( #6394, #6577 ) ) ;
#6680 = ORIENTED_EDGE ( 'NONE', *, *, #2158, .F. ) ;
#6681 = CIRCLE ( 'NONE', #5123, 7.500000000000007105 ) ;
#6682 = ADVANCED_FACE ( 'NONE', ( #5446 ), #3651, .T. ) ;
#6683 = PLANE ( 'NONE',  #3158 ) ;
#6684 = TOROIDAL_SURFACE ( 'NONE', #1486, 12.49999999999999645, 0.5000000000000000000 ) ;
#6685 = ORIENTED_EDGE ( 'NONE', *, *, #233, .T. ) ;
#6686 = EDGE_CURVE ( 'NONE', #7310, #4696, #4622, .T. ) ;
#6687 = CARTESIAN_POINT ( 'NONE',  ( 62.90000000000001279, -153.5699994899999865, -6.500000000000002665 ) ) ;
#6688 = CARTESIAN_POINT ( 'NONE',  ( 60.90000000000001279, -147.3699994899999979, 2.500000000000000444 ) ) ;
#6689 = EDGE_CURVE ( 'NONE', #5030, #7428, #7210, .T. ) ;
#6690 = COLOUR_RGB ( '',0.8823529411764705621, 0.8823529411764705621, 0.8823529411764705621 ) ;
#6691 = CARTESIAN_POINT ( 'NONE',  ( 61.89999999999999858, -82.30499999999999261, 1.859999999999999654 ) ) ;
#6692 = EDGE_LOOP ( 'NONE', ( #6042, #3451, #5149, #312 ) ) ;
#6693 = ORIENTED_EDGE ( 'NONE', *, *, #580, .T. ) ;
#6694 = FACE_OUTER_BOUND ( 'NONE', #4733, .T. ) ;
#6695 = VECTOR ( 'NONE', #4768, 1000.000000000000000 ) ;
#6696 = CARTESIAN_POINT ( 'NONE',  ( 74.97419151966632000, -149.3699994899999695, -4.984962311319857342 ) ) ;
#6697 = VERTEX_POINT ( 'NONE', #2084 ) ;
#6698 = CARTESIAN_POINT ( 'NONE',  ( 122.5999999999999801, -62.67999999999999972, -5.000000000000000888 ) ) ;
#6699 = VERTEX_POINT ( 'NONE', #255 ) ;
#6700 = LINE ( 'NONE', #7269, #6150 ) ;
#6701 = VECTOR ( 'NONE', #2608, 1000.000000000000000 ) ;
#6702 = DIRECTION ( 'NONE',  ( 0.000000000000000000, 0.000000000000000000, -1.000000000000000000 ) ) ;
#6703 = FACE_OUTER_BOUND ( 'NONE', #5704, .T. ) ;
#6704 = DIRECTION ( 'NONE',  ( 0.000000000000000000, -1.000000000000000000, 0.000000000000000000 ) ) ;
#6705 = VECTOR ( 'NONE', #6143, 1000.000000000000000 ) ;
#6706 = CARTESIAN_POINT ( 'NONE',  ( 126.9514778063065563, -118.9794926302396902, -3.954828897046792413 ) ) ;
#6707 = DIRECTION ( 'NONE',  ( -0.000000000000000000, -0.000000000000000000, -1.000000000000000000 ) ) ;
#6708 = LINE ( 'NONE', #1521, #2337 ) ;
#6709 = ORIENTED_EDGE ( 'NONE', *, *, #1211, .T. ) ;
#6710 = ADVANCED_FACE ( 'NONE', ( #2046 ), #4319, .T. ) ;
#6711 = CARTESIAN_POINT ( 'NONE',  ( 75.44999986500000944, -150.6699994899999808, 30.00000000000000355 ) ) ;
#6712 = DIRECTION ( 'NONE',  ( 1.000000000000000000, 0.000000000000000000, 0.000000000000000000 ) ) ;
#6713 = EDGE_LOOP ( 'NONE', ( #7480, #3090, #2227, #4832, #2149, #561, #714, #2195, #4340, #2290, #4002, #3329, #2150, #5536, #1246, #2468, #6229, #2954, #6206, #752, #1948, #354 ) ) ;
#6714 = ADVANCED_FACE ( 'NONE', ( #4244 ), #252, .T. ) ;
#6715 = AXIS2_PLACEMENT_3D ( 'NONE', #910, #3872, #1077 ) ;
#6716 = AXIS2_PLACEMENT_3D ( 'NONE', #4742, #3040, #7058 ) ;
#6717 = PLANE ( 'NONE',  #870 ) ;
#6718 = DIRECTION ( 'NONE',  ( -1.387778780781444413E-14, 0.000000000000000000, -1.000000000000000000 ) ) ;
#6719 = DIRECTION ( 'NONE',  ( 0.000000000000000000, 0.000000000000000000, 1.000000000000000000 ) ) ;
#6720 = FACE_OUTER_BOUND ( 'NONE', #7104, .T. ) ;
#6721 = ORIENTED_EDGE ( 'NONE', *, *, #3231, .F. ) ;
#6722 = ORIENTED_EDGE ( 'NONE', *, *, #1362, .F. ) ;
#6723 = EDGE_CURVE ( 'NONE', #6253, #4716, #6630, .T. ) ;
#6724 = CARTESIAN_POINT ( 'NONE',  ( 108.3499998649999867, -152.5699994899999865, 30.00000000000000355 ) ) ;
#6725 = ORIENTED_EDGE ( 'NONE', *, *, #3597, .F. ) ;
#6726 = LINE ( 'NONE', #2027, #3021 ) ;
#6727 = LINE ( 'NONE', #6038, #4596 ) ;
#6728 = DIRECTION ( 'NONE',  ( 1.000000000000000000, 1.597167440357923543E-16, -0.000000000000000000 ) ) ;
#6729 = EDGE_LOOP ( 'NONE', ( #5951, #2535, #3817, #7013 ) ) ;
#6730 = ORIENTED_EDGE ( 'NONE', *, *, #6536, .T. ) ;
#6731 = EDGE_CURVE ( 'NONE', #4615, #6478, #1475, .T. ) ;
#6732 = DIRECTION ( 'NONE',  ( 1.000000000000000000, 0.000000000000000000, -0.000000000000000000 ) ) ;
#6733 = CARTESIAN_POINT ( 'NONE',  ( 58.89999999999999147, -86.12499974499989719, -6.500000000000002665 ) ) ;
#6734 = ORIENTED_EDGE ( 'NONE', *, *, #655, .T. ) ;
#6735 = CARTESIAN_POINT ( 'NONE',  ( 46.75000000000004263, -98.12499974499999666, -6.500000000000000888 ) ) ;
#6736 = ORIENTED_EDGE ( 'NONE', *, *, #3065, .F. ) ;
#6737 = CARTESIAN_POINT ( 'NONE',  ( 46.90000000000001279, -126.1249997450000251, -4.500000000000000888 ) ) ;
#6738 = EDGE_CURVE ( 'NONE', #2679, #6124, #5105, .T. ) ;
#6739 = CARTESIAN_POINT ( 'NONE',  ( 75.64999986500001228, -151.2699994900000036, 4.300000000000001599 ) ) ;
#6740 = DIRECTION ( 'NONE',  ( 1.000000000000000000, 0.000000000000000000, -0.000000000000000000 ) ) ;
#6741 = CARTESIAN_POINT ( 'NONE',  ( 64.90000000000000568, -147.5699994899999865, 12.50000000000000000 ) ) ;
#6742 = VERTEX_POINT ( 'NONE', #6663 ) ;
#6743 = CARTESIAN_POINT ( 'NONE',  ( 127.6703902471600713, -118.0977819055483735, -4.499999993404451892 ) ) ;
#6744 = FACE_OUTER_BOUND ( 'NONE', #2114, .T. ) ;
#6745 = DIRECTION ( 'NONE',  ( -0.000000000000000000, 1.000000000000000000, 0.000000000000000000 ) ) ;
#6746 = ORIENTED_EDGE ( 'NONE', *, *, #676, .T. ) ;
#6747 = LINE ( 'NONE', #5079, #553 ) ;
#6748 = PLANE ( 'NONE',  #7512 ) ;
#6749 = ORIENTED_EDGE ( 'NONE', *, *, #3217, .T. ) ;
#6750 = DIRECTION ( 'NONE',  ( -1.000000000000000000, 0.000000000000000000, 0.000000000000000000 ) ) ;
#6751 = CARTESIAN_POINT ( 'NONE',  ( 127.5999999999999943, -94.79967553144872738, -4.000000000000000000 ) ) ;
#6752 = DIRECTION ( 'NONE',  ( 1.000000000000000000, 0.000000000000000000, 0.000000000000000000 ) ) ;
#6753 = CARTESIAN_POINT ( 'NONE',  ( 62.89999999999999858, -60.67999999999999972, 12.50000000000000000 ) ) ;
#6754 = ORIENTED_EDGE ( 'NONE', *, *, #5808, .T. ) ;
#6755 = ORIENTED_EDGE ( 'NONE', *, *, #2662, .F. ) ;
#6756 = AXIS2_PLACEMENT_3D ( 'NONE', #2642, #5511, #5672 ) ;
#6757 = LINE ( 'NONE', #5626, #1468 ) ;
#6758 = AXIS2_PLACEMENT_3D ( 'NONE', #6972, #2806, #6399 ) ;
#6759 = LINE ( 'NONE', #391, #855 ) ;
#6760 = FILL_AREA_STYLE_COLOUR ( '', #220 ) ;
#6761 = ORIENTED_EDGE ( 'NONE', *, *, #3494, .T. ) ;
#6762 = ORIENTED_EDGE ( 'NONE', *, *, #1408, .F. ) ;
#6763 = CARTESIAN_POINT ( 'NONE',  ( 0.000000000000000000, -151.2699994900000036, 4.500000000000002665 ) ) ;
#6764 = ADVANCED_FACE ( 'NONE', ( #3722 ), #4813, .F. ) ;
#6765 = DIRECTION ( 'NONE',  ( 1.000000000000000000, 0.000000000000000000, 0.000000000000000000 ) ) ;
#6766 = ADVANCED_FACE ( 'NONE', ( #1478 ), #3791, .F. ) ;
#6767 = DIRECTION ( 'NONE',  ( 1.000000000000000000, 0.000000000000000000, 0.000000000000000000 ) ) ;
#6768 = ADVANCED_FACE ( 'NONE', ( #6017, #6521 ), #1338, .T. ) ;
#6769 = AXIS2_PLACEMENT_3D ( 'NONE', #4349, #449, #4389 ) ;
#6770 = ORIENTED_EDGE ( 'NONE', *, *, #4123, .F. ) ;
#6771 = EDGE_LOOP ( 'NONE', ( #1841, #6839, #3447, #5427 ) ) ;
#6772 = DIRECTION ( 'NONE',  ( -1.000000000000000000, 0.000000000000000000, 0.000000000000000000 ) ) ;
#6773 = CARTESIAN_POINT ( 'NONE',  ( 120.5999999999999801, -62.67999999999999972, -7.000000000000000000 ) ) ;
#6774 = ORIENTED_EDGE ( 'NONE', *, *, #6929, .T. ) ;
#6775 = AXIS2_PLACEMENT_3D ( 'NONE', #1537, #2606, #6076 ) ;
#6776 = CARTESIAN_POINT ( 'NONE',  ( 55.83143071678298952, -118.0996711606503453, -4.500000000000001776 ) ) ;
#6777 = ORIENTED_EDGE ( 'NONE', *, *, #6591, .T. ) ;
#6778 = DIRECTION ( 'NONE',  ( -1.000000000000000000, -3.194334880715847085E-16, 0.000000000000000000 ) ) ;
#6779 = CARTESIAN_POINT ( 'NONE',  ( 122.5999999999999801, -76.51859936045403288, -4.999999999999999112 ) ) ;
#6780 = EDGE_CURVE ( 'NONE', #6468, #6618, #763, .T. ) ;
#6781 = DIRECTION ( 'NONE',  ( 0.000000000000000000, -1.000000000000000000, 0.000000000000000000 ) ) ;
#6782 = CARTESIAN_POINT ( 'NONE',  ( 116.3457878048031375, -149.3699994899999979, 2.500000000000000444 ) ) ;
#6783 = ORIENTED_EDGE ( 'NONE', *, *, #224, .F. ) ;
#6784 = DIRECTION ( 'NONE',  ( 1.000000000000000000, 0.000000000000000000, 0.000000000000000000 ) ) ;
#6785 = DIRECTION ( 'NONE',  ( -1.000000000000000000, 0.000000000000000000, 0.000000000000000000 ) ) ;
#6786 = ORIENTED_EDGE ( 'NONE', *, *, #766, .F. ) ;
#6787 = AXIS2_PLACEMENT_3D ( 'NONE', #226, #337, #952 ) ;
#6788 = DIRECTION ( 'NONE',  ( -1.000000000000000000, 0.000000000000000000, 0.000000000000000000 ) ) ;
#6789 = EDGE_CURVE ( 'NONE', #1389, #5860, #494, .T. ) ;
#6790 = AXIS2_PLACEMENT_3D ( 'NONE', #4021, #4115, #6329 ) ;
#6791 = DIRECTION ( 'NONE',  ( 1.000000000000000000, 0.000000000000000000, -0.000000000000000000 ) ) ;
#6792 = VERTEX_POINT ( 'NONE', #7395 ) ;
#6793 = AXIS2_PLACEMENT_3D ( 'NONE', #3008, #4750, #153 ) ;
#6794 = AXIS2_PLACEMENT_3D ( 'NONE', #5877, #5186, #2325 ) ;
#6795 = CIRCLE ( 'NONE', #5336, 0.5000000000000027756 ) ;
#6796 = DIRECTION ( 'NONE',  ( -0.000000000000000000, -0.000000000000000000, -1.000000000000000000 ) ) ;
#6797 = EDGE_CURVE ( 'NONE', #9, #2058, #6061, .T. ) ;
#6798 = CARTESIAN_POINT ( 'NONE',  ( 108.1499998649999981, -142.6699994900000092, -2.000000000000000000 ) ) ;
#6799 = CARTESIAN_POINT ( 'NONE',  ( 82.89999986499999807, -152.9699994900000206, 4.710000010000001680 ) ) ;
#6800 = FACE_OUTER_BOUND ( 'NONE', #6403, .T. ) ;
#6801 = CIRCLE ( 'NONE', #2333, 2.000000000000000000 ) ;
#6802 = VECTOR ( 'NONE', #1531, 1000.000000000000000 ) ;
#6803 = ORIENTED_EDGE ( 'NONE', *, *, #970, .T. ) ;
#6804 = ORIENTED_EDGE ( 'NONE', *, *, #3356, .T. ) ;
#6805 = CARTESIAN_POINT ( 'NONE',  ( 108.3499998649999867, -149.5699994899999865, 2.000000000000001776 ) ) ;
#6806 = DIRECTION ( 'NONE',  ( 0.000000000000000000, 0.000000000000000000, 1.000000000000000000 ) ) ;
#6807 = SURFACE_STYLE_FILL_AREA ( #5094 ) ;
#6808 = ORIENTED_EDGE ( 'NONE', *, *, #671, .T. ) ;
#6809 = VECTOR ( 'NONE', #6604, 1000.000000000000000 ) ;
#6810 = CARTESIAN_POINT ( 'NONE',  ( 106.1499998649999981, -142.6699994900000092, -6.000000000000000000 ) ) ;
#6811 = DIRECTION ( 'NONE',  ( -0.000000000000000000, -0.000000000000000000, -1.000000000000000000 ) ) ;
#6812 = ADVANCED_FACE ( 'NONE', ( #1113 ), #3344, .F. ) ;
#6813 = PLANE ( 'NONE',  #2094 ) ;
#6814 = AXIS2_PLACEMENT_3D ( 'NONE', #4916, #3640, #2541 ) ;
#6815 = ORIENTED_EDGE ( 'NONE', *, *, #2211, .F. ) ;
#6816 = ORIENTED_EDGE ( 'NONE', *, *, #1123, .F. ) ;
#6817 = EDGE_CURVE ( 'NONE', #2154, #2680, #375, .T. ) ;
#6818 = DIRECTION ( 'NONE',  ( 0.000000000000000000, 0.000000000000000000, 1.000000000000000000 ) ) ;
#6819 = DIRECTION ( 'NONE',  ( 0.7071067811865492381, 0.000000000000000000, 0.7071067811865457964 ) ) ;
#6820 = ORIENTED_EDGE ( 'NONE', *, *, #3342, .T. ) ;
#6821 = CIRCLE ( 'NONE', #4985, 2.350000000000018741 ) ;
#6822 = DIRECTION ( 'NONE',  ( 1.000000000000000000, 0.000000000000000000, 0.000000000000000000 ) ) ;
#6823 = ORIENTED_EDGE ( 'NONE', *, *, #175, .T. ) ;
#6824 = LINE ( 'NONE', #3337, #2898 ) ;
#6825 = FACE_OUTER_BOUND ( 'NONE', #4838, .T. ) ;
#6826 = CIRCLE ( 'NONE', #5585, 2.000000000000000000 ) ;
#6827 = DIRECTION ( 'NONE',  ( -0.000000000000000000, -0.000000000000000000, 1.000000000000000000 ) ) ;
#6828 = ORIENTED_EDGE ( 'NONE', *, *, #4819, .T. ) ;
#6829 = AXIS2_PLACEMENT_3D ( 'NONE', #1817, #4729, #4068 ) ;
#6830 = CARTESIAN_POINT ( 'NONE',  ( 126.0250241412183243, -120.3967415115521788, -3.904529578271444645 ) ) ;
#6831 = CARTESIAN_POINT ( 'NONE',  ( 56.15858409796602757, -117.7633192920224019, -4.000000000000000000 ) ) ;
#6832 = AXIS2_PLACEMENT_3D ( 'NONE', #2229, #6811, #2270 ) ;
#6833 = ORIENTED_EDGE ( 'NONE', *, *, #7116, .F. ) ;
#6834 = ORIENTED_EDGE ( 'NONE', *, *, #1608, .T. ) ;
#6835 = DIRECTION ( 'NONE',  ( -0.000000000000000000, -0.000000000000000000, -1.000000000000000000 ) ) ;
#6836 = DIRECTION ( 'NONE',  ( 0.000000000000000000, 0.000000000000000000, -1.000000000000000000 ) ) ;
#6837 = EDGE_CURVE ( 'NONE', #1245, #342, #539, .T. ) ;
#6838 = VECTOR ( 'NONE', #5575, 1000.000000000000000 ) ;
#6839 = ORIENTED_EDGE ( 'NONE', *, *, #5696, .F. ) ;
#6840 = CIRCLE ( 'NONE', #4535, 4.000000000000003553 ) ;
#6841 = EDGE_CURVE ( 'NONE', #3476, #3940, #1520, .T. ) ;
#6842 = DIRECTION ( 'NONE',  ( 1.000000000000000000, 0.000000000000000000, 0.000000000000000000 ) ) ;
#6843 = DIRECTION ( 'NONE',  ( 1.000000000000000000, 1.597167440357923543E-16, -0.000000000000000000 ) ) ;
#6844 = CARTESIAN_POINT ( 'NONE',  ( 114.6000000000000227, -64.68000000000003524, 6.500000000000000888 ) ) ;
#6845 = EDGE_CURVE ( 'NONE', #6011, #5279, #2250, .T. ) ;
#6846 = CARTESIAN_POINT ( 'NONE',  ( 124.6000000000000227, -149.5699994899999865, 13.50000000000000178 ) ) ;
#6847 = CIRCLE ( 'NONE', #7207, 8.000000000000007105 ) ;
#6848 = ORIENTED_EDGE ( 'NONE', *, *, #2286, .F. ) ;
#6849 = ORIENTED_EDGE ( 'NONE', *, *, #2439, .T. ) ;
#6850 = CARTESIAN_POINT ( 'NONE',  ( 75.64999986499999807, -142.6699994900000092, 0.000000000000000000 ) ) ;
#6851 = VERTEX_POINT ( 'NONE', #6226 ) ;
#6852 = ORIENTED_EDGE ( 'NONE', *, *, #1180, .F. ) ;
#6853 = DIRECTION ( 'NONE',  ( 0.000000000000000000, 0.000000000000000000, 1.000000000000000000 ) ) ;
#6854 = CARTESIAN_POINT ( 'NONE',  ( 118.6000000000000085, -147.5699994899999865, 12.50000000000000000 ) ) ;
#6855 = DIRECTION ( 'NONE',  ( 0.000000000000000000, 0.000000000000000000, -1.000000000000000000 ) ) ;
#6856 = ORIENTED_EDGE ( 'NONE', *, *, #6381, .T. ) ;
#6857 = ORIENTED_EDGE ( 'NONE', *, *, #2761, .T. ) ;
#6858 = FACE_OUTER_BOUND ( 'NONE', #2885, .T. ) ;
#6859 = EDGE_CURVE ( 'NONE', #3810, #3459, #7043, .T. ) ;
#6860 = DIRECTION ( 'NONE',  ( -1.000000000000000000, -6.938893903907342762E-15, 0.000000000000000000 ) ) ;
#6861 = ORIENTED_EDGE ( 'NONE', *, *, #5386, .T. ) ;
#6862 = DIRECTION ( 'NONE',  ( 1.000000000000000000, -0.000000000000000000, -0.000000000000000000 ) ) ;
#6863 = LINE ( 'NONE', #6940, #1435 ) ;
#6864 = CARTESIAN_POINT ( 'NONE',  ( 75.24999986500000659, -149.3699994899999979, 1.800000000000001155 ) ) ;
#6865 = DIRECTION ( 'NONE',  ( 0.000000000000000000, 0.000000000000000000, 1.000000000000000000 ) ) ;
#6866 = CARTESIAN_POINT ( 'NONE',  ( 60.89999999999999858, -72.30862963860501225, -5.000000000000000888 ) ) ;
#6867 = VERTEX_POINT ( 'NONE', #4472 ) ;
#6868 = FACE_OUTER_BOUND ( 'NONE', #6670, .T. ) ;
#6869 = CARTESIAN_POINT ( 'NONE',  ( 56.78115650349623422, -119.3033706949069881, -3.891987857107107818 ) ) ;
#6870 = VERTEX_POINT ( 'NONE', #5560 ) ;
#6871 = ORIENTED_EDGE ( 'NONE', *, *, #1241, .T. ) ;
#6872 = ADVANCED_FACE ( 'NONE', ( #3832 ), #5646, .F. ) ;
#6873 = DIRECTION ( 'NONE',  ( 0.000000000000000000, 0.000000000000000000, 1.000000000000000000 ) ) ;
#6874 = ADVANCED_FACE ( 'NONE', ( #5728 ), #3257, .T. ) ;
#6875 = FACE_OUTER_BOUND ( 'NONE', #4101, .T. ) ;
#6876 = ORIENTED_EDGE ( 'NONE', *, *, #2134, .T. ) ;
#6877 = CARTESIAN_POINT ( 'NONE',  ( 140.0000000000000284, -106.1249997449999967, -4.000000000000000000 ) ) ;
#6878 = CARTESIAN_POINT ( 'NONE',  ( 124.6145819123268694, -86.87764373831279840, -1.341367897513596086 ) ) ;
#6879 = FACE_OUTER_BOUND ( 'NONE', #5524, .T. ) ;
#6880 = CARTESIAN_POINT ( 'NONE',  ( 62.89999999999999858, -62.67999999999999972, 13.50000000000000178 ) ) ;
#6881 = EDGE_LOOP ( 'NONE', ( #5017, #6770, #1879, #206 ) ) ;
#6882 = ORIENTED_EDGE ( 'NONE', *, *, #4231, .F. ) ;
#6883 = CARTESIAN_POINT ( 'NONE',  ( 127.5999999999999943, -94.79967553144872738, -4.000000000000000000 ) ) ;
#6884 = ORIENTED_EDGE ( 'NONE', *, *, #559, .T. ) ;
#6885 = VERTEX_POINT ( 'NONE', #7318 ) ;
#6886 = FACE_BOUND ( 'NONE', #7440, .T. ) ;
#6887 = CARTESIAN_POINT ( 'NONE',  ( 122.5999999999999801, -73.79749723044369603, -4.978440390485284084 ) ) ;
#6888 = VECTOR ( 'NONE', #3487, 1000.000000000000114 ) ;
#6889 = EDGE_LOOP ( 'NONE', ( #1738, #4427, #4377, #5132 ) ) ;
#6890 = ORIENTED_EDGE ( 'NONE', *, *, #4484, .T. ) ;
#6891 = CIRCLE ( 'NONE', #3251, 0.1999999999999996503 ) ;
#6892 = DIRECTION ( 'NONE',  ( -0.000000000000000000, -0.000000000000000000, -1.000000000000000000 ) ) ;
#6893 = LINE ( 'NONE', #4619, #6888 ) ;
#6894 = ORIENTED_EDGE ( 'NONE', *, *, #6575, .T. ) ;
#6895 = DIRECTION ( 'NONE',  ( 1.000000000000000000, 0.000000000000000000, 0.000000000000000000 ) ) ;
#6896 = AXIS2_PLACEMENT_3D ( 'NONE', #3822, #4545, #6860 ) ;
#6897 = DIRECTION ( 'NONE',  ( 1.000000000000000000, 0.000000000000000000, 0.000000000000000000 ) ) ;
#6898 = EDGE_CURVE ( 'NONE', #5973, #388, #128, .T. ) ;
#6899 = VECTOR ( 'NONE', #2065, 1000.000000000000000 ) ;
#6900 = SURFACE_STYLE_FILL_AREA ( #5147 ) ;
#6901 = CARTESIAN_POINT ( 'NONE',  ( 116.5999999999999943, -64.68000000000000682, 12.14999999999999325 ) ) ;
#6902 = DIRECTION ( 'NONE',  ( -1.000000000000000000, 0.000000000000000000, 0.000000000000000000 ) ) ;
#6903 = ORIENTED_EDGE ( 'NONE', *, *, #6285, .F. ) ;
#6904 = VECTOR ( 'NONE', #1669, 1000.000000000000000 ) ;
#6905 = CARTESIAN_POINT ( 'NONE',  ( 79.64999986499999807, -142.6699994900000092, 0.000000000000000000 ) ) ;
#6906 = CARTESIAN_POINT ( 'NONE',  ( 57.93328632312118742, -120.8765384305845885, -3.237506646859157566 ) ) ;
#6907 = EDGE_LOOP ( 'NONE', ( #2208, #3638, #1007, #1410 ) ) ;
#6908 = VECTOR ( 'NONE', #3999, 1000.000000000000000 ) ;
#6909 = EDGE_LOOP ( 'NONE', ( #4067, #3310 ) ) ;
#6910 = DIRECTION ( 'NONE',  ( -1.000000000000000000, 0.000000000000000000, 0.000000000000000000 ) ) ;
#6911 = CARTESIAN_POINT ( 'NONE',  ( 70.69197879498612735, -149.3699994900000547, 5.210057573190647773 ) ) ;
#6912 = ADVANCED_FACE ( 'NONE', ( #6744 ), #3391, .T. ) ;
#6913 = ORIENTED_EDGE ( 'NONE', *, *, #4210, .T. ) ;
#6914 = EDGE_CURVE ( 'NONE', #4236, #4715, #6801, .T. ) ;
#6915 = FACE_OUTER_BOUND ( 'NONE', #6185, .T. ) ;
#6916 = DIRECTION ( 'NONE',  ( -1.597167440357923543E-16, 1.000000000000000000, 0.000000000000000000 ) ) ;
#6917 = AXIS2_PLACEMENT_3D ( 'NONE', #1100, #4060, #7463 ) ;
#6918 = FACE_OUTER_BOUND ( 'NONE', #672, .T. ) ;
#6919 = AXIS2_PLACEMENT_3D ( 'NONE', #6219, #6704, #3254 ) ;
#6920 = AXIS2_PLACEMENT_3D ( 'NONE', #658, #6525, #7096 ) ;
#6921 = VERTEX_POINT ( 'NONE', #61 ) ;
#6922 = VECTOR ( 'NONE', #1973, 1000.000000000000000 ) ;
#6923 = DIRECTION ( 'NONE',  ( 0.000000000000000000, 0.000000000000000000, 1.000000000000000000 ) ) ;
#6924 = EDGE_CURVE ( 'NONE', #7219, #4354, #6439, .T. ) ;
#6925 = ORIENTED_EDGE ( 'NONE', *, *, #5493, .T. ) ;
#6926 = CARTESIAN_POINT ( 'NONE',  ( 124.8643089726416235, -123.5936974821643588, -2.375875262878998750 ) ) ;
#6927 = CARTESIAN_POINT ( 'NONE',  ( 120.6000000000000227, -64.68000000000000682, 12.14999999999999325 ) ) ;
#6928 = AXIS2_PLACEMENT_3D ( 'NONE', #3527, #4630, #6946 ) ;
#6929 = EDGE_CURVE ( 'NONE', #2058, #3780, #5220, .T. ) ;
#6930 = ORIENTED_EDGE ( 'NONE', *, *, #3877, .F. ) ;
#6931 = ORIENTED_EDGE ( 'NONE', *, *, #3721, .F. ) ;
#6932 = CARTESIAN_POINT ( 'NONE',  ( 64.90000000000000568, -64.68000000000000682, 12.50000000000000000 ) ) ;
#6933 = VECTOR ( 'NONE', #5494, 1000.000000000000000 ) ;
#6934 = ADVANCED_FACE ( 'NONE', ( #28 ), #4694, .F. ) ;
#6935 = VECTOR ( 'NONE', #6819, 1000.000000000000114 ) ;
#6936 = DIRECTION ( 'NONE',  ( 1.000000000000000000, 0.000000000000000000, 0.000000000000000000 ) ) ;
#6937 = EDGE_CURVE ( 'NONE', #1191, #3237, #1129, .T. ) ;
#6938 = ORIENTED_EDGE ( 'NONE', *, *, #2609, .T. ) ;
#6939 = CARTESIAN_POINT ( 'NONE',  ( 122.5999999999999801, -66.67999999999999261, 2.500000000000000444 ) ) ;
#6940 = CARTESIAN_POINT ( 'NONE',  ( 62.90000000000001279, -143.5699994899999865, 12.50000000000000000 ) ) ;
#6941 = AXIS2_PLACEMENT_3D ( 'NONE', #4989, #2197, #981 ) ;
#6942 = CARTESIAN_POINT ( 'NONE',  ( 62.90000000000001279, -149.5699994899999865, -6.500000000000002665 ) ) ;
#6943 = LINE ( 'NONE', #6437, #1516 ) ;
#6944 = ORIENTED_EDGE ( 'NONE', *, *, #3169, .T. ) ;
#6945 = CARTESIAN_POINT ( 'NONE',  ( 125.2004871583967685, -121.9802383503021304, -2.810389582276401566 ) ) ;
#6946 = DIRECTION ( 'NONE',  ( 1.000000000000000000, 0.000000000000000000, -0.000000000000000000 ) ) ;
#6947 = ORIENTED_EDGE ( 'NONE', *, *, #7226, .T. ) ;
#6948 = ORIENTED_EDGE ( 'NONE', *, *, #4693, .F. ) ;
#6949 = AXIS2_PLACEMENT_3D ( 'NONE', #147, #4207, #2075 ) ;
#6950 = CARTESIAN_POINT ( 'NONE',  ( 46.75000000000004263, -114.1249997450000109, -4.000000000000000000 ) ) ;
#6951 = CARTESIAN_POINT ( 'NONE',  ( 70.87017054189048793, -149.3699994900000547, 5.971534963434788068 ) ) ;
#6952 = EDGE_LOOP ( 'NONE', ( #3125, #2524 ) ) ;
#6953 = CARTESIAN_POINT ( 'NONE',  ( 58.89999999999999147, -62.67999999999999972, -1.000000000000000888 ) ) ;
#6954 = ADVANCED_FACE ( 'NONE', ( #4036 ), #1360, .T. ) ;
#6955 = CARTESIAN_POINT ( 'NONE',  ( 62.89999999999999858, -60.67999999999999972, 13.50000000000000178 ) ) ;
#6956 = CYLINDRICAL_SURFACE ( 'NONE', #6920, 0.2000000000000057288 ) ;
#6957 = EDGE_CURVE ( 'NONE', #782, #2530, #6979, .T. ) ;
#6958 = CARTESIAN_POINT ( 'NONE',  ( 120.6000000000000085, -147.3699994899999979, 12.50000000000000000 ) ) ;
#6959 = VECTOR ( 'NONE', #4786, 1000.000000000000000 ) ;
#6960 = CARTESIAN_POINT ( 'NONE',  ( 124.6707501340385562, -87.62141150890953156, -1.750211480737445147 ) ) ;
#6961 = ORIENTED_EDGE ( 'NONE', *, *, #3694, .T. ) ;
#6962 = CARTESIAN_POINT ( 'NONE',  ( 116.2500000000000284, -147.5699994899999865, 12.50000000000000000 ) ) ;
#6963 = FACE_OUTER_BOUND ( 'NONE', #5591, .T. ) ;
#6964 = AXIS2_PLACEMENT_3D ( 'NONE', #4476, #6668, #3382 ) ;
#6965 = EDGE_CURVE ( 'NONE', #4626, #1990, #3462, .T. ) ;
#6966 = VERTEX_POINT ( 'NONE', #1220 ) ;
#6967 = VERTEX_POINT ( 'NONE', #7509 ) ;
#6968 = CARTESIAN_POINT ( 'NONE',  ( 136.7500000000000284, -106.1249997449999967, -4.000000000000000000 ) ) ;
#6969 = DIRECTION ( 'NONE',  ( -0.000000000000000000, -0.000000000000000000, -1.000000000000000000 ) ) ;
#6970 = ORIENTED_EDGE ( 'NONE', *, *, #7454, .F. ) ;
#6971 = CARTESIAN_POINT ( 'NONE',  ( 116.0000000000000000, -74.57500000000000284, 0.000000000000000000 ) ) ;
#6972 = CARTESIAN_POINT ( 'NONE',  ( 120.5999999999999943, -149.5699994899999865, -6.500000000000002665 ) ) ;
#6973 = LINE ( 'NONE', #7469, #761 ) ;
#6974 = CARTESIAN_POINT ( 'NONE',  ( 114.6022228398493752, -147.4366661566666323, 12.50000000000000000 ) ) ;
#6975 = ADVANCED_FACE ( 'NONE', ( #4095 ), #2320, .T. ) ;
#6976 = ORIENTED_EDGE ( 'NONE', *, *, #6576, .T. ) ;
#6977 = B_SPLINE_CURVE_WITH_KNOTS ( 'NONE', 3,
 ( #5844, #3580, #3004, #5300, #1303, #106, #5911, #3042, #2291, #2155, #4815, #4459, #1340, #6167, #5953, #767, #6776, #3077 ),
 .UNSPECIFIED., .F., .F.,
 ( 4, 2, 2, 2, 2, 2, 2, 2, 4 ),
 ( -2.190971435911433902E-05, 0.0005976288479969313599, 0.001217167410352977194, 0.002456244535065105292, 0.003695321659777233390, 0.004934398784489361922, 0.007412553033913625924, 0.008651630158625753589, 0.009890707283337879518 ),
 .UNSPECIFIED. ) ;
#6978 = DIRECTION ( 'NONE',  ( 1.000000000000000000, 0.000000000000000000, 0.000000000000000000 ) ) ;
#6979 = LINE ( 'NONE', #1156, #2072 ) ;
#6980 = EDGE_CURVE ( 'NONE', #853, #5711, #4127, .T. ) ;
#6981 = ORIENTED_EDGE ( 'NONE', *, *, #3808, .T. ) ;
#6982 = VERTEX_POINT ( 'NONE', #791 ) ;
#6983 = LINE ( 'NONE', #4559, #4854 ) ;
#6984 = CARTESIAN_POINT ( 'NONE',  ( 108.3499998649999867, -150.6699994899999808, 30.00000000000000355 ) ) ;
#6985 = PRODUCT_RELATED_PRODUCT_CATEGORY ( 'part', '', ( #898 ) ) ;
#6986 = ORIENTED_EDGE ( 'NONE', *, *, #2462, .F. ) ;
#6987 = LINE ( 'NONE', #6385, #504 ) ;
#6988 = LINE ( 'NONE', #1796, #7179 ) ;
#6989 = FACE_BOUND ( 'NONE', #2144, .T. ) ;
#6990 = CARTESIAN_POINT ( 'NONE',  ( 118.6000000000000085, -64.68000000000000682, 4.500000000000000888 ) ) ;
#6991 = DIRECTION ( 'NONE',  ( 1.000000000000000000, 0.000000000000000000, -0.000000000000000000 ) ) ;
#6992 = CARTESIAN_POINT ( 'NONE',  ( 120.5999999999999801, -62.67999999999999972, 13.50000000000000178 ) ) ;
#6993 = FACE_OUTER_BOUND ( 'NONE', #1459, .T. ) ;
#6994 = ADVANCED_FACE ( 'NONE', ( #896 ), #2003, .T. ) ;
#6995 = ORIENTED_EDGE ( 'NONE', *, *, #3150, .F. ) ;
#6996 = ORIENTED_EDGE ( 'NONE', *, *, #190, .F. ) ;
#6997 = DIRECTION ( 'NONE',  ( 0.000000000000000000, 0.000000000000000000, 1.000000000000000000 ) ) ;
#6998 = EDGE_CURVE ( 'NONE', #3779, #5023, #4197, .T. ) ;
#6999 = LINE ( 'NONE', #7033, #828 ) ;
#7000 = ORIENTED_EDGE ( 'NONE', *, *, #3965, .T. ) ;
#7001 = DIRECTION ( 'NONE',  ( 0.000000000000000000, -1.000000000000000000, 0.000000000000000000 ) ) ;
#7002 = CARTESIAN_POINT ( 'NONE',  ( 62.90000000000001279, -149.5699994899999865, 13.50000000000000178 ) ) ;
#7003 = DIRECTION ( 'NONE',  ( 1.597167440357923543E-16, -1.000000000000000000, 0.000000000000000000 ) ) ;
#7004 = AXIS2_PLACEMENT_3D ( 'NONE', #7312, #4423, #5599 ) ;
#7005 = DIRECTION ( 'NONE',  ( 0.000000000000000000, 0.000000000000000000, 1.000000000000000000 ) ) ;
#7006 = ORIENTED_EDGE ( 'NONE', *, *, #1912, .T. ) ;
#7007 = CARTESIAN_POINT ( 'NONE',  ( 75.64999986500001228, -152.5699994899999865, 2.000000000000001776 ) ) ;
#7008 = CIRCLE ( 'NONE', #5676, 0.5000000000000004441 ) ;
#7009 = CARTESIAN_POINT ( 'NONE',  ( 58.90000000000000568, -125.3624839080643767, -1.345844397697510519 ) ) ;
#7010 = ORIENTED_EDGE ( 'NONE', *, *, #2786, .F. ) ;
#7011 = AXIS2_PLACEMENT_3D ( 'NONE', #6012, #4201, #6484 ) ;
#7012 = ADVANCED_FACE ( 'NONE', ( #1923 ), #4235, .F. ) ;
#7013 = ORIENTED_EDGE ( 'NONE', *, *, #2517, .T. ) ;
#7014 = CARTESIAN_POINT ( 'NONE',  ( 127.5999999999997101, -117.4503239585515786, -4.500000000000000888 ) ) ;
#7015 = DIRECTION ( 'NONE',  ( -0.000000000000000000, 1.000000000000000000, 0.000000000000000000 ) ) ;
#7016 = ORIENTED_EDGE ( 'NONE', *, *, #4886, .T. ) ;
#7017 = DIRECTION ( 'NONE',  ( 0.000000000000000000, 0.000000000000000000, -1.000000000000000000 ) ) ;
#7018 = CARTESIAN_POINT ( 'NONE',  ( 60.90171624945524087, -147.4528369954472851, 13.50000000000000178 ) ) ;
#7019 = DIRECTION ( 'NONE',  ( -1.000000000000000000, 0.000000000000000000, 0.000000000000000000 ) ) ;
#7020 = EDGE_CURVE ( 'NONE', #7198, #6867, #3135, .T. ) ;
#7021 = VECTOR ( 'NONE', #4833, 1000.000000000000000 ) ;
#7022 = CARTESIAN_POINT ( 'NONE',  ( 68.90000000000000568, -64.68000000000000682, 6.500000000000000888 ) ) ;
#7023 = CARTESIAN_POINT ( 'NONE',  ( 75.64999986500001228, -152.7699994900000036, 2.000000000000001776 ) ) ;
#7024 = EDGE_CURVE ( 'NONE', #5170, #4866, #3098, .T. ) ;
#7025 = FACE_OUTER_BOUND ( 'NONE', #361, .T. ) ;
#7026 = CARTESIAN_POINT ( 'NONE',  ( 60.89999999999999858, -74.57500000000000284, -4.949152420611723890 ) ) ;
#7027 = AXIS2_PLACEMENT_3D ( 'NONE', #6488, #5296, #5735 ) ;
#7028 = AXIS2_PLACEMENT_3D ( 'NONE', #2744, #6843, #462 ) ;
#7029 = EDGE_LOOP ( 'NONE', ( #6200, #5729, #2004, #4500 ) ) ;
#7030 = VERTEX_POINT ( 'NONE', #2575 ) ;
#7031 = CARTESIAN_POINT ( 'NONE',  ( 58.82727567333889596, -124.6232061065040853, -1.678461739479305770 ) ) ;
#7032 = VECTOR ( 'NONE', #6991, 1000.000000000000000 ) ;
#7033 = CARTESIAN_POINT ( 'NONE',  ( 108.1499998649999839, -149.5699994899999865, 2.000000000000001776 ) ) ;
#7034 = ORIENTED_EDGE ( 'NONE', *, *, #3691, .T. ) ;
#7035 = ADVANCED_FACE ( 'NONE', ( #5401 ), #821, .F. ) ;
#7036 = DIRECTION ( 'NONE',  ( 0.000000000000000000, 0.000000000000000000, 1.000000000000000000 ) ) ;
#7037 = AXIS2_PLACEMENT_3D ( 'NONE', #721, #3472, #2894 ) ;
#7038 = CARTESIAN_POINT ( 'NONE',  ( 38.75000000000003553, -106.1249997449999967, -4.500000000000000888 ) ) ;
#7039 = DIRECTION ( 'NONE',  ( 0.000000000000000000, -0.000000000000000000, 1.000000000000000000 ) ) ;
#7040 = DIRECTION ( 'NONE',  ( 1.000000000000000000, 0.000000000000000000, 0.000000000000000000 ) ) ;
#7041 = EDGE_CURVE ( 'NONE', #6468, #1131, #745, .T. ) ;
#7042 = ORIENTED_EDGE ( 'NONE', *, *, #3438, .T. ) ;
#7043 = CIRCLE ( 'NONE', #2683, 4.000000000000003553 ) ;
#7044 = CARTESIAN_POINT ( 'NONE',  ( 64.99999999999997158, -74.57500000000000284, 0.000000000000000000 ) ) ;
#7045 = DIRECTION ( 'NONE',  ( 0.000000000000000000, 0.000000000000000000, 1.000000000000000000 ) ) ;
#7046 = EDGE_LOOP ( 'NONE', ( #7441, #2711, #5981, #3350 ) ) ;
#7047 = ORIENTED_EDGE ( 'NONE', *, *, #186, .F. ) ;
#7048 = LINE ( 'NONE', #4774, #4464 ) ;
#7049 = CIRCLE ( 'NONE', #3908, 0.5000000000000004441 ) ;
#7050 = CARTESIAN_POINT ( 'NONE',  ( 116.0899965091334991, -147.4045652148427052, 4.563198434368298528 ) ) ;
#7051 = CARTESIAN_POINT ( 'NONE',  ( 56.83281480062941426, -92.87036514185678016, -4.240166825979097887 ) ) ;
#7052 = AXIS2_PLACEMENT_3D ( 'NONE', #5984, #3105, #5406 ) ;
#7053 = CARTESIAN_POINT ( 'NONE',  ( 59.39999999999999147, -62.67999999999999972, -7.000000000000000000 ) ) ;
#7054 = EDGE_CURVE ( 'NONE', #515, #780, #5946, .T. ) ;
#7055 = AXIS2_PLACEMENT_3D ( 'NONE', #5334, #6014, #825 ) ;
#7056 = DIRECTION ( 'NONE',  ( 0.000000000000000000, 0.000000000000000000, 1.000000000000000000 ) ) ;
#7057 = CIRCLE ( 'NONE', #145, 2.000000000000001776 ) ;
#7058 = DIRECTION ( 'NONE',  ( 1.000000000000000000, 0.000000000000000000, -0.000000000000000000 ) ) ;
#7059 = CARTESIAN_POINT ( 'NONE',  ( 46.75000000000004263, -113.6249997450000109, -4.500000000000000888 ) ) ;
#7060 = VECTOR ( 'NONE', #3414, 1000.000000000000000 ) ;
#7061 = CARTESIAN_POINT ( 'NONE',  ( 136.6000000000000796, -114.1249997450000109, -4.500000000000000888 ) ) ;
#7062 = DIRECTION ( 'NONE',  ( -1.473410284247893071E-32, 1.826024711554540076E-16, 1.000000000000000000 ) ) ;
#7063 = EDGE_CURVE ( 'NONE', #5278, #7252, #4254, .T. ) ;
#7064 = VECTOR ( 'NONE', #1888, 1000.000000000000000 ) ;
#7065 = CARTESIAN_POINT ( 'NONE',  ( 124.6661450479389259, -87.58171093536719809, -1.803053144591734380 ) ) ;
#7066 = AXIS2_PLACEMENT_3D ( 'NONE', #4752, #7069, #5857 ) ;
#7067 = CARTESIAN_POINT ( 'NONE',  ( 70.90000000000000568, -60.67999999999999972, 12.50000000000000000 ) ) ;
#7068 = EDGE_CURVE ( 'NONE', #1099, #217, #5478, .T. ) ;
#7069 = DIRECTION ( 'NONE',  ( 1.000000000000000000, 0.000000000000000000, -0.000000000000000000 ) ) ;
#7070 = DIRECTION ( 'NONE',  ( 1.000000000000000000, 0.000000000000000000, 0.000000000000000000 ) ) ;
#7071 = VECTOR ( 'NONE', #4364, 1000.000000000000000 ) ;
#7072 = ORIENTED_EDGE ( 'NONE', *, *, #6404, .F. ) ;
#7073 = EDGE_LOOP ( 'NONE', ( #5634, #1341, #7006, #1067, #3160, #4009, #3249, #1620, #454, #3236 ) ) ;
#7074 = CARTESIAN_POINT ( 'NONE',  ( 60.39999999999999858, -149.3699994899999979, 13.50000000000000178 ) ) ;
#7075 = DIRECTION ( 'NONE',  ( -0.000000000000000000, -0.000000000000000000, -1.000000000000000000 ) ) ;
#7076 = EDGE_LOOP ( 'NONE', ( #5870, #2069, #1189, #2576 ) ) ;
#7077 = DIRECTION ( 'NONE',  ( -1.000000000000000000, -1.597167440357923543E-16, 0.000000000000000000 ) ) ;
#7078 = CARTESIAN_POINT ( 'NONE',  ( 124.5999999999999943, -86.12499974499991140, -6.500000000000000888 ) ) ;
#7079 = CARTESIAN_POINT ( 'NONE',  ( 64.90000000000000568, -64.68000000000000682, 6.500000000000000888 ) ) ;
#7080 = ORIENTED_EDGE ( 'NONE', *, *, #1376, .T. ) ;
#7081 = AXIS2_PLACEMENT_3D ( 'NONE', #993, #4355, #3796 ) ;
#7082 = CARTESIAN_POINT ( 'NONE',  ( 59.40000000000000568, -149.5699994899999865, -7.000000000000000000 ) ) ;
#7083 = DIRECTION ( 'NONE',  ( 0.000000000000000000, 0.000000000000000000, -1.000000000000000000 ) ) ;
#7084 = ORIENTED_EDGE ( 'NONE', *, *, #2485, .F. ) ;
#7085 = EDGE_LOOP ( 'NONE', ( #242, #6001, #4454 ) ) ;
#7086 = DIRECTION ( 'NONE',  ( 0.000000000000000000, 1.000000000000000000, 0.000000000000000000 ) ) ;
#7087 = CARTESIAN_POINT ( 'NONE',  ( 64.90000000000000568, -64.68000000000000682, 12.14999999999998082 ) ) ;
#7088 = CARTESIAN_POINT ( 'NONE',  ( 58.55037019676608168, -89.02483352254328963, -2.568928099711046631 ) ) ;
#7089 = DIRECTION ( 'NONE',  ( 0.000000000000000000, 0.000000000000000000, 1.000000000000000000 ) ) ;
#7090 = DIRECTION ( 'NONE',  ( 1.000000000000000000, 0.000000000000000000, -0.000000000000000000 ) ) ;
#7091 = CARTESIAN_POINT ( 'NONE',  ( 124.6000000000000085, -126.1249997450001104, -1.000000000000000000 ) ) ;
#7092 = EDGE_CURVE ( 'NONE', #3095, #2832, #3713, .T. ) ;
#7093 = FACE_OUTER_BOUND ( 'NONE', #668, .T. ) ;
#7094 = ORIENTED_EDGE ( 'NONE', *, *, #2257, .F. ) ;
#7095 = ADVANCED_FACE ( 'NONE', ( #2614 ), #3175, .F. ) ;
#7096 = DIRECTION ( 'NONE',  ( 1.000000000000000000, 0.000000000000000000, 0.000000000000000000 ) ) ;
#7097 = CARTESIAN_POINT ( 'NONE',  ( 136.7500000000000284, -113.6249997450000109, -4.000000000000000000 ) ) ;
#7098 = CARTESIAN_POINT ( 'NONE',  ( 124.5999999999999943, -86.85700762054366919, -1.403481091748839615 ) ) ;
#7099 = DIRECTION ( 'NONE',  ( 1.000000000000000000, 1.982541115402063335E-15, 0.000000000000000000 ) ) ;
#7100 = EDGE_CURVE ( 'NONE', #1428, #4117, #5369, .T. ) ;
#7101 = CARTESIAN_POINT ( 'NONE',  ( 67.34999999999999432, -74.57500000000000284, -0.3500000000000152434 ) ) ;
#7102 = CARTESIAN_POINT ( 'NONE',  ( 58.30990358751643043, -90.23493484158531430, -2.796439545369261648 ) ) ;
#7103 = VERTEX_POINT ( 'NONE', #7201 ) ;
#7104 = EDGE_LOOP ( 'NONE', ( #5158, #4396, #986, #2611 ) ) ;
#7105 = CARTESIAN_POINT ( 'NONE',  ( 120.5999999999999801, -62.67999999999999972, 13.50000000000000178 ) ) ;
#7106 =( NAMED_UNIT ( * ) SI_UNIT ( $, .STERADIAN. ) SOLID_ANGLE_UNIT ( ) );
#7107 = ORIENTED_EDGE ( 'NONE', *, *, #5420, .F. ) ;
#7108 = DIRECTION ( 'NONE',  ( 1.000000000000000000, 0.000000000000000000, 0.000000000000000000 ) ) ;
#7109 = CARTESIAN_POINT ( 'NONE',  ( 125.2686765494380978, -90.09290400705741320, -3.106740592425125236 ) ) ;
#7110 = APPLICATION_CONTEXT ( 'automotive_design' ) ;
#7111 = DIRECTION ( 'NONE',  ( -1.000000000000000000, 0.000000000000000000, 0.000000000000000000 ) ) ;
#7112 = ORIENTED_EDGE ( 'NONE', *, *, #2884, .F. ) ;
#7113 = DIRECTION ( 'NONE',  ( 0.000000000000000000, 0.000000000000000000, 1.000000000000000000 ) ) ;
#7114 = LINE ( 'NONE', #6163, #6935 ) ;
#7115 = ORIENTED_EDGE ( 'NONE', *, *, #4922, .T. ) ;
#7116 = EDGE_CURVE ( 'NONE', #5973, #2479, #286, .T. ) ;
#7117 = ORIENTED_EDGE ( 'NONE', *, *, #4460, .F. ) ;
#7118 = DIRECTION ( 'NONE',  ( -1.000000000000000000, 0.000000000000000000, 0.000000000000000000 ) ) ;
#7119 = CARTESIAN_POINT ( 'NONE',  ( 60.39999999999999858, -149.3699994899999979, 12.50000000000000000 ) ) ;
#7120 = FACE_OUTER_BOUND ( 'NONE', #4541, .T. ) ;
#7121 = CARTESIAN_POINT ( 'NONE',  ( 62.90000000000001279, -149.3699994899999979, -5.000000000000000000 ) ) ;
#7122 = AXIS2_PLACEMENT_3D ( 'NONE', #6431, #52, #6936 ) ;
#7123 = VECTOR ( 'NONE', #6088, 1000.000000000000000 ) ;
#7124 = DIRECTION ( 'NONE',  ( -1.000000000000000000, 0.000000000000000000, 0.000000000000000000 ) ) ;
#7125 = ORIENTED_EDGE ( 'NONE', *, *, #1408, .T. ) ;
#7126 = DIRECTION ( 'NONE',  ( -0.000000000000000000, -0.000000000000000000, -1.000000000000000000 ) ) ;
#7127 = ORIENTED_EDGE ( 'NONE', *, *, #2346, .F. ) ;
#7128 = FACE_OUTER_BOUND ( 'NONE', #4083, .T. ) ;
#7129 = EDGE_CURVE ( 'NONE', #53, #5664, #1733, .T. ) ;
#7130 = EDGE_CURVE ( 'NONE', #5381, #5139, #381, .T. ) ;
#7131 = DIRECTION ( 'NONE',  ( 6.938893903907222067E-15, -1.000000000000000000, 0.000000000000000000 ) ) ;
#7132 = AXIS2_PLACEMENT_3D ( 'NONE', #1033, #3907, #6091 ) ;
#7133 = AXIS2_PLACEMENT_3D ( 'NONE', #3006, #6355, #2295 ) ;
#7134 = ADVANCED_FACE ( 'NONE', ( #3067 ), #4976, .T. ) ;
#7135 = CIRCLE ( 'NONE', #3873, 12.49999999999999645 ) ;
#7136 = LINE ( 'NONE', #1384, #6676 ) ;
#7137 = CARTESIAN_POINT ( 'NONE',  ( 67.80057876153983898, -149.3699994899999979, 4.659880688138815508 ) ) ;
#7138 = DIRECTION ( 'NONE',  ( 1.000000000000000000, 0.000000000000000000, 0.000000000000000000 ) ) ;
#7139 = CARTESIAN_POINT ( 'NONE',  ( 115.3208462363181042, -149.3699994899999979, 2.702991102129201462 ) ) ;
#7140 = ORIENTED_EDGE ( 'NONE', *, *, #6406, .T. ) ;
#7141 = ORIENTED_EDGE ( 'NONE', *, *, #3848, .T. ) ;
#7142 = EDGE_CURVE ( 'NONE', #4875, #3741, #7114, .T. ) ;
#7143 = CARTESIAN_POINT ( 'NONE',  ( 136.5999999999999943, -98.62499974499999666, -4.500000000000000888 ) ) ;
#7144 = DIRECTION ( 'NONE',  ( 0.000000000000000000, 0.000000000000000000, -1.000000000000000000 ) ) ;
#7145 = ORIENTED_EDGE ( 'NONE', *, *, #5600, .F. ) ;
#7146 = CARTESIAN_POINT ( 'NONE',  ( 116.6000000000000227, -64.68000000000003524, 4.500000000000000888 ) ) ;
#7147 = CARTESIAN_POINT ( 'NONE',  ( 67.34999999999999432, -74.57500000000000284, 0.000000000000000000 ) ) ;
#7148 = AXIS2_PLACEMENT_3D ( 'NONE', #1467, #895, #6772 ) ;
#7149 = DIRECTION ( 'NONE',  ( 1.000000000000000000, 0.000000000000000000, 0.000000000000000000 ) ) ;
#7150 = EDGE_CURVE ( 'NONE', #4225, #6870, #4039, .T. ) ;
#7151 = CIRCLE ( 'NONE', #3039, 2.000000000000001776 ) ;
#7152 = ORIENTED_EDGE ( 'NONE', *, *, #6362, .F. ) ;
#7153 = ORIENTED_EDGE ( 'NONE', *, *, #838, .F. ) ;
#7154 = EDGE_CURVE ( 'NONE', #284, #1099, #4337, .T. ) ;
#7155 = LINE ( 'NONE', #5435, #6695 ) ;
#7156 = VECTOR ( 'NONE', #4972, 1000.000000000000000 ) ;
#7157 = DIRECTION ( 'NONE',  ( -1.000000000000000000, -1.387778780781444256E-14, 0.000000000000000000 ) ) ;
#7158 = ORIENTED_EDGE ( 'NONE', *, *, #1053, .F. ) ;
#7159 = EDGE_LOOP ( 'NONE', ( #6693, #854, #7436, #197 ) ) ;
#7160 = CARTESIAN_POINT ( 'NONE',  ( 58.89999999999999147, -86.30607123240230294, -1.099806194067946441 ) ) ;
#7161 = EDGE_CURVE ( 'NONE', #4225, #6147, #7265, .T. ) ;
#7162 = DIRECTION ( 'NONE',  ( 0.000000000000000000, 0.000000000000000000, 1.000000000000000000 ) ) ;
#7163 = CARTESIAN_POINT ( 'NONE',  ( 58.66244681049538201, -88.77037524211588959, -2.183056401210734521 ) ) ;
#7164 = VECTOR ( 'NONE', #4343, 1000.000000000000000 ) ;
#7165 = CARTESIAN_POINT ( 'NONE',  ( 114.1686328907761379, -149.3699994899999979, 3.316599017633810487 ) ) ;
#7166 = CARTESIAN_POINT ( 'NONE',  ( 46.75000000000004263, -113.6249997450000109, -4.000000000000000000 ) ) ;
#7167 = AXIS2_PLACEMENT_3D ( 'NONE', #991, #3869, #6056 ) ;
#7168 = DIRECTION ( 'NONE',  ( 1.000000000000000000, 0.000000000000000000, 0.000000000000000000 ) ) ;
#7169 = AXIS2_PLACEMENT_3D ( 'NONE', #1482, #2776, #6099 ) ;
#7170 = ORIENTED_EDGE ( 'NONE', *, *, #4178, .T. ) ;
#7171 = CIRCLE ( 'NONE', #7055, 4.000000000000003553 ) ;
#7172 = CARTESIAN_POINT ( 'NONE',  ( 116.0000000000000000, -74.57500000000000284, 0.000000000000000000 ) ) ;
#7173 = EDGE_CURVE ( 'NONE', #1555, #6253, #946, .T. ) ;
#7174 = AXIS2_PLACEMENT_3D ( 'NONE', #6436, #6297, #1107 ) ;
#7175 = CARTESIAN_POINT ( 'NONE',  ( 108.3499998649999867, -151.2699994900000036, 4.700000000000001954 ) ) ;
#7176 = DIRECTION ( 'NONE',  ( 0.000000000000000000, -1.000000000000000000, 0.000000000000000000 ) ) ;
#7177 = ADVANCED_FACE ( 'NONE', ( #5546 ), #3901, .T. ) ;
#7178 = FACE_OUTER_BOUND ( 'NONE', #929, .T. ) ;
#7179 = VECTOR ( 'NONE', #3539, 1000.000000000000000 ) ;
#7180 = CIRCLE ( 'NONE', #646, 4.750000000000000888 ) ;
#7181 = FACE_OUTER_BOUND ( 'NONE', #1887, .T. ) ;
#7182 = AXIS2_PLACEMENT_3D ( 'NONE', #2691, #1551, #5033 ) ;
#7183 = AXIS2_PLACEMENT_3D ( 'NONE', #6134, #3911, #3994 ) ;
#7184 = ORIENTED_EDGE ( 'NONE', *, *, #3893, .T. ) ;
#7185 = ORIENTED_EDGE ( 'NONE', *, *, #6547, .F. ) ;
#7186 = AXIS2_PLACEMENT_3D ( 'NONE', #5609, #417, #5038 ) ;
#7187 = AXIS2_PLACEMENT_3D ( 'NONE', #695, #3616, #6500 ) ;
#7188 = CARTESIAN_POINT ( 'NONE',  ( 58.30990039835983652, -122.0150540327957032, -2.796443788079822301 ) ) ;
#7189 = DIRECTION ( 'NONE',  ( -0.000000000000000000, -0.000000000000000000, 1.000000000000000000 ) ) ;
#7190 = ORIENTED_EDGE ( 'NONE', *, *, #7142, .T. ) ;
#7191 = CARTESIAN_POINT ( 'NONE',  ( 105.6499998649999981, -148.5699994899999865, 9.460000009999998127 ) ) ;
#7192 = EDGE_CURVE ( 'NONE', #2021, #1455, #7246, .T. ) ;
#7193 = FACE_OUTER_BOUND ( 'NONE', #5691, .T. ) ;
#7194 = EDGE_CURVE ( 'NONE', #4912, #5644, #3567, .T. ) ;
#7195 = LINE ( 'NONE', #4159, #5470 ) ;
#7196 = CIRCLE ( 'NONE', #4887, 4.000000000000003553 ) ;
#7197 = ORIENTED_EDGE ( 'NONE', *, *, #129, .F. ) ;
#7198 = VERTEX_POINT ( 'NONE', #1590 ) ;
#7199 = CARTESIAN_POINT ( 'NONE',  ( 62.89999999999999858, -62.67999999999999972, -5.000000000000000888 ) ) ;
#7200 = CIRCLE ( 'NONE', #1649, 0.2000000000000057288 ) ;
#7201 = CARTESIAN_POINT ( 'NONE',  ( 124.6000000000000085, -126.1249997450001104, -6.500000000000002665 ) ) ;
#7202 = ORIENTED_EDGE ( 'NONE', *, *, #850, .T. ) ;
#7203 = ORIENTED_EDGE ( 'NONE', *, *, #894, .F. ) ;
#7204 = CYLINDRICAL_SURFACE ( 'NONE', #7011, 0.5000000000000004441 ) ;
#7205 = DIRECTION ( 'NONE',  ( 0.000000000000000000, 0.000000000000000000, -1.000000000000000000 ) ) ;
#7206 = CARTESIAN_POINT ( 'NONE',  ( 106.1499998649999981, -142.6699994900000092, -0.3500000000000152434 ) ) ;
#7207 = AXIS2_PLACEMENT_3D ( 'NONE', #1034, #3299, #4467 ) ;
#7208 = CARTESIAN_POINT ( 'NONE',  ( 112.6297943204442049, -149.3699994899999979, 5.971285473015809586 ) ) ;
#7209 = EDGE_CURVE ( 'NONE', #4933, #1115, #2293, .T. ) ;
#7210 = LINE ( 'NONE', #4289, #2327 ) ;
#7211 = DIRECTION ( 'NONE',  ( -0.000000000000000000, -0.000000000000000000, -1.000000000000000000 ) ) ;
#7212 = EDGE_LOOP ( 'NONE', ( #1464, #5266, #305, #2281 ) ) ;
#7213 = CARTESIAN_POINT ( 'NONE',  ( 108.1499998649999839, -151.6699994900000092, 4.300000000000001599 ) ) ;
#7214 = DIRECTION ( 'NONE',  ( 0.000000000000000000, 0.000000000000000000, -1.000000000000000000 ) ) ;
#7215 = CARTESIAN_POINT ( 'NONE',  ( 70.69228801793481409, -149.3699994899999979, 5.210931014820547880 ) ) ;
#7216 = DIRECTION ( 'NONE',  ( -1.000000000000000000, 0.000000000000000000, 0.000000000000000000 ) ) ;
#7217 = DIRECTION ( 'NONE',  ( 1.000000000000000000, 0.000000000000000000, 0.000000000000000000 ) ) ;
#7218 = ORIENTED_EDGE ( 'NONE', *, *, #3619, .F. ) ;
#7219 = VERTEX_POINT ( 'NONE', #3986 ) ;
#7220 = DIRECTION ( 'NONE',  ( 1.000000000000000000, 0.000000000000000000, 0.000000000000000000 ) ) ;
#7221 = CARTESIAN_POINT ( 'NONE',  ( 70.90000000000000568, -62.67999999999999972, 12.50000000000000000 ) ) ;
#7222 = VERTEX_POINT ( 'NONE', #5594 ) ;
#7223 = DIRECTION ( 'NONE',  ( -0.000000000000000000, -0.000000000000000000, -1.000000000000000000 ) ) ;
#7224 = CARTESIAN_POINT ( 'NONE',  ( 64.90000000000000568, -64.68000000000000682, 6.500000000000001776 ) ) ;
#7225 = CARTESIAN_POINT ( 'NONE',  ( 133.5000000000000284, -106.1249997449999967, -4.000000000000000000 ) ) ;
#7226 = EDGE_CURVE ( 'NONE', #158, #4262, #3505, .T. ) ;
#7227 = ORIENTED_EDGE ( 'NONE', *, *, #4770, .F. ) ;
#7228 = ORIENTED_EDGE ( 'NONE', *, *, #171, .T. ) ;
#7229 = ADVANCED_FACE ( 'NONE', ( #5106 ), #1089, .F. ) ;
#7230 = CYLINDRICAL_SURFACE ( 'NONE', #4646, 2.000000000000001776 ) ;
#7231 = DIRECTION ( 'NONE',  ( -1.000000000000000000, 0.000000000000000000, 0.000000000000000000 ) ) ;
#7232 = ORIENTED_EDGE ( 'NONE', *, *, #466, .F. ) ;
#7233 = EDGE_LOOP ( 'NONE', ( #495, #846 ) ) ;
#7234 = DIRECTION ( 'NONE',  ( -1.000000000000000000, 0.000000000000000000, 0.000000000000000000 ) ) ;
#7235 = CYLINDRICAL_SURFACE ( 'NONE', #7287, 0.5000000000000004441 ) ;
#7236 = LINE ( 'NONE', #6658, #649 ) ;
#7237 = CARTESIAN_POINT ( 'NONE',  ( 64.90000000000003411, -68.68000000000000682, 6.500000000000000888 ) ) ;
#7238 = ADVANCED_FACE ( 'NONE', ( #5064 ), #2117, .T. ) ;
#7239 = DIRECTION ( 'NONE',  ( -3.194334880715847085E-16, 1.000000000000000000, 0.000000000000000000 ) ) ;
#7240 = CARTESIAN_POINT ( 'NONE',  ( 105.6499998649999981, -153.5699994899999865, 9.460000009999998127 ) ) ;
#7241 = ORIENTED_EDGE ( 'NONE', *, *, #4022, .T. ) ;
#7242 = DIRECTION ( 'NONE',  ( -0.000000000000000000, -0.000000000000000000, -1.000000000000000000 ) ) ;
#7243 = AXIS2_PLACEMENT_3D ( 'NONE', #6047, #2037, #862 ) ;
#7244 = EDGE_CURVE ( 'NONE', #4912, #1056, #1675, .T. ) ;
#7245 = CARTESIAN_POINT ( 'NONE',  ( 64.90000000000003411, -143.5699994899999865, 6.500000000000000888 ) ) ;
#7246 = CIRCLE ( 'NONE', #6407, 3.000000000000000000 ) ;
#7247 = CIRCLE ( 'NONE', #1925, 4.000000000000017764 ) ;
#7248 = CARTESIAN_POINT ( 'NONE',  ( 68.89777716015191800, -147.4366661567040353, 6.368935454337730562 ) ) ;
#7249 = CARTESIAN_POINT ( 'NONE',  ( 75.64999986500001228, -152.9699994900000206, 4.510000010000000614 ) ) ;
#7250 = CARTESIAN_POINT ( 'NONE',  ( 120.5999999999999943, -113.6249997450000109, -7.000000000000000000 ) ) ;
#7251 = AXIS2_PLACEMENT_3D ( 'NONE', #3123, #7075, #5466 ) ;
#7252 = VERTEX_POINT ( 'NONE', #443 ) ;
#7253 = ORIENTED_EDGE ( 'NONE', *, *, #1592, .F. ) ;
#7254 = AXIS2_PLACEMENT_3D ( 'NONE', #10, #4449, #3547 ) ;
#7255 = CARTESIAN_POINT ( 'NONE',  ( 62.89999999999999858, -62.67999999999999972, 13.50000000000000178 ) ) ;
#7256 = ORIENTED_EDGE ( 'NONE', *, *, #6358, .F. ) ;
#7257 = DIRECTION ( 'NONE',  ( -0.000000000000000000, -0.000000000000000000, -1.000000000000000000 ) ) ;
#7258 = CARTESIAN_POINT ( 'NONE',  ( 120.5999999999999801, -58.67999999999999261, -6.500000000000002665 ) ) ;
#7259 = VECTOR ( 'NONE', #5283, 1000.000000000000000 ) ;
#7260 = DIRECTION ( 'NONE',  ( 1.000000000000000000, 0.000000000000000000, 0.000000000000000000 ) ) ;
#7261 = ORIENTED_EDGE ( 'NONE', *, *, #6063, .F. ) ;
#7262 = ORIENTED_EDGE ( 'NONE', *, *, #6241, .T. ) ;
#7263 = LINE ( 'NONE', #2725, #4361 ) ;
#7264 = EDGE_CURVE ( 'NONE', #2477, #4225, #6294, .T. ) ;
#7265 = LINE ( 'NONE', #3951, #6520 ) ;
#7266 = ORIENTED_EDGE ( 'NONE', *, *, #2817, .F. ) ;
#7267 = DIRECTION ( 'NONE',  ( 1.000000000000000000, 0.000000000000000000, -0.000000000000000000 ) ) ;
#7268 = ORIENTED_EDGE ( 'NONE', *, *, #1138, .F. ) ;
#7269 = CARTESIAN_POINT ( 'NONE',  ( 75.44999986500000944, -150.6699994899999808, 2.000000000000001776 ) ) ;
#7270 = ADVANCED_FACE ( 'NONE', ( #7382 ), #2684, .F. ) ;
#7271 = DIRECTION ( 'NONE',  ( 1.000000000000000000, 0.000000000000000000, 0.000000000000000000 ) ) ;
#7272 = CARTESIAN_POINT ( 'NONE',  ( 120.6000000000000085, -141.5699994899999865, 12.50000000000000000 ) ) ;
#7273 = VECTOR ( 'NONE', #4885, 1000.000000000000000 ) ;
#7274 = DIRECTION ( 'NONE',  ( 0.7071067811865545671, 0.000000000000000000, 0.7071067811865405783 ) ) ;
#7275 = CIRCLE ( 'NONE', #7037, 12.00000000000000355 ) ;
#7276 = CARTESIAN_POINT ( 'NONE',  ( 127.6991998125320720, -118.0678919015113166, -4.030100042363629065 ) ) ;
#7277 = DIRECTION ( 'NONE',  ( -1.000000000000000000, 0.000000000000000000, -0.000000000000000000 ) ) ;
#7278 = FACE_OUTER_BOUND ( 'NONE', #5011, .T. ) ;
#7279 = VERTEX_POINT ( 'NONE', #6733 ) ;
#7280 = VECTOR ( 'NONE', #4769, 1000.000000000000000 ) ;
#7281 = DIRECTION ( 'NONE',  ( -1.000000000000000000, 0.000000000000000000, 0.000000000000000000 ) ) ;
#7282 = ADVANCED_FACE ( 'NONE', ( #2191 ), #4457, .T. ) ;
#7283 = FACE_OUTER_BOUND ( 'NONE', #604, .T. ) ;
#7284 = ORIENTED_EDGE ( 'NONE', *, *, #4025, .F. ) ;
#7285 = AXIS2_PLACEMENT_3D ( 'NONE', #1366, #357, #4505 ) ;
#7286 = DIRECTION ( 'NONE',  ( 1.000000000000000000, 0.000000000000000000, 0.000000000000000000 ) ) ;
#7287 = AXIS2_PLACEMENT_3D ( 'NONE', #290, #250, #2505 ) ;
#7288 = CARTESIAN_POINT ( 'NONE',  ( 66.88997487421325161, -147.3699994899999979, 4.499999999999999112 ) ) ;
#7289 = DIRECTION ( 'NONE',  ( -0.7071067811865545671, 8.659560562355019140E-17, 0.7071067811865405783 ) ) ;
#7290 = CARTESIAN_POINT ( 'NONE',  ( 115.7185529825662655, -147.4172137694627907, 4.701889773397688543 ) ) ;
#7291 = ADVANCED_FACE ( 'NONE', ( #2417 ), #4937, .T. ) ;
#7292 = AXIS2_PLACEMENT_3D ( 'NONE', #6880, #7485, #1697 ) ;
#7293 = ORIENTED_EDGE ( 'NONE', *, *, #7334, .F. ) ;
#7294 = ORIENTED_EDGE ( 'NONE', *, *, #4812, .T. ) ;
#7295 = AXIS2_PLACEMENT_3D ( 'NONE', #5632, #3240, #279 ) ;
#7296 = EDGE_CURVE ( 'NONE', #594, #2747, #3129, .T. ) ;
#7297 = DIRECTION ( 'NONE',  ( -0.000000000000000000, -0.000000000000000000, -1.000000000000000000 ) ) ;
#7298 = ADVANCED_FACE ( 'NONE', ( #2845 ), #2309, .T. ) ;
#7299 = AXIS2_PLACEMENT_3D ( 'NONE', #1593, #5380, #7345 ) ;
#7300 = ORIENTED_EDGE ( 'NONE', *, *, #5653, .F. ) ;
#7301 = DIRECTION ( 'NONE',  ( 1.000000000000000000, 0.000000000000000000, 0.000000000000000000 ) ) ;
#7302 = DIRECTION ( 'NONE',  ( 1.000000000000000000, 0.000000000000000000, 0.000000000000000000 ) ) ;
#7303 = CONICAL_SURFACE ( 'NONE', #770, 2.349999999999976996, 0.7853981633974581600 ) ;
#7304 = DIRECTION ( 'NONE',  ( 1.000000000000000000, -0.000000000000000000, 0.000000000000000000 ) ) ;
#7305 = ORIENTED_EDGE ( 'NONE', *, *, #1705, .F. ) ;
#7306 = ORIENTED_EDGE ( 'NONE', *, *, #787, .F. ) ;
#7307 = DIRECTION ( 'NONE',  ( -0.000000000000000000, -1.000000000000000000, 0.000000000000000000 ) ) ;
#7308 = VECTOR ( 'NONE', #7438, 1000.000000000000114 ) ;
#7309 = DIRECTION ( 'NONE',  ( 0.000000000000000000, -1.000000000000000000, 0.000000000000000000 ) ) ;
#7310 = VERTEX_POINT ( 'NONE', #5281 ) ;
#7311 = ORIENTED_EDGE ( 'NONE', *, *, #13, .T. ) ;
#7312 = CARTESIAN_POINT ( 'NONE',  ( 62.89999999999999858, -62.67999999999999972, 2.500000000000000444 ) ) ;
#7313 = TOROIDAL_SURFACE ( 'NONE', #540, 7.000000000000007105, 3.000000000000000000 ) ;
#7314 = FACE_OUTER_BOUND ( 'NONE', #7380, .T. ) ;
#7315 = CARTESIAN_POINT ( 'NONE',  ( 60.89999999999999858, -80.30499999999999261, 1.860000000000014309 ) ) ;
#7316 = DIRECTION ( 'NONE',  ( 0.000000000000000000, 0.000000000000000000, -1.000000000000000000 ) ) ;
#7317 = CARTESIAN_POINT ( 'NONE',  ( 125.7274963446078857, -120.9852311802522422, -3.389930888822243915 ) ) ;
#7318 = CARTESIAN_POINT ( 'NONE',  ( 136.7500000000000284, -98.62499974499999666, -7.000000000000000000 ) ) ;
#7319 = LINE ( 'NONE', #4353, #6199 ) ;
#7320 = ORIENTED_EDGE ( 'NONE', *, *, #5917, .T. ) ;
#7321 = DIRECTION ( 'NONE',  ( 0.000000000000000000, 0.000000000000000000, 1.000000000000000000 ) ) ;
#7322 = CARTESIAN_POINT ( 'NONE',  ( 62.90000000000001279, -153.0699994899999865, -7.000000000000000000 ) ) ;
#7323 = ORIENTED_EDGE ( 'NONE', *, *, #77, .F. ) ;
#7324 = ADVANCED_FACE ( 'NONE', ( #4579 ), #5821, .F. ) ;
#7325 = EDGE_CURVE ( 'NONE', #455, #3757, #1809, .T. ) ;
#7326 = FACE_OUTER_BOUND ( 'NONE', #6729, .T. ) ;
#7327 = FACE_OUTER_BOUND ( 'NONE', #194, .T. ) ;
#7328 = LINE ( 'NONE', #3840, #6705 ) ;
#7329 = CARTESIAN_POINT ( 'NONE',  ( 64.90000000000003411, -143.5699994899999865, 4.500000000000000888 ) ) ;
#7330 = ORIENTED_EDGE ( 'NONE', *, *, #222, .F. ) ;
#7331 = ORIENTED_EDGE ( 'NONE', *, *, #559, .F. ) ;
#7332 = CARTESIAN_POINT ( 'NONE',  ( 75.44999986500000944, -152.5699994899999865, 2.000000000000001776 ) ) ;
#7333 = CARTESIAN_POINT ( 'NONE',  ( 108.8258082103337046, -149.3699994899999979, -4.984962311319857342 ) ) ;
#7334 = EDGE_CURVE ( 'NONE', #6650, #5664, #3248, .T. ) ;
#7335 = ORIENTED_EDGE ( 'NONE', *, *, #4792, .F. ) ;
#7336 = ORIENTED_EDGE ( 'NONE', *, *, #5504, .F. ) ;
#7337 = DIRECTION ( 'NONE',  ( 0.000000000000000000, 0.000000000000000000, 1.000000000000000000 ) ) ;
#7338 = CARTESIAN_POINT ( 'NONE',  ( 63.34999999999998721, -74.57500000000000284, 0.000000000000000000 ) ) ;
#7339 = DIRECTION ( 'NONE',  ( -0.000000000000000000, -0.000000000000000000, 1.000000000000000000 ) ) ;
#7340 = ORIENTED_EDGE ( 'NONE', *, *, #1859, .T. ) ;
#7341 = ORIENTED_EDGE ( 'NONE', *, *, #3501, .F. ) ;
#7342 = LINE ( 'NONE', #6652, #1112 ) ;
#7343 = CARTESIAN_POINT ( 'NONE',  ( 115.1499998649999981, -142.6699994900000092, -2.000000000000000000 ) ) ;
#7344 = ORIENTED_EDGE ( 'NONE', *, *, #6406, .F. ) ;
#7345 = DIRECTION ( 'NONE',  ( 1.000000000000000000, 0.000000000000000000, 0.000000000000000000 ) ) ;
#7346 = ORIENTED_EDGE ( 'NONE', *, *, #1236, .T. ) ;
#7347 = DIRECTION ( 'NONE',  ( 1.000000000000000000, 8.068950408636815886E-17, 0.000000000000000000 ) ) ;
#7348 = CARTESIAN_POINT ( 'NONE',  ( 108.3499998649999867, -150.6699994899999808, 4.300000000000001599 ) ) ;
#7349 = LINE ( 'NONE', #2160, #6222 ) ;
#7350 = CARTESIAN_POINT ( 'NONE',  ( 108.3499998649999867, -150.6699994899999808, 2.000000000000001776 ) ) ;
#7351 = VERTEX_POINT ( 'NONE', #3517 ) ;
#7352 = EDGE_CURVE ( 'NONE', #4939, #5480, #470, .T. ) ;
#7353 = LINE ( 'NONE', #2814, #1632 ) ;
#7354 = CARTESIAN_POINT ( 'NONE',  ( 110.1499998649999981, -142.6699994900000092, -0.3500000000000152434 ) ) ;
#7355 = CARTESIAN_POINT ( 'NONE',  ( 62.90000000000001279, -141.5699994899999865, 6.500000000000000888 ) ) ;
#7356 = VERTEX_POINT ( 'NONE', #18 ) ;
#7357 = CARTESIAN_POINT ( 'NONE',  ( 62.89999999999999858, -58.67999999999999261, 13.50000000000000178 ) ) ;
#7358 = CARTESIAN_POINT ( 'NONE',  ( 46.89999999999991331, -113.6249997450000109, -4.000000000000000000 ) ) ;
#7359 = ORIENTED_EDGE ( 'NONE', *, *, #5250, .F. ) ;
#7360 = EDGE_CURVE ( 'NONE', #1909, #388, #4685, .T. ) ;
#7361 = CARTESIAN_POINT ( 'NONE',  ( 73.29999986499997533, -142.6699994900000092, 0.000000000000000000 ) ) ;
#7362 = CARTESIAN_POINT ( 'NONE',  ( 68.96225743692727406, -149.3699994899999979, 6.500000000000000888 ) ) ;
#7363 = CARTESIAN_POINT ( 'NONE',  ( 116.3461972491811167, -147.3913527698784662, 4.512838220027521885 ) ) ;
#7364 = EDGE_CURVE ( 'NONE', #4155, #5633, #6893, .T. ) ;
#7365 = FACE_OUTER_BOUND ( 'NONE', #6643, .T. ) ;
#7366 = AXIS2_PLACEMENT_3D ( 'NONE', #6942, #6865, #3457 ) ;
#7367 = ORIENTED_EDGE ( 'NONE', *, *, #6837, .F. ) ;
#7368 = ORIENTED_EDGE ( 'NONE', *, *, #5784, .F. ) ;
#7369 = AXIS2_PLACEMENT_3D ( 'NONE', #275, #1286, #844 ) ;
#7370 = DIRECTION ( 'NONE',  ( 0.000000000000000000, 0.000000000000000000, 1.000000000000000000 ) ) ;
#7371 = TOROIDAL_SURFACE ( 'NONE', #591, 4.000000000000000000, 2.000000000000000000 ) ;
#7372 = CARTESIAN_POINT ( 'NONE',  ( 124.1000000000000085, -86.12499974499991140, -6.500000000000000888 ) ) ;
#7373 = ORIENTED_EDGE ( 'NONE', *, *, #3576, .T. ) ;
#7374 = ORIENTED_EDGE ( 'NONE', *, *, #806, .T. ) ;
#7375 = DIRECTION ( 'NONE',  ( 1.000000000000000000, 0.000000000000000000, 0.000000000000000000 ) ) ;
#7376 = CARTESIAN_POINT ( 'NONE',  ( 60.89999999999999858, -66.68000000000000682, 4.500000000000000888 ) ) ;
#7377 = DIRECTION ( 'NONE',  ( 0.000000000000000000, 0.000000000000000000, -1.000000000000000000 ) ) ;
#7378 = EDGE_CURVE ( 'NONE', #2133, #5030, #6999, .T. ) ;
#7379 = ORIENTED_EDGE ( 'NONE', *, *, #3694, .F. ) ;
#7380 = EDGE_LOOP ( 'NONE', ( #1121, #7412, #2624, #3280 ) ) ;
#7381 = FACE_BOUND ( 'NONE', #4448, .T. ) ;
#7382 = FACE_OUTER_BOUND ( 'NONE', #2616, .T. ) ;
#7383 = VERTEX_POINT ( 'NONE', #6331 ) ;
#7384 = AXIS2_PLACEMENT_3D ( 'NONE', #5969, #2458, #3669 ) ;
#7385 = DIRECTION ( 'NONE',  ( -1.000000000000000000, 0.000000000000000000, 0.000000000000000000 ) ) ;
#7386 = EDGE_CURVE ( 'NONE', #6339, #1245, #3384, .T. ) ;
#7387 = VERTEX_POINT ( 'NONE', #4024 ) ;
#7388 = DIRECTION ( 'NONE',  ( 1.000000000000000000, 0.000000000000000000, 0.000000000000000000 ) ) ;
#7389 = PLANE ( 'NONE',  #6457 ) ;
#7390 = CARTESIAN_POINT ( 'NONE',  ( 120.5999999999999801, -149.5699994899999865, 12.50000000000000000 ) ) ;
#7391 = LINE ( 'NONE', #2201, #292 ) ;
#7392 = ADVANCED_FACE ( 'NONE', ( #2351 ), #3408, .T. ) ;
#7393 = VERTEX_POINT ( 'NONE', #593 ) ;
#7394 = CARTESIAN_POINT ( 'NONE',  ( 126.6671851993727813, -119.3796343481396889, -4.240166825979811094 ) ) ;
#7395 = CARTESIAN_POINT ( 'NONE',  ( 122.5999999999999801, -147.5699994899999865, 12.50000000000000000 ) ) ;
#7396 = ORIENTED_EDGE ( 'NONE', *, *, #4995, .T. ) ;
#7397 = EDGE_CURVE ( 'NONE', #611, #2272, #2897, .T. ) ;
#7398 = EDGE_LOOP ( 'NONE', ( #5926, #405, #4734, #7084 ) ) ;
#7399 = AXIS2_PLACEMENT_3D ( 'NONE', #3615, #3049, #1800 ) ;
#7400 = CYLINDRICAL_SURFACE ( 'NONE', #6446, 12.00000000000001066 ) ;
#7401 = VECTOR ( 'NONE', #6162, 1000.000000000000000 ) ;
#7402 = CYLINDRICAL_SURFACE ( 'NONE', #3635, 0.5000000000000004441 ) ;
#7403 = ORIENTED_EDGE ( 'NONE', *, *, #2103, .T. ) ;
#7404 = CIRCLE ( 'NONE', #736, 8.000000000000007105 ) ;
#7405 = CARTESIAN_POINT ( 'NONE',  ( 58.89999999999999858, -93.80499999999999261, 1.860000000000016085 ) ) ;
#7406 = CARTESIAN_POINT ( 'NONE',  ( 59.40000000000000568, -149.5699994899999865, -7.000000000000000000 ) ) ;
#7407 = DIRECTION ( 'NONE',  ( 0.7200000000000083000, -0.6939740629158902552, 0.000000000000000000 ) ) ;
#7408 = DIRECTION ( 'NONE',  ( 0.000000000000000000, 0.000000000000000000, -1.000000000000000000 ) ) ;
#7409 = ADVANCED_FACE ( 'NONE', ( #1249 ), #4154, .T. ) ;
#7410 = AXIS2_PLACEMENT_3D ( 'NONE', #1819, #4589, #6344 ) ;
#7411 = AXIS2_PLACEMENT_3D ( 'NONE', #2176, #427, #1005 ) ;
#7412 = ORIENTED_EDGE ( 'NONE', *, *, #222, .T. ) ;
#7413 = VERTEX_POINT ( 'NONE', #6472 ) ;
#7414 = ADVANCED_FACE ( 'NONE', ( #6396 ), #526, .F. ) ;
#7415 = DIRECTION ( 'NONE',  ( -6.938893903907222067E-15, -1.000000000000000000, 0.000000000000000000 ) ) ;
#7416 = ORIENTED_EDGE ( 'NONE', *, *, #2130, .F. ) ;
#7417 = ORIENTED_EDGE ( 'NONE', *, *, #754, .T. ) ;
#7418 = AXIS2_PLACEMENT_3D ( 'NONE', #262, #3190, #4895 ) ;
#7419 = DIRECTION ( 'NONE',  ( 0.000000000000000000, 0.000000000000000000, 1.000000000000000000 ) ) ;
#7420 = FACE_OUTER_BOUND ( 'NONE', #842, .T. ) ;
#7421 = CIRCLE ( 'NONE', #3174, 7.500000000000007105 ) ;
#7422 = DIRECTION ( 'NONE',  ( 0.000000000000000000, -1.000000000000000000, 0.000000000000000000 ) ) ;
#7423 = AXIS2_PLACEMENT_3D ( 'NONE', #3104, #6485, #5906 ) ;
#7424 = ORIENTED_EDGE ( 'NONE', *, *, #4654, .T. ) ;
#7425 = ORIENTED_EDGE ( 'NONE', *, *, #1216, .F. ) ;
#7426 = DIRECTION ( 'NONE',  ( 0.000000000000000000, 0.000000000000000000, 1.000000000000000000 ) ) ;
#7427 = CARTESIAN_POINT ( 'NONE',  ( 77.67731335827140526, -149.3699994899999979, -5.000000000000000000 ) ) ;
#7428 = VERTEX_POINT ( 'NONE', #3736 ) ;
#7429 = ADVANCED_FACE ( 'NONE', ( #1357 ), #5426, .F. ) ;
#7430 = CIRCLE ( 'NONE', #528, 7.000000000000006217 ) ;
#7431 = DIRECTION ( 'NONE',  ( 0.000000000000000000, 0.000000000000000000, 1.000000000000000000 ) ) ;
#7432 = DIRECTION ( 'NONE',  ( 0.000000000000000000, 0.000000000000000000, 1.000000000000000000 ) ) ;
#7433 = DIRECTION ( 'NONE',  ( 0.000000000000000000, -1.000000000000000000, 1.226860353075706564E-16 ) ) ;
#7434 = DIRECTION ( 'NONE',  ( -0.000000000000000000, 1.000000000000000000, -0.000000000000000000 ) ) ;
#7435 = DIRECTION ( 'NONE',  ( 3.194334880715847085E-16, -1.000000000000000000, 0.000000000000000000 ) ) ;
#7436 = ORIENTED_EDGE ( 'NONE', *, *, #4285, .F. ) ;
#7437 = CIRCLE ( 'NONE', #536, 3.000000000000000000 ) ;
#7438 = DIRECTION ( 'NONE',  ( 0.7071067811865545671, 0.000000000000000000, 0.7071067811865405783 ) ) ;
#7439 = DIRECTION ( 'NONE',  ( 1.000000000000000000, 0.000000000000000000, 0.000000000000000000 ) ) ;
#7440 = EDGE_LOOP ( 'NONE', ( #3715, #5051 ) ) ;
#7441 = ORIENTED_EDGE ( 'NONE', *, *, #3328, .T. ) ;
#7442 = DIRECTION ( 'NONE',  ( -0.000000000000000000, -0.000000000000000000, 1.000000000000000000 ) ) ;
#7443 = CARTESIAN_POINT ( 'NONE',  ( 68.90000000000000568, -64.68000000000000682, 12.50000000000000000 ) ) ;
#7444 = EDGE_CURVE ( 'NONE', #1164, #3374, #1322, .T. ) ;
#7445 = VECTOR ( 'NONE', #1351, 1000.000000000000000 ) ;
#7446 = ORIENTED_EDGE ( 'NONE', *, *, #2395, .F. ) ;
#7447 = AXIS2_PLACEMENT_3D ( 'NONE', #4483, #2787, #3435 ) ;
#7448 = LINE ( 'NONE', #2974, #4753 ) ;
#7449 = CYLINDRICAL_SURFACE ( 'NONE', #848, 3.000000000000002665 ) ;
#7450 = LINE ( 'NONE', #98, #4376 ) ;
#7451 = DIRECTION ( 'NONE',  ( 0.000000000000000000, 0.000000000000000000, 1.000000000000000000 ) ) ;
#7452 = VERTEX_POINT ( 'NONE', #6541 ) ;
#7453 = EDGE_LOOP ( 'NONE', ( #4195, #1882, #3978, #2967 ) ) ;
#7454 = EDGE_CURVE ( 'NONE', #230, #3095, #1440, .T. ) ;
#7455 = FACE_OUTER_BOUND ( 'NONE', #7085, .T. ) ;
#7456 = ORIENTED_EDGE ( 'NONE', *, *, #3235, .T. ) ;
#7457 = ORIENTED_EDGE ( 'NONE', *, *, #5784, .T. ) ;
#7458 = LINE ( 'NONE', #6763, #6904 ) ;
#7459 = CARTESIAN_POINT ( 'NONE',  ( 124.5999999999999943, -62.67999999999999972, 13.50000000000000178 ) ) ;
#7460 = VERTEX_POINT ( 'NONE', #1951 ) ;
#7462 = ORIENTED_EDGE ( 'NONE', *, *, #6220, .F. ) ;
#7461 = TOROIDAL_SURFACE ( 'NONE', #1886, 4.000000000000000000, 2.000000000000000000 ) ;
#7463 = DIRECTION ( 'NONE',  ( 0.000000000000000000, 0.000000000000000000, -1.000000000000000000 ) ) ;
#7464 = DIRECTION ( 'NONE',  ( 0.000000000000000000, -0.000000000000000000, -1.000000000000000000 ) ) ;
#7465 = VERTEX_POINT ( 'NONE', #3089 ) ;
#7466 = CARTESIAN_POINT ( 'NONE',  ( 105.8499998650000009, -152.7699994900000036, 13.50000000000000178 ) ) ;
#7467 = ADVANCED_FACE ( 'NONE', ( #4224 ), #702, .T. ) ;
#7468 = DIRECTION ( 'NONE',  ( 0.000000000000000000, -1.000000000000000000, 0.000000000000000000 ) ) ;
#7469 = CARTESIAN_POINT ( 'NONE',  ( 71.64999986499999807, -142.6699994900000092, 0.000000000000000000 ) ) ;
#7470 = CARTESIAN_POINT ( 'NONE',  ( 56.16556124960649754, -94.47823491631655202, -4.000000000000000000 ) ) ;
#7471 = DIRECTION ( 'NONE',  ( 0.000000000000000000, 1.000000000000000000, 0.000000000000000000 ) ) ;
#7472 = EDGE_CURVE ( 'NONE', #5278, #4875, #6000, .T. ) ;
#7473 = VERTEX_POINT ( 'NONE', #6611 ) ;
#7474 = CARTESIAN_POINT ( 'NONE',  ( 124.6000000000000085, -126.1249997450000251, -1.000000000000000000 ) ) ;
#7475 = CARTESIAN_POINT ( 'NONE',  ( 67.34999999999999432, -74.57500000000000284, -6.000000000000000000 ) ) ;
#7476 = ORIENTED_EDGE ( 'NONE', *, *, #806, .F. ) ;
#7477 = ORIENTED_EDGE ( 'NONE', *, *, #6686, .T. ) ;
#7478 = DIRECTION ( 'NONE',  ( 0.000000000000000000, -0.000000000000000000, -1.000000000000000000 ) ) ;
#7479 = DIRECTION ( 'NONE',  ( -0.000000000000000000, -0.000000000000000000, 1.000000000000000000 ) ) ;
#7480 = ORIENTED_EDGE ( 'NONE', *, *, #3481, .T. ) ;
#7481 = EDGE_CURVE ( 'NONE', #1990, #5155, #6024, .T. ) ;
#7482 = DIRECTION ( 'NONE',  ( 0.000000000000000000, -1.000000000000000000, 0.000000000000000000 ) ) ;
#7483 = CARTESIAN_POINT ( 'NONE',  ( 64.90000000000000568, -64.68000000000000682, 12.14999999999998082 ) ) ;
#7484 = EDGE_CURVE ( 'NONE', #1389, #1159, #5417, .T. ) ;
#7485 = DIRECTION ( 'NONE',  ( -0.000000000000000000, -0.000000000000000000, -1.000000000000000000 ) ) ;
#7486 = EDGE_CURVE ( 'NONE', #3374, #6036, #4107, .T. ) ;
#7487 = EDGE_CURVE ( 'NONE', #3678, #3476, #742, .T. ) ;
#7488 = ORIENTED_EDGE ( 'NONE', *, *, #7352, .F. ) ;
#7489 = CARTESIAN_POINT ( 'NONE',  ( 118.6000000000000654, -66.67999999999999261, 6.500000000000000888 ) ) ;
#7490 = ORIENTED_EDGE ( 'NONE', *, *, #2067, .T. ) ;
#7491 = DIRECTION ( 'NONE',  ( -0.000000000000000000, -0.000000000000000000, -1.000000000000000000 ) ) ;
#7492 = AXIS2_PLACEMENT_3D ( 'NONE', #6773, #3367, #4382 ) ;
#7493 = ORIENTED_EDGE ( 'NONE', *, *, #4508, .F. ) ;
#7494 = ORIENTED_EDGE ( 'NONE', *, *, #7364, .T. ) ;
#7495 = AXIS2_PLACEMENT_3D ( 'NONE', #249, #4882, #756 ) ;
#7496 = DIRECTION ( 'NONE',  ( -0.000000000000000000, -0.000000000000000000, -1.000000000000000000 ) ) ;
#7497 = DIRECTION ( 'NONE',  ( 0.000000000000000000, -0.000000000000000000, 1.000000000000000000 ) ) ;
#7498 = ORIENTED_EDGE ( 'NONE', *, *, #3617, .T. ) ;
#7499 = CARTESIAN_POINT ( 'NONE',  ( 82.89999986499999807, -148.5699994899999865, 9.460000009999999904 ) ) ;
#7500 = DIRECTION ( 'NONE',  ( 0.000000000000000000, -0.000000000000000000, -1.000000000000000000 ) ) ;
#7501 = VECTOR ( 'NONE', #3560, 1000.000000000000000 ) ;
#7502 = PRESENTATION_STYLE_ASSIGNMENT (( #1214 ) ) ;
#7503 = DIRECTION ( 'NONE',  ( 1.000000000000000000, 0.000000000000000000, 0.000000000000000000 ) ) ;
#7504 = DIRECTION ( 'NONE',  ( -1.000000000000000000, 0.000000000000000000, 0.000000000000000000 ) ) ;
#7505 = VERTEX_POINT ( 'NONE', #2455 ) ;
#7506 = EDGE_CURVE ( 'NONE', #4873, #1317, #7008, .T. ) ;
#7507 = VECTOR ( 'NONE', #6037, 1000.000000000000000 ) ;
#7508 = CARTESIAN_POINT ( 'NONE',  ( 136.7500000000000284, -114.1249997450000109, -4.000000000000000000 ) ) ;
#7509 = CARTESIAN_POINT ( 'NONE',  ( 55.53999999999999915, -94.45268849999078498, -4.500000000000000888 ) ) ;
#7510 = ORIENTED_EDGE ( 'NONE', *, *, #4178, .F. ) ;
#7511 = ADVANCED_FACE ( 'NONE', ( #5967 ), #3017, .F. ) ;
#7512 = AXIS2_PLACEMENT_3D ( 'NONE', #4478, #2777, #6791 ) ;
#7513 = ORIENTED_EDGE ( 'NONE', *, *, #4913, .F. ) ;
#7514 = CARTESIAN_POINT ( 'NONE',  ( 68.90000000000000568, -62.67999999999999972, 12.50000000000000000 ) ) ;
#7515 = AXIS2_PLACEMENT_3D ( 'NONE', #5757, #1677, #2193 ) ;
#7516 = AXIS2_PLACEMENT_3D ( 'NONE', #1044, #5081, #3349 ) ;
#7517 = CARTESIAN_POINT ( 'NONE',  ( 70.76773807304152797, -149.3699994899999979, 5.459632118522496746 ) ) ;
#7518 = ORIENTED_EDGE ( 'NONE', *, *, #3356, .F. ) ;
#7519 = CARTESIAN_POINT ( 'NONE',  ( 127.5999999999999943, -94.79967553144872738, -4.500000000000000888 ) ) ;
#7520 = DIRECTION ( 'NONE',  ( 1.000000000000000000, 1.597167440357923543E-16, -0.000000000000000000 ) ) ;
ENDSEC;
END-ISO-10303-21;
